SEQN,WTSBAPRP,LBXPFDE,LBDPFDEL,LBXPFHS,LBDPFHSL,LBXMPAH,LBDMPAHL,LBXPFNA,LBDPFNAL,LBXPFUA,LBDPFUAL,LBXNFOA,LBDNFOAL,LBXBFOA,LBDBFOAL,LBXNFOS,LBDNFOSL,LBXMFOS,LBDMFOSL
109266,30126.83704,0.07,1,0.7,0,0.07,1,0.8,0,0.07,1,0.9,0,0.07,1,1.1,0,0.5,0
109271,23343.201,0.5,0,2.3,0,0.07,1,0.6,0,0.3,0,4.1,0,0.07,1,7.9,0,2,0
109277,54853.28967,0.07,1,0.4,0,0.1,0,0.2,0,0.07,1,0.7,0,0.1,0,0.8,0,0.4,0
109282,103069.3964,0.1,0,0.8,0,0.2,0,0.5,0,0.07,1,1,0,0.07,1,2.5,0,1.2,0
109285,0,,,,,,,,,,,,,,,,,,
109290,15196.04465,0.3,0,1,0,0.07,1,0.8,0,0.3,0,1.7,0,0.07,1,3.5,0,2.5,0
109313,329467.2767,0.07,1,2.7,0,0.07,1,0.2,0,0.07,1,1.9,0,0.07,1,2.3,0,1.4,0
109316,23900.95953,0.5,0,2.1,0,0.5,0,1.2,0,0.3,0,2,0,0.07,1,17.4,0,5.3,0
109321,17090.61105,0.1,0,0.3,0,0.07,1,1.1,0,0.1,0,0.5,0,0.07,1,1.2,0,0.3,0
109324,32433.53338,0.8,0,0.8,0,0.1,0,1.3,0,0.3,0,1.7,0,0.07,1,13.4,0,2.1,0
109326,272555.3735,0.1,0,0.6,0,0.07,1,0.3,0,0.07,1,1.9,0,0.07,1,1.7,0,0.4,0
109336,101306.336,0.1,0,0.9,0,0.07,1,0.3,0,0.07,1,1.2,0,0.2,0,1.1,0,0.8,0
109346,0,,,,,,,,,,,,,,,,,,
109348,121918.5977,0.4,0,1.4,0,0.07,1,1.3,0,0.5,0,2.6,0,0.07,1,6.2,0,2.1,0
109358,0,,,,,,,,,,,,,,,,,,
109360,78486.32253,0.2,0,0.7,0,0.1,0,0.1,0,0.1,0,1.4,0,0.07,1,1.4,0,0.3,0
109361,33541.20761,0.2,0,0.9,0,0.2,0,0.3,0,0.1,0,1,0,0.07,1,2.3,0,0.6,0
109377,111644.4773,0.07,1,0.5,0,0.07,1,0.2,0,0.07,1,0.6,0,0.07,1,1,0,0.8,0
109382,30521.64956,0.2,0,1,0,0.07,1,0.3,0,0.1,0,0.7,0,0.07,1,2.2,0,1.4,0
109384,129148.2001,0.1,0,0.4,0,0.07,1,0.5,0,0.07,1,0.7,0,0.07,1,1.6,0,0.5,0
109387,107401.3896,0.3,0,0.4,0,0.2,0,0.3,0,0.2,0,0.6,0,0.07,1,3.5,0,0.4,0
109389,47003.17888,0.5,0,3.6,0,0.1,0,0.9,0,0.2,0,5.4,0,0.07,1,4.6,0,1.2,0
109390,24894.39219,0.8,0,0.6,0,0.1,0,0.9,0,0.2,0,2.1,0,0.07,1,6.7,0,1.2,0
109393,19045.30005,0.2,0,1.9,0,0.1,0,0.5,0,0.1,0,1.9,0,0.07,1,4.8,0,1.5,0
109396,47984.46199,0.3,0,0.5,0,0.07,1,0.4,0,0.3,0,0.8,0,0.1,0,3.7,0,0.5,0
109398,17434.61369,0.3,0,0.5,0,0.2,0,0.2,0,0.3,0,0.9,0,0.07,1,3.4,0,0.8,0
109403,86728.5885,0.2,0,1.6,0,0.07,1,1.5,0,0.1,0,1.4,0,0.07,1,2.6,0,1,0
109404,208350.7235,0.1,0,1.1,0,0.1,0,0.2,0,0.07,1,0.7,0,0.07,1,1.3,0,0.5,0
109405,123228.3169,0.2,0,0.2,0,0.1,0,0.2,0,0.2,0,0.6,0,0.07,1,1.4,0,0.4,0
109411,83954.0055,0.2,0,0.2,0,0.1,0,0.2,0,0.2,0,0.6,0,0.07,1,2.2,0,0.4,0
109413,36953.88862,0.6,0,1.1,0,0.5,0,1.3,0,0.4,0,1.6,0,0.07,1,5.5,0,1.3,0
109416,80131.15243,0.2,0,1.7,0,0.1,0,0.4,0,0.1,0,1.9,0,0.07,1,5.9,0,2.2,0
109417,72873.40836,0.07,1,0.8,0,0.07,1,0.1,0,0.07,1,0.8,0,0.07,1,1.7,0,0.6,0
109428,59226.48001,0.1,0,2.3,0,0.3,0,0.5,0,0.1,0,1,0,0.07,1,4.1,0,1.8,0
109432,27220.07742,0.2,0,0.6,0,0.07,1,0.4,0,0.2,0,0.9,0,0.07,1,4.8,0,0.9,0
109435,48982.8366,0.2,0,1.1,0,1.2,0,0.6,0,0.07,1,1.6,0,0.07,1,3.8,0,1.7,0
109439,46061.43601,0.07,1,0.6,0,0.07,1,0.2,0,0.07,1,1,0,0.07,1,0.7,0,0.5,0
109441,289000.0568,0.2,0,1,0,0.07,1,0.3,0,0.1,0,0.8,0,0.07,1,3.4,0,0.8,0
109444,60704.24855,0.1,0,3.5,0,0.3,0,0.4,0,0.07,1,1.8,0,0.07,1,2.4,0,1.1,0
109446,81735.31497,0.2,0,0.7,0,0.2,0,0.3,0,0.1,0,0.8,0,0.07,1,2.6,0,0.7,0
109449,73217.07382,0.1,0,0.4,0,0.07,1,0.1,0,0.07,1,0.9,0,0.07,1,1.4,0,0.3,0
109464,52965.22246,6.7,0,2.9,0,0.3,0,2.2,0,2.1,0,4.4,0,0.07,1,55.7,0,8.1,0
109479,60081.2451,0.1,0,1.4,0,0.7,0,0.4,0,0.07,1,1.4,0,0.1,0,1.6,0,1.1,0
109488,20141.61543,0.07,1,0.07,1,0.07,1,0.07,1,0.07,1,0.1,0,0.07,1,0.07,1,0.07,1
109490,0,,,,,,,,,,,,,,,,,,
109496,520344.7241,0.2,0,0.8,0,0.07,1,0.5,0,0.1,0,1.5,0,0.07,1,3.5,0,1.8,0
109499,232580.0152,0.1,0,0.3,0,0.07,1,1.3,0,0.1,0,0.9,0,0.07,1,0.7,0,0.3,0
109511,25429.77011,0.2,0,0.8,0,0.07,1,0.4,0,0.2,0,1.2,0,0.07,1,1.7,0,0.5,0
109512,86057.56037,0.1,0,1.9,0,0.07,1,0.3,0,0.07,1,1.2,0,0.07,1,2.9,0,1.3,0
109513,114072.4162,0.07,1,0.1,0,0.07,1,0.2,0,0.07,1,0.5,0,0.07,1,1,0,0.4,0
109514,0,,,,,,,,,,,,,,,,,,
109519,21278.29375,0.2,0,0.8,0,0.1,0,1.7,0,0.07,1,1.2,0,0.07,1,5,0,2.2,0
109520,33919.6882,0.5,0,2.9,0,0.1,0,1.3,0,0.3,0,2.4,0,0.07,1,13.4,0,8.2,0
109524,51716.01735,0.2,0,0.2,0,0.07,1,0.3,0,0.1,0,0.6,0,0.2,0,2.6,0,0.4,0
109531,59073.17533,0.3,0,1.3,0,0.2,0,0.6,0,0.2,0,2.7,0,0.07,1,4.3,0,3,0
109534,0,,,,,,,,,,,,,,,,,,
109536,266266.599,0.4,0,1.2,0,0.07,1,0.8,0,0.07,1,3.5,0,0.07,1,2.7,0,1.3,0
109541,13113.02092,1.4,0,0.7,0,0.07,1,0.5,0,0.5,0,0.9,0,0.07,1,22,0,2.2,0
109544,138370.0597,0.1,0,0.6,0,0.9,0,0.4,0,0.1,0,0.7,0,0.07,1,2,0,1,0
109548,79390.97213,0.07,1,0.3,0,0.07,1,0.1,0,0.07,1,0.6,0,0.07,1,1.2,0,0.4,0
109554,126363.3692,0.2,0,7.5,0,0.1,0,0.6,0,0.07,1,1.6,0,0.07,1,8.7,0,1.7,0
109564,76259.35315,0.2,0,15,0,0.2,0,0.6,0,0.1,0,1.9,0,0.07,1,7.7,0,1.8,0
109570,148028.3016,0.1,0,1.1,0,0.2,0,0.07,1,0.1,0,0.4,0,0.07,1,0.9,0,0.7,0
109571,20508.18688,0.07,1,0.07,1,0.07,1,0.3,0,0.07,1,0.1,0,0.07,1,0.1,0,0.07,1
109577,32105.31434,0.1,0,0.6,0,0.07,1,0.2,0,0.1,0,0.7,0,0.07,1,1.4,0,0.7,0
109579,55149.99245,0.1,0,1.4,0,0.2,0,0.3,0,0.07,1,1.3,0,0.07,1,3.2,0,1.8,0
109580,74841.44427,0.1,0,0.2,0,0.2,0,0.2,0,0.1,0,0.6,0,0.07,1,3.7,0,0.4,0
109581,73948.92186,0.2,0,1.8,0,0.5,0,0.5,0,0.1,0,1.1,0,0.07,1,10,0,2,0
109589,42499.26139,0.2,0,0.4,0,0.2,0,0.3,0,0.1,0,0.7,0,0.07,1,1.6,0,0.6,0
109592,30585.01723,0.2,0,0.6,0,0.07,1,0.3,0,0.1,0,1.5,0,0.07,1,1.3,0,0.7,0
109598,98796.57376,0.07,1,1.5,0,0.07,1,0.6,0,0.07,1,0.3,0,0.07,1,1.2,0,0.3,0
109606,38979.06228,0.5,0,1.5,0,0.07,1,0.6,0,0.2,0,2,0,0.07,1,4,0,1.4,0
109607,23250.80974,0.2,0,2.2,0,0.1,0,0.4,0,0.4,0,1.2,0,0.07,1,4.2,0,2,0
109608,175712.839,1,0,0.5,0,0.8,0,2.5,0,0.5,0,5,0,0.07,1,5.9,0,1.7,0
109613,0,,,,,,,,,,,,,,,,,,
109617,29964.87165,0.3,0,2.7,0,0.4,0,1,0,0.07,1,1.5,0,0.07,1,8.9,0,3.3,0
109626,24393.91625,0.2,0,1.1,0,0.07,1,1.4,0,0.1,0,0.9,0,0.07,1,2.9,0,1.6,0
109628,36681.20402,0.07,1,0.4,0,0.07,1,0.2,0,0.07,1,0.9,0,0.07,1,1.2,0,0.4,0
109634,39560.18654,0.2,0,0.8,0,0.07,1,0.2,0,0.2,0,0.6,0,0.07,1,2.6,0,0.9,0
109639,77838.25272,0.2,0,0.5,0,0.07,1,0.4,0,0.2,0,0.8,0,0.07,1,2.3,0,0.8,0
109640,46059.24637,0.2,0,1.1,0,0.07,1,0.4,0,0.1,0,1.7,0,0.07,1,2.1,0,1.1,0
109654,38145.15973,0.2,0,1.5,0,0.1,0,1.9,0,0.1,0,1.4,0,0.07,1,1.4,0,0.7,0
109661,0,,,,,,,,,,,,,,,,,,
109664,46081.60425,0.1,0,1.2,0,0.2,0,0.2,0,0.1,0,1.5,0,0.07,1,2.5,0,1.1,0
109666,39256.86455,0.2,0,0.6,0,0.4,0,0.5,0,0.2,0,0.5,0,0.07,1,4.8,0,1.3,0
109669,68110.7573,0.2,0,1.1,0,0.07,1,0.2,0,0.2,0,1,0,0.07,1,9,0,1.2,0
109677,60609.09903,0.1,0,0.6,0,0.1,0,0.3,0,0.07,1,0.7,0,0.07,1,1.6,0,1.3,0
109678,147561.0088,0.2,0,0.6,0,0.07,1,0.6,0,0.1,0,1.5,0,0.07,1,1.9,0,0.8,0
109682,84955.63809,0.07,1,0.4,0,0.07,1,0.07,1,0.07,1,0.6,0,0.07,1,1.1,0,0.4,0
109685,60222.71522,0.07,1,0.8,0,0.1,0,0.1,0,0.07,1,0.5,0,0.07,1,1,0,0.6,0
109687,18508.8741,0.2,0,0.1,0,0.07,1,0.2,0,0.2,0,0.3,0,0.07,1,0.8,0,0.2,0
109693,72265.04933,0.1,0,0.5,0,0.1,0,0.07,1,0.07,1,0.2,0,0.07,1,1.6,0,0.5,0
109709,43874.46788,0.3,0,1.4,0,0.1,0,0.6,0,0.3,0,1.8,0,0.07,1,4.5,0,2,0
109714,71180.30065,0.1,0,0.7,0,0.07,1,0.4,0,0.07,1,0.7,0,0.07,1,1.3,0,1.1,0
109721,30332.35054,0.07,1,1.9,0,0.1,0,0.3,0,0.07,1,1.5,0,0.07,1,1.6,0,1.2,0
109728,48253.56073,0.2,0,1.2,0,0.1,0,0.4,0,0.07,1,1.4,0,0.07,1,1.9,0,1.2,0
109729,66183.17579,0.3,0,1,0,0.2,0,0.4,0,0.2,0,1,0,0.07,1,2.5,0,0.6,0
109735,24884.32638,0.6,0,1.8,0,0.1,0,1.3,0,0.6,0,3.7,0,0.07,1,5.9,0,2,0
109739,25887.34334,0.1,0,0.6,0,0.07,1,0.4,0,0.1,0,0.5,0,0.07,1,1.7,0,1,0
109758,39821.10888,0.07,1,0.2,0,0.07,1,0.1,0,0.07,1,0.4,0,0.07,1,0.2,0,0.07,1
109764,52405.73021,0.4,0,2.7,0,0.07,1,1.4,0,0.3,0,2.8,0,0.07,1,5.5,0,3.1,0
109782,445146.6414,0.2,0,0.7,0,0.1,0,0.9,0,0.2,0,1.7,0,0.07,1,1.7,0,0.7,0
109783,21966.19385,0.1,0,2.5,0,0.2,0,0.4,0,0.1,0,1.6,0,0.07,1,2.9,0,1.9,0
109785,29601.8236,0.07,1,0.07,1,0.07,1,0.07,1,0.1,0,0.07,1,0.1,0,0.2,0,0.07,1
109791,45423.13247,0.1,0,1,0,0.1,0,0.3,0,0.07,1,1.7,0,0.07,1,2.5,0,1.4,0
109793,55451.01664,0.2,0,4.8,0,0.07,1,1.3,0,0.07,1,2.9,0,0.07,1,9.5,0,6.2,0
109822,48727.93709,0.1,0,0.6,0,0.07,1,0.2,0,0.1,0,0.7,0,0.2,0,1.7,0,0.4,0
109843,175153.6222,0.1,0,0.4,0,0.2,0,0.2,0,0.1,0,0.4,0,0.1,0,0.7,0,0.3,0
109845,263461.7498,0.2,0,2.3,0,0.2,0,0.6,0,0.07,1,2.3,0,0.07,1,4.1,0,2.3,0
109850,62021.546,0.3,0,0.6,0,0.07,1,0.6,0,0.3,0,1.1,0,0.07,1,1.7,0,0.7,0
109860,82850.17892,0.5,0,0.8,0,0.1,0,0.8,0,0.6,0,1.3,0,0.07,1,3,0,0.6,0
109862,28993.44572,0.3,0,1.1,0,0.1,0,0.3,0,0.2,0,1.5,0,0.07,1,2.8,0,0.8,0
109865,16211.29795,0.07,1,0.3,0,0.07,1,0.2,0,0.07,1,0.7,0,0.07,1,1,0,0.3,0
109867,158403.1495,0.2,0,1.9,0,0.07,1,0.4,0,0.1,0,1.6,0,0.07,1,2.2,0,1.4,0
109872,0,,,,,,,,,,,,,,,,,,
109884,126891.0383,0.4,0,0.6,0,0.07,1,0.8,0,0.2,0,2.6,0,0.07,1,1.9,0,0.5,0
109891,63405.76231,0.2,0,1.8,0,0.07,1,0.07,1,0.1,0,1.2,0,0.07,1,1.4,0,0.6,0
109893,43279.656,0.07,1,2.4,0,0.07,1,0.3,0,0.07,1,1.1,0,0.07,1,1.6,0,0.6,0
109894,65986.80228,0.1,0,0.9,0,0.1,0,0.6,0,0.07,1,1.3,0,0.07,1,2.7,0,1.2,0
109902,31135.41171,0.2,0,0.9,0,0.07,1,0.7,0,0.07,1,1.2,0,0.07,1,3,0,1.8,0
109903,35411.2845,0.1,0,0.5,0,0.4,0,1.2,0,0.07,1,0.3,0,0.07,1,1.2,0,0.8,0
109910,30607.50821,0.1,0,0.8,0,0.07,1,0.6,0,0.07,1,1,0,0.07,1,1.3,0,0.6,0
109913,58949.53883,0.07,1,0.8,0,0.07,1,0.5,0,0.07,1,0.5,0,0.07,1,1.6,0,0.9,0
109916,47688.19781,0.2,0,1.3,0,0.07,1,0.4,0,0.2,0,1,0,0.07,1,4.7,0,1.3,0
109919,50184.56921,0.2,0,0.4,0,0.1,0,0.2,0,0.1,0,0.6,0,0.1,0,1.5,0,0.5,0
109929,85965.59706,0.1,0,1.1,0,0.1,0,0.2,0,0.1,0,0.6,0,0.07,1,2.2,0,0.6,0
109930,45107.93496,0.07,1,2.3,0,0.07,1,0.9,0,0.1,0,1.2,0,0.07,1,2.2,0,1.5,0
109932,241380.407,0.2,0,1.8,0,0.1,0,0.8,0,0.1,0,1.9,0,0.07,1,6.1,0,2.6,0
109934,30948.33077,0.2,0,0.3,0,0.3,0,0.3,0,0.1,0,0.2,0,0.2,0,1.6,0,0.7,0
109942,127567.3272,0.1,0,2.7,0,0.2,0,0.4,0,0.07,1,1.4,0,0.07,1,6.9,0,2.6,0
109944,92436.31622,0.07,1,0.8,0,0.07,1,0.1,0,0.07,1,0.8,0,0.07,1,1.8,0,0.8,0
109962,91622.449,0.7,0,6,0,1.2,0,1.3,0,0.2,0,4.8,0,0.07,1,12,0,5.2,0
109963,54787.50937,0.3,0,0.3,0,0.1,0,0.3,0,0.3,0,0.4,0,0.07,1,4.6,0,0.4,0
109966,0,,,,,,,,,,,,,,,,,,
109969,91570.06754,0.07,1,0.07,1,0.07,1,0.07,1,0.07,1,0.07,1,0.07,1,0.07,1,0.1,0
109977,66133.66729,1,0,0.7,0,0.07,1,1.8,0,0.8,0,1.5,0,0.07,1,10.6,0,1,0
109978,77146.89232,0.3,0,0.8,0,0.5,0,0.6,0,0.3,0,1.5,0,0.07,1,3.4,0,1.8,0
109991,635471.2682,0.2,0,1.2,0,0.07,1,0.3,0,0.1,0,1.1,0,0.07,1,3.2,0,1.3,0
109997,85769.33185,0.07,1,0.5,0,0.07,1,0.1,0,0.07,1,0.6,0,0.07,1,1.1,0,0.4,0
110002,28265.77974,0.1,0,0.4,0,0.1,0,0.7,0,0.1,0,1.1,0,0.07,1,2.1,0,1.1,0
110018,251862.6622,0.2,0,3.7,0,0.1,0,0.5,0,0.1,0,0.9,0,0.07,1,4.6,0,1.3,0
110022,67029.70929,0.4,0,1.3,0,0.1,0,0.8,0,0.2,0,2.1,0,0.07,1,3.4,0,0.5,0
110028,44218.77889,0.2,0,0.3,0,0.07,1,0.5,0,0.3,0,1.1,0,0.07,1,1.4,0,0.3,0
110036,0,,,,,,,,,,,,,,,,,,
110038,34308.81569,0.2,0,0.9,0,0.07,1,0.9,0,0.3,0,1.7,0,0.07,1,3.1,0,0.4,0
110040,332335.6127,0.1,0,1.9,0,0.07,1,0.07,1,0.1,0,1.1,0,0.07,1,1.5,0,1,0
110045,144342.4338,0.2,0,0.6,0,0.1,0,0.4,0,0.07,1,1.4,0,0.2,0,1.3,0,0.7,0
110049,104396.2936,0.1,0,1.3,0,0.07,1,0.5,0,0.07,1,0.7,0,0.07,1,1.3,0,0.4,0
110052,153944.4347,0.5,0,1.5,0,0.07,1,1.2,0,0.3,0,1.7,0,0.07,1,5.9,0,1.4,0
110056,135106.2659,0.2,0,0.6,0,0.4,0,1.1,0,0.1,0,1.9,0,0.07,1,2.6,0,0.8,0
110059,311780.5115,0.3,0,2.5,0,0.07,1,0.7,0,0.2,0,2.1,0,0.07,1,4.8,0,1.9,0
110061,0,,,,,,,,,,,,,,,,,,
110062,64840.01805,0.3,0,0.3,0,0.07,1,0.4,0,0.2,0,0.5,0,0.07,1,5.5,0,0.6,0
110063,17090.61105,0.07,1,0.3,0,0.07,1,0.6,0,0.07,1,0.4,0,0.07,1,1.3,0,0.3,0
110064,457174.4666,0.4,0,1.4,0,0.5,0,1,0,0.3,0,1.9,0,0.07,1,9.2,0,4.4,0
110067,81551.00904,0.2,0,1.3,0,0.1,0,0.3,0,0.07,1,0.9,0,0.07,1,2.6,0,1.4,0
110068,505048.4342,0.2,0,2.1,0,0.1,0,0.6,0,0.2,0,1.9,0,0.07,1,6.2,0,2.9,0
110070,61260.90239,0.07,1,0.7,0,0.1,0,0.5,0,0.07,1,0.3,0,0.2,0,1.1,0,0.6,0
110074,133382.6167,0.2,0,1.1,0,0.07,1,0.3,0,0.1,0,0.8,0,0.07,1,4.7,0,2.8,0
110079,24632.69469,0.1,0,1,0,0.07,1,0.7,0,0.07,1,0.7,0,0.07,1,3.5,0,2.1,0
110081,0,,,,,,,,,,,,,,,,,,
110082,73981.3512,0.07,1,0.5,0,0.07,1,0.07,1,0.07,1,0.3,0,0.07,1,0.2,0,0.2,0
110087,30820.9421,0.1,0,1.4,0,0.3,0,3.8,0,0.07,1,0.8,0,0.07,1,2.7,0,2,0
110088,155612.0411,0.2,0,1,0,0.07,1,0.3,0,0.1,0,1.3,0,0.07,1,2.6,0,1.2,0
110090,107467.2033,0.1,0,1.7,0,0.07,1,0.3,0,0.2,0,0.4,0,0.07,1,5.7,0,2.9,0
110093,69900.30331,0.2,0,0.6,0,0.2,0,0.2,0,0.2,0,0.5,0,0.07,1,2.5,0,0.4,0
110095,23192.84588,0.07,1,1.1,0,0.07,1,0.2,0,0.07,1,1.3,0,0.07,1,1.2,0,0.5,0
110096,0,,,,,,,,,,,,,,,,,,
110105,58358.93722,0.4,0,0.8,0,0.07,1,0.6,0,0.1,0,1.4,0,0.07,1,1.7,0,0.6,0
110107,88555.67255,0.3,0,2.1,0,0.1,0,1.3,0,0.2,0,1.1,0,0.07,1,6.7,0,2,0
110112,71459.66774,0.1,0,0.2,0,0.07,1,0.2,0,0.07,1,0.4,0,0.07,1,0.9,0,0.3,0
110116,131556.0203,0.07,1,0.4,0,0.07,1,0.1,0,0.07,1,0.8,0,0.07,1,0.8,0,0.3,0
110118,354936.2276,0.2,0,1.8,0,0.5,0,0.5,0,0.1,0,1.6,0,0.07,1,4,0,1.5,0
110128,68872.14431,0.2,0,4.9,0,0.5,0,0.9,0,0.07,1,3,0,0.07,1,6.5,0,3.9,0
110129,28049.18141,0.3,0,3.5,0,0.4,0,1.2,0,0.3,0,0.9,0,0.07,1,3.7,0,1.5,0
110130,159471.9479,0.1,0,0.6,0,0.07,1,0.3,0,0.07,1,0.7,0,0.07,1,1.7,0,0.6,0
110148,200842.4236,0.1,0,0.7,0,0.1,0,0.2,0,0.07,1,0.9,0,0.07,1,1.6,0,0.8,0
110151,20260.67255,0.6,0,28.7,0,0.4,0,1.8,0,1.1,0,6.3,0,0.07,1,22.2,0,5.1,0
110160,52531.5881,0.07,1,0.4,0,0.07,1,0.1,0,0.07,1,0.7,0,0.07,1,0.8,0,0.4,0
110165,34728.07106,0.07,1,1,0,0.07,1,0.3,0,0.07,1,1.1,0,0.07,1,0.7,0,0.6,0
110167,15441.59677,0.1,0,0.7,0,0.07,1,0.4,0,0.07,1,0.5,0,0.07,1,1.8,0,0.6,0
110172,84904.49746,0.07,1,0.4,0,0.07,1,0.5,0,0.07,1,0.5,0,0.07,1,0.5,0,0.2,0
110174,63438.00911,0.2,0,3.6,0,0.2,0,0.7,0,0.1,0,2.3,0,0.07,1,4,0,1,0
110182,178074.7759,0.07,1,0.8,0,0.07,1,0.4,0,0.07,1,1.7,0,0.07,1,1.8,0,1.1,0
110184,31529.02503,0.07,1,0.5,0,0.07,1,1.7,0,0.07,1,0.6,0,0.07,1,0.6,0,0.4,0
110186,43296.01292,0.1,0,0.3,0,0.07,1,0.07,1,0.07,1,0.3,0,0.07,1,1.1,0,0.2,0
110196,29626.01315,0.2,0,1.8,0,0.1,0,1.2,0,0.1,0,3.3,0,0.07,1,3.9,0,3,0
110201,0,,,,,,,,,,,,,,,,,,
110211,88508.35739,0.5,0,0.5,0,0.3,0,0.5,0,0.3,0,0.7,0,0.1,0,5.2,0,1.1,0
110213,193341.907,0.2,0,0.7,0,0.07,1,0.3,0,0.07,1,1.6,0,0.07,1,3,0,1.2,0
110221,51505.95984,0.3,0,4,0,0.3,0,0.7,0,0.2,0,2.7,0,0.07,1,12.7,0,6,0
110222,0,,,,,,,,,,,,,,,,,,
110223,165086.8525,0.2,0,1.2,0,0.1,0,1.4,0,0.2,0,1.2,0,0.07,1,3.5,0,2,0
110232,0,,,,,,,,,,,,,,,,,,
110234,88997.43569,0.6,0,0.5,0,0.07,1,1.6,0,0.3,0,1,0,0.07,1,5.1,0,1,0
110235,59323.55084,0.1,0,1.2,0,0.1,0,0.3,0,0.1,0,1.6,0,0.07,1,2.9,0,1.6,0
110236,57356.28578,1.1,0,21.4,0,0.07,1,1.7,0,1.4,0,9.8,0,0.07,1,19.9,0,3.2,0
110237,73944.09479,0.1,0,0.3,0,0.07,1,0.2,0,0.07,1,0.5,0,0.07,1,1.5,0,0.4,0
110241,0,,,,,,,,,,,,,,,,,,
110242,18207.38257,0.1,0,2.6,0,0.5,0,0.4,0,0.2,0,1.4,0,0.07,1,5.1,0,2.1,0
110243,112873.6223,0.7,0,0.7,0,0.3,0,0.9,0,0.5,0,0.7,0,0.07,1,8.9,0,0.7,0
110247,73672.17139,0.2,0,0.4,0,0.07,1,0.4,0,0.07,1,0.8,0,0.07,1,1.1,0,0.4,0
110258,25006.83423,0.3,0,0.8,0,0.2,0,0.5,0,0.2,0,0.9,0,0.1,0,4.4,0,1.1,0
110266,45527.66697,0.2,0,0.4,0,0.07,1,0.6,0,0.1,0,0.5,0,0.07,1,2.1,0,0.5,0
110267,220849.2338,0.1,0,0.6,0,0.1,0,0.4,0,0.07,1,0.6,0,0.1,0,1.1,0,0.4,0
110274,0,,,,,,,,,,,,,,,,,,
110276,266319.4017,0.2,0,9.2,0,0.1,0,0.4,0,0.2,0,2.7,0,0.07,1,4.8,0,3.1,0
110279,41831.93605,0.07,1,0.7,0,0.07,1,0.2,0,0.07,1,1.2,0,0.07,1,1.4,0,1.5,0
110284,57618.98902,0.2,0,0.5,0,0.1,0,0.4,0,0.3,0,1.2,0,0.07,1,1.4,0,0.5,0
110294,0,,,,,,,,,,,,,,,,,,
110305,55948.53082,0.1,0,0.9,0,0.07,1,0.4,0,0.07,1,1.2,0,0.07,1,1.1,0,0.5,0
110306,26164.41635,0.3,0,0.5,0,0.07,1,2.3,0,0.3,0,0.6,0,0.07,1,1.8,0,0.6,0
110307,72101.93511,0.2,0,6.2,0,0.3,0,0.3,0,0.07,1,0.9,0,0.07,1,5.9,0,2.6,0
110309,52757.9151,0.07,1,1.9,0,0.07,1,0.3,0,0.07,1,1.2,0,0.07,1,1.2,0,0.8,0
110310,106901.2372,0.07,1,2.1,0,0.07,1,0.8,0,0.07,1,1,0,0.07,1,3.4,0,1.9,0
110311,245039.2063,0.2,0,3.1,0,0.2,0,0.3,0,0.1,0,1.3,0,0.07,1,3.7,0,2,0
110312,121232.9644,0.1,0,0.3,0,0.07,1,0.2,0,0.07,1,0.6,0,0.07,1,1.3,0,0.4,0
110322,37757.48107,0.2,0,1.5,0,0.4,0,0.9,0,0.1,0,3.7,0,0.1,0,2.2,0,1.5,0
110328,232878.0671,0.4,0,1.1,0,0.5,0,0.6,0,0.2,0,2.4,0,0.07,1,6,0,1.4,0
110329,36130.35394,0.2,0,1.6,0,0.2,0,0.6,0,0.1,0,1.3,0,0.07,1,5.7,0,5.4,0
110330,27251.22577,0.1,0,2.2,0,0.07,1,0.3,0,0.07,1,1.3,0,0.1,0,1.7,0,1,0
110347,44590.14385,0.1,0,0.4,0,0.07,1,0.7,0,0.07,1,0.5,0,0.07,1,1.2,0,0.3,0
110350,19571.79777,0.3,0,0.9,0,0.1,0,1,0,0.2,0,1.7,0,0.07,1,11.5,0,5.8,0
110351,127235.4833,0.2,0,2.1,0,0.07,1,0.6,0,0.1,0,2.4,0,0.07,1,4.8,0,2.1,0
110353,24196.72649,0.1,0,0.8,0,0.07,1,0.3,0,0.2,0,0.9,0,0.07,1,5.3,0,1.5,0
110356,99919.60264,0.3,0,2.1,0,0.07,1,0.6,0,0.3,0,0.9,0,0.07,1,5.6,0,1.8,0
110359,15096.80561,0.5,0,1.9,0,0.07,1,0.9,0,0.4,0,2.4,0,0.07,1,5.2,0,1.8,0
110366,11922.56536,0.2,0,1.1,0,0.1,0,0.5,0,0.2,0,2.8,0,0.07,1,2.5,0,0.9,0
110368,80322.28935,0.1,0,3.5,0,0.7,0,0.4,0,0.07,1,1.1,0,0.07,1,7.3,0,2.5,0
110376,98999.66001,0.07,1,1.5,0,0.1,0,1.3,0,0.07,1,1.7,0,0.07,1,1,0,0.5,0
110386,130064.8512,0.4,0,2.1,0,1,0,1.4,0,0.2,0,4.5,0,0.07,1,9.5,0,6.3,0
110387,35631.4003,0.2,0,0.4,0,0.3,0,0.9,0,0.2,0,0.9,0,0.07,1,1.1,0,0.8,0
110394,166262.1392,0.2,0,1.1,0,0.07,1,0.6,0,0.1,0,1,0,0.07,1,1.9,0,0.8,0
110396,89030.04531,0.2,0,1,0,0.07,1,0.3,0,0.1,0,0.6,0,0.07,1,5.1,0,2.2,0
110402,29982.39924,0.3,0,1,0,0.07,1,0.4,0,0.3,0,0.7,0,0.07,1,3.7,0,1,0
110405,166193.7171,0.3,0,0.5,0,0.1,0,0.6,0,0.1,0,0.9,0,0.07,1,2.5,0,1.3,0
110412,47985.18876,0.2,0,1.5,0,0.07,1,0.2,0,0.07,1,0.8,0,0.07,1,4.7,0,1.5,0
110417,34597.16347,0.2,0,1.8,0,0.1,0,0.4,0,0.1,0,1.3,0,0.07,1,5.2,0,2,0
110419,17782.70901,0.1,0,0.2,0,0.07,1,0.3,0,0.07,1,0.5,0,0.07,1,1,0,0.2,0
110422,81414.10253,0.2,0,3.4,0,0.1,0,0.5,0,0.2,0,3.6,0,0.07,1,7.1,0,4.1,0
110425,99044.90363,0.07,1,0.5,0,0.07,1,0.1,0,0.07,1,0.4,0,0.07,1,0.4,0,0.2,0
110427,52651.52483,0.3,0,0.5,0,0.2,0,0.3,0,0.2,0,0.6,0,0.07,1,2.4,0,0.6,0
110429,135908.3663,0.1,0,1.2,0,0.4,0,0.3,0,0.07,1,1.3,0,0.07,1,3.7,0,2,0
110431,151459.2,0.6,0,0.9,0,0.6,0,1.8,0,0.2,0,3.3,0,0.07,1,6.4,0,2.7,0
110436,0,,,,,,,,,,,,,,,,,,
110438,38734.84167,0.3,0,0.2,0,0.07,1,0.8,0,0.07,1,2.6,0,0.07,1,1,0,0.4,0
110440,78281.8321,0.07,1,1.2,0,0.1,0,0.4,0,0.07,1,2.3,0,0.07,1,3.2,0,3.3,0
110442,48321.48995,0.3,0,0.3,0,0.07,1,0.7,0,0.3,0,1.3,0,0.07,1,2.4,0,0.6,0
110445,0,,,,,,,,,,,,,,,,,,
110446,254163.7933,0.2,0,10.1,0,0.4,0,0.3,0,0.07,1,3,0,0.07,1,8,0,3.4,0
110454,64735.73825,0.2,0,1.8,0,0.1,0,0.4,0,0.07,1,2.2,0,0.07,1,2.3,0,0.9,0
110473,44962.11199,0.3,0,1.2,0,0.07,1,1.1,0,0.3,0,2.6,0,0.07,1,3.9,0,1.2,0
110474,34052.91897,0.7,0,1.9,0,0.1,0,1.5,0,0.5,0,1.4,0,0.07,1,15.3,0,2.4,0
110476,29685.54829,0.1,0,0.6,0,0.07,1,0.3,0,0.07,1,0.9,0,0.07,1,1.7,0,0.5,0
110480,65218.32238,0.07,1,0.7,0,0.07,1,0.07,1,0.07,1,0.6,0,0.07,1,1,0,0.5,0
110481,82193.16254,0.3,0,0.7,0,0.1,0,0.6,0,0.2,0,1.2,0,0.07,1,2.7,0,0.9,0
110488,27598.50888,0.3,0,0.9,0,0.07,1,0.8,0,0.3,0,1.3,0,0.07,1,5.7,0,1.8,0
110489,25976.02738,0.2,0,1.9,0,0.1,0,0.2,0,0.1,0,1.7,0,0.07,1,4.8,0,1.2,0
110490,0,,,,,,,,,,,,,,,,,,
110492,31959.56232,0.3,0,0.7,0,0.2,0,0.8,0,0.3,0,1.2,0,0.07,1,2.5,0,0.9,0
110494,93472.08822,0.07,1,0.07,1,0.07,1,0.1,0,0.07,1,0.1,0,0.07,1,0.07,1,0.07,1
110509,137544.8042,0.2,0,2.7,0,0.07,1,0.7,0,0.07,1,2.2,0,0.07,1,3.3,0,2.3,0
110518,293005.3537,0.1,0,1.6,0,0.2,0,0.3,0,0.07,1,2.3,0,0.1,0,1.9,0,2.3,0
110526,153492.1231,0.07,1,0.7,0,0.07,1,0.5,0,0.07,1,0.6,0,0.07,1,0.8,0,0.3,0
110528,77850.66069,0.1,0,0.3,0,0.07,1,0.2,0,0.1,0,0.7,0,0.07,1,0.8,0,0.3,0
110529,0,,,,,,,,,,,,,,,,,,
110535,0,,,,,,,,,,,,,,,,,,
110540,64280.97773,0.07,1,0.3,0,0.07,1,0.07,1,0.07,1,0.4,0,0.07,1,0.5,0,0.3,0
110542,74795.03565,0.07,1,0.6,0,0.07,1,0.3,0,0.07,1,1,0,0.07,1,1,0,0.5,0
110547,479532.9358,0.2,0,1.3,0,0.07,1,0.3,0,0.1,0,1.4,0,0.07,1,3.1,0,1.2,0
110548,58234.92432,0.07,1,0.7,0,0.07,1,0.3,0,0.07,1,1,0,0.07,1,0.9,0,0.6,0
110555,18601.7919,0.1,0,0.6,0,0.2,0,0.5,0,0.1,0,0.9,0,0.07,1,2.4,0,0.8,0
110558,0,,,,,,,,,,,,,,,,,,
110560,147607.7113,0.1,0,2.7,0,0.2,0,0.4,0,0.07,1,1.6,0,0.2,0,4.8,0,3.9,0
110582,0,,,,,,,,,,,,,,,,,,
110586,0,,,,,,,,,,,,,,,,,,
110590,0,,,,,,,,,,,,,,,,,,
110597,0,,,,,,,,,,,,,,,,,,
110598,50610.63323,0.1,0,1.1,0,0.1,0,0.5,0,0.07,1,1.4,0,0.07,1,1.5,0,0.7,0
110601,39741.26365,0.2,0,0.9,0,0.2,0,0.3,0,0.1,0,1.2,0,0.07,1,2.2,0,0.5,0
110602,58398.5347,0.4,0,0.8,0,0.07,1,0.8,0,0.7,0,2.3,0,0.07,1,3.3,0,1.1,0
110604,119124.121,0.1,0,0.4,0,0.1,0,0.07,1,0.1,0,0.7,0,0.07,1,1.1,0,0.3,0
110610,88417.44245,0.07,1,0.3,0,0.07,1,0.07,1,0.07,1,0.4,0,0.07,1,0.9,0,0.3,0
110616,46100.17982,0.2,0,0.4,0,0.1,0,0.3,0,0.1,0,0.8,0,0.07,1,1.3,0,0.6,0
110621,178073.9626,0.07,1,2.2,0,0.07,1,1.2,0,0.07,1,3.3,0,0.07,1,3,0,2.6,0
110623,40646.96828,0.2,0,0.3,0,0.5,0,0.9,0,0.1,0,0.8,0,0.07,1,1.7,0,0.6,0
110625,160449.2292,0.2,0,2.1,0,0.2,0,0.5,0,0.2,0,2,0,0.2,0,3,0,1.7,0
110628,331901.1778,0.3,0,3.1,0,0.2,0,0.7,0,0.2,0,2.9,0,0.07,1,6.6,0,3.6,0
110638,42554.15432,0.2,0,0.6,0,0.1,0,0.5,0,0.1,0,1,0,0.07,1,2.3,0,0.9,0
110642,23634.93101,0.1,0,1.2,0,0.2,0,0.2,0,0.1,0,1.6,0,0.07,1,2,0,0.8,0
110646,28174.31687,0.2,0,1.3,0,0.07,1,0.5,0,0.2,0,0.8,0,0.07,1,1.9,0,0.4,0
110653,57633.55056,0.07,1,0.6,0,0.2,0,0.5,0,0.07,1,1.1,0,0.07,1,1.1,0,0.5,0
110656,22543.73709,0.1,0,0.3,0,0.1,0,0.1,0,0.07,1,0.5,0,0.07,1,2.4,0,0.5,0
110661,0,,,,,,,,,,,,,,,,,,
110663,76333.86501,0.07,1,0.8,0,0.07,1,0.3,0,0.07,1,1,0,0.07,1,2,0,1.6,0
110677,18423.80283,0.1,0,0.4,0,0.07,1,0.3,0,0.07,1,0.7,0,0.07,1,1.7,0,0.4,0
110678,148479.3277,0.07,1,1.5,0,0.2,0,0.2,0,0.07,1,1.3,0,0.07,1,2.4,0,1.3,0
110681,55400.51219,0.07,1,5.8,0,1.4,0,0.4,0,0.07,1,0.8,0,0.07,1,3.8,0,1.2,0
110684,123346.5562,0.2,0,0.5,0,0.3,0,0.7,0,0.07,1,2.7,0,0.07,1,2.3,0,0.7,0
110686,36874.96591,0.07,1,3.7,0,0.07,1,0.4,0,0.07,1,2.8,0,0.07,1,1.9,0,0.8,0
110687,34123.88613,0.2,0,1.1,0,0.4,0,0.7,0,0.1,0,1.6,0,0.07,1,5.4,0,3.4,0
110698,41906.67233,0.3,0,1.2,0,0.1,0,0.7,0,0.2,0,2.1,0,0.07,1,2.6,0,1.4,0
110704,26729.51458,0.4,0,2.7,0,0.4,0,0.9,0,0.2,0,1.1,0,0.07,1,3.8,0,1.9,0
110709,0,,,,,,,,,,,,,,,,,,
110710,0,,,,,,,,,,,,,,,,,,
110713,91525.50886,0.2,0,0.7,0,0.1,0,0.5,0,0.2,0,1.8,0,0.07,1,4,0,1.5,0
110714,105850.6515,0.07,1,2.3,0,0.07,1,0.8,0,0.07,1,1.5,0,0.07,1,0.9,0,0.7,0
110715,22059.52743,0.8,0,4.9,0,0.1,0,0.8,0,0.4,0,3.3,0,0.07,1,8,0,1.1,0
110721,47905.38619,0.8,0,1.9,0,0.07,1,1.3,0,0.4,0,1.7,0,0.07,1,6.3,0,1.7,0
110728,118766.9892,0.2,0,0.9,0,0.2,0,0.5,0,0.2,0,1.3,0,0.07,1,2.7,0,1,0
110730,118997.7335,0.5,0,3.7,0,0.2,0,1,0,0.1,0,3.1,0,0.07,1,2.1,0,0.7,0
110740,11472.70354,0.2,0,0.9,0,0.3,0,0.7,0,0.07,1,2.4,0,0.07,1,1.6,0,1,0
110751,65293.80496,0.1,0,1.1,0,0.07,1,0.4,0,0.07,1,1.3,0,0.07,1,4.6,0,2.3,0
110752,235291.1784,0.3,0,3.4,0,0.1,0,0.9,0,0.2,0,2.8,0,0.07,1,5.6,0,3.6,0
110760,59618.2402,0.2,0,1.2,0,0.07,1,0.9,0,0.1,0,1.1,0,0.07,1,3.2,0,1.8,0
110762,90874.24059,0.2,0,1.4,0,0.07,1,0.07,1,0.07,1,1.7,0,0.07,1,3.6,0,2.2,0
110766,168515.7563,0.07,1,1.8,0,0.07,1,0.07,1,0.07,1,0.8,0,0.07,1,1.4,0,0.5,0
110771,52001.6761,0.3,0,1,0,0.2,0,0.6,0,0.4,0,1.5,0,0.07,1,4.4,0,1.2,0
110774,0,,,,,,,,,,,,,,,,,,
110776,0,,,,,,,,,,,,,,,,,,
110777,37791.5836,0.3,0,0.7,0,0.2,0,0.7,0,0.2,0,0.6,0,0.07,1,3.4,0,1.6,0
110779,97757.04864,0.3,0,2.9,0,0.07,1,0.9,0,0.1,0,1,0,0.07,1,6.8,0,1.6,0
110796,53848.01678,0.07,1,0.9,0,0.07,1,0.1,0,0.07,1,0.7,0,0.07,1,1.6,0,0.4,0
110804,62375.02651,0.5,0,2.2,0,0.2,0,1.6,0,0.3,0,4.9,0,0.3,0,15.5,0,8.5,0
110807,30826.39051,0.4,0,4.2,0,0.2,0,0.8,0,0.2,0,2.1,0,0.07,1,6,0,2.4,0
110813,12862.67123,0.6,0,2.7,0,0.1,0,0.8,0,0.2,0,1.2,0,0.07,1,8.7,0,2.9,0
110814,289306.6312,0.1,0,1.1,0,0.9,0,0.4,0,0.07,1,0.5,0,0.07,1,2.6,0,1.2,0
110815,66328.0349,0.2,0,0.4,0,0.07,1,0.5,0,0.1,0,0.6,0,0.07,1,1.5,0,0.4,0
110819,144827.7457,0.2,0,0.6,0,0.07,1,1.1,0,0.1,0,1.2,0,0.07,1,1.6,0,0.5,0
110824,28627.08567,0.1,0,0.6,0,0.07,1,0.1,0,0.07,1,0.8,0,0.07,1,1.1,0,0.4,0
110826,60312.0534,1,0,0.4,0,0.07,1,0.5,0,0.3,0,0.5,0,0.07,1,10.8,0,1.1,0
110830,27004.01306,0.07,1,2.6,0,0.07,1,0.1,0,0.07,1,0.7,0,0.07,1,3.3,0,1.7,0
110833,234219.917,0.4,0,1.1,0,0.2,0,0.7,0,0.3,0,2.1,0,0.07,1,2,0,1.3,0
110841,171373.6784,0.7,0,2.6,0,0.07,1,1.4,0,0.4,0,2.3,0,0.07,1,11,0,3.6,0
110848,0,,,,,,,,,,,,,,,,,,
110849,58365.55781,0.2,0,1.9,0,0.2,0,0.6,0,0.07,1,3,0,0.07,1,7.6,0,2.8,0
110852,11431.47199,2.6,0,3.2,0,0.1,0,2.3,0,1.1,0,5,0,0.07,1,59.7,0,5.6,0
110853,43164.0023,0.2,0,1,0,0.07,1,0.6,0,0.1,0,1.2,0,0.07,1,3.3,0,1.1,0
110857,29427.4268,0.5,0,1.1,0,0.07,1,1.1,0,0.4,0,1.8,0,0.07,1,6.6,0,1.1,0
110859,18976.12764,0.6,0,2.3,0,1.1,0,1.1,0,0.3,0,1.8,0,0.07,1,14.6,0,4.1,0
110860,177044.9481,0.2,0,0.6,0,0.07,1,1,0,0.07,1,1.9,0,0.07,1,1.8,0,0.5,0
110867,41750.52131,0.2,0,1.5,0,0.1,0,0.4,0,0.1,0,0.7,0,0.07,1,6.1,0,2.1,0
110870,28508.07232,0.2,0,1.3,0,0.07,1,0.2,0,0.1,0,0.9,0,0.07,1,1.8,0,0.7,0
110871,38145.15973,0.5,0,0.9,0,0.07,1,1.8,0,0.4,0,1.6,0,0.07,1,6.1,0,1,0
110879,0,,,,,,,,,,,,,,,,,,
110882,13806.77396,2.1,0,3,0,0.1,0,4.3,0,0.07,1,4.3,0,0.07,1,43.1,0,10.7,0
110886,59963.16875,0.2,0,2.4,0,0.07,1,1.1,0,0.2,0,2.9,0,0.07,1,8.8,0,4.8,0
110887,166069.5345,0.2,0,0.9,0,0.2,0,0.4,0,0.1,0,0.9,0,0.07,1,3.2,0,1.1,0
110888,22307.14215,0.2,0,0.4,0,0.07,1,0.4,0,0.2,0,0.5,0,0.07,1,1.5,0,0.2,0
110889,39772.4151,0.4,0,1,0,0.2,0,0.4,0,0.2,0,0.5,0,0.07,1,5.6,0,1.1,0
110890,22621.19245,0.2,0,0.5,0,0.07,1,0.4,0,0.2,0,1.3,0,0.07,1,1.9,0,0.5,0
110897,45829.26845,0.1,0,3,0,0.2,0,0.5,0,0.07,1,4.9,0,0.07,1,2.1,0,1.2,0
110900,36219.4647,0.2,0,0.6,0,0.1,0,0.5,0,0.2,0,1.7,0,0.07,1,1.3,0,1.1,0
110905,88738.40263,0.07,1,0.3,0,2.5,0,0.4,0,0.07,1,0.7,0,0.07,1,2.2,0,0.9,0
110908,0,,,,,,,,,,,,,,,,,,
110916,67270.70748,0.1,0,0.2,0,0.07,1,0.07,1,0.1,0,0.3,0,0.07,1,0.7,0,0.2,0
110918,13647.07408,0.2,0,2.7,0,0.07,1,0.7,0,0.1,0,2.9,0,0.07,1,6.4,0,2.9,0
110920,10361.56886,0.1,0,1.5,0,0.07,1,0.5,0,0.07,1,0.7,0,0.07,1,3.5,0,1.9,0
110924,0,,,,,,,,,,,,,,,,,,
110925,58228.66631,0.5,0,1.2,0,0.3,0,0.6,0,0.3,0,1.2,0,0.07,1,13.3,0,3.9,0
110929,87050.39425,0.2,0,6.9,0,0.07,1,0.7,0,0.07,1,1.8,0,0.07,1,8.9,0,3.6,0
110936,81692.03534,0.2,0,2.5,0,0.2,0,0.8,0,0.2,0,3.5,0,0.2,0,3.8,0,2.3,0
110942,23488.03096,0.2,0,0.8,0,0.07,1,0.9,0,0.1,0,1.1,0,0.07,1,5.4,0,3,0
110943,110912.0349,0.1,0,1.2,0,0.2,0,0.7,0,0.07,1,1.2,0,0.07,1,2.4,0,1.4,0
110947,55560.46467,0.07,1,0.3,0,0.07,1,1.3,0,0.07,1,0.8,0,0.07,1,0.8,0,0.3,0
110949,65488.3426,0.3,0,0.6,0,0.1,0,0.4,0,0.3,0,0.9,0,0.07,1,3.1,0,0.8,0
110950,41946.9038,0.3,0,1.5,0,0.3,0,1.2,0,0.07,1,1.8,0,0.07,1,10.6,0,4.5,0
110961,87303.69993,1.1,0,0.6,0,0.4,0,0.7,0,0.8,0,1,0,0.07,1,5.6,0,1.7,0
110966,125604.8841,0.4,0,1,0,0.07,1,0.7,0,0.1,0,2.4,0,0.07,1,2,0,1.1,0
110969,0,,,,,,,,,,,,,,,,,,
110971,27692.25273,0.2,0,1.2,0,0.2,0,0.6,0,0.2,0,2.3,0,0.07,1,4.7,0,3.6,0
110973,127626.3618,0.1,0,2,0,0.9,0,0.4,0,0.07,1,1.3,0,0.2,0,5.4,0,3.4,0
110975,26689.31878,1,0,0.9,0,0.3,0,1.5,0,0.6,0,2.1,0,0.2,0,12.8,0,2.2,0
110979,74457.93903,0.4,0,1.6,0,0.1,0,1.1,0,0.4,0,2.2,0,0.07,1,7.1,0,1.9,0
110981,47722.46791,0.3,0,1.6,0,0.1,0,0.8,0,0.1,0,3,0,0.07,1,5.3,0,2.1,0
110986,220573.2904,0.2,0,1.5,0,0.2,0,0.5,0,0.07,1,1.5,0,0.07,1,2.1,0,0.9,0
110987,30033.66312,0.5,0,2.1,0,0.07,1,0.5,0,0.2,0,1.1,0,0.07,1,9.2,0,4,0
110991,237005.0061,0.5,0,1.3,0,0.07,1,0.9,0,0.3,0,1.9,0,0.07,1,7.5,0,1.9,0
110996,0,,,,,,,,,,,,,,,,,,
111008,33105.502,0.3,0,1.6,0,0.3,0,0.8,0,0.1,0,3.6,0,0.07,1,6,0,4.7,0
111015,40194.9908,0.1,0,0.4,0,0.1,0,0.07,1,0.07,1,0.6,0,0.07,1,1,0,0.4,0
111023,158866.6659,0.07,1,0.07,1,0.07,1,0.2,0,0.07,1,0.4,0,0.07,1,0.4,0,0.1,0
111027,0,,,,,,,,,,,,,,,,,,
111042,80025.18555,0.2,0,1,0,0.1,0,0.5,0,0.1,0,1.4,0,0.07,1,3,0,1.7,0
111044,0,,,,,,,,,,,,,,,,,,
111048,11472.70354,0.2,0,1,0,0.4,0,0.5,0,0.07,1,1.8,0,0.07,1,3,0,1,0
111054,14006.63586,0.2,0,2.4,0,0.07,1,0.6,0,0.2,0,1.3,0,0.07,1,5.9,0,2.5,0
111056,36056.80828,0.1,0,0.5,0,0.07,1,0.5,0,0.1,0,1.1,0,0.07,1,1.8,0,0.5,0
111058,51452.90992,0.1,0,0.5,0,0.1,0,3.9,0,0.07,1,0.3,0,0.07,1,0.6,0,0.3,0
111059,0,,,,,,,,,,,,,,,,,,
111060,17827.37813,0.3,0,0.3,0,0.1,0,0.4,0,0.2,0,0.5,0,0.07,1,2.4,0,0.4,0
111062,78524.09973,0.3,0,2.1,0,0.07,1,0.7,0,0.1,0,3.4,0,0.07,1,2.5,0,1.7,0
111069,0,,,,,,,,,,,,,,,,,,
111079,88921.32744,0.1,0,2.3,0,0.1,0,0.2,0,0.07,1,3.4,0,0.07,1,1.6,0,0.9,0
111088,0,,,,,,,,,,,,,,,,,,
111094,39744.71639,0.1,0,0.9,0,0.07,1,0.1,0,0.07,1,1.1,0,0.07,1,1.3,0,0.5,0
111095,20433.95065,0.3,0,0.8,0,0.1,0,0.5,0,0.1,0,1.5,0,0.07,1,3.2,0,1.5,0
111097,37681.62275,0.07,1,1,0,1.2,0,0.1,0,0.07,1,0.5,0,0.07,1,1.3,0,0.5,0
111112,25098.41789,0.6,0,1.1,0,0.07,1,0.8,0,0.3,0,1.3,0,0.07,1,5,0,0.8,0
111114,33743.75495,0.3,0,1.3,0,0.07,1,0.4,0,0.07,1,1.7,0,0.07,1,2.8,0,0.7,0
111115,43863.9135,0.3,0,0.9,0,0.1,0,0.5,0,0.2,0,1.1,0,0.07,1,6.6,0,1.9,0
111118,0,,,,,,,,,,,,,,,,,,
111123,27501.1075,0.1,0,0.8,0,2.1,0,0.3,0,0.07,1,0.9,0,0.07,1,5.3,0,3.2,0
111129,0,,,,,,,,,,,,,,,,,,
111131,46489.64744,0.2,0,0.5,0,0.1,0,0.3,0,0.1,0,1.2,0,0.07,1,1.2,0,0.5,0
111133,51559.0756,0.07,1,0.9,0,0.07,1,0.2,0,0.07,1,1,0,0.07,1,1.3,0,0.8,0
111134,0,,,,,,,,,,,,,,,,,,
111138,84506.80133,0.1,0,1,0,0.4,0,0.2,0,0.07,1,1.6,0,0.07,1,3.3,0,1.6,0
111151,67438.31239,0.2,0,0.7,0,0.07,1,0.4,0,0.07,1,1.2,0,0.07,1,2.6,0,0.7,0
111153,0,,,,,,,,,,,,,,,,,,
111155,0,,,,,,,,,,,,,,,,,,
111163,151538.0283,0.07,1,0.6,0,0.07,1,0.7,0,0.07,1,0.8,0,0.07,1,1.1,0,0.6,0
111165,247445.7582,0.1,0,1.4,0,0.07,1,0.2,0,0.07,1,1.3,0,0.1,0,2.6,0,1.4,0
111171,269946.532,0.1,0,0.4,0,0.3,0,0.4,0,0.1,0,1.2,0,0.07,1,1,0,0.5,0
111177,20472.07083,0.4,0,0.8,0,0.1,0,0.5,0,0.6,0,0.9,0,0.07,1,3,0,0.9,0
111178,189095.6359,0.07,1,0.5,0,0.07,1,0.07,1,0.07,1,0.3,0,0.07,1,1.5,0,0.6,0
111181,84592.64398,0.5,0,1.4,0,0.7,0,1,0,0.4,0,1.9,0,0.07,1,13.7,0,2,0
111184,22771.68729,0.1,0,0.5,0,0.07,1,0.3,0,0.07,1,0.7,0,0.07,1,1.5,0,0.4,0
111192,21031.26682,3.8,0,2.1,0,0.07,1,1.5,0,1.8,0,2.2,0,0.1,0,33.8,0,5.7,0
111194,17446.78295,0.5,0,1.4,0,0.1,0,1,0,0.2,0,1.3,0,0.07,1,18.5,0,4.6,0
111203,436049.897,0.3,0,1.2,0,0.6,0,1,0,0.2,0,0.9,0,0.07,1,5.8,0,2.5,0
111208,38718.75807,0.2,0,0.2,0,0.07,1,0.5,0,0.4,0,0.5,0,0.07,1,2.2,0,0.3,0
111210,37883.23447,0.6,0,2.3,0,0.07,1,2,0,0.3,0,4.3,0,0.07,1,21.3,0,19.3,0
111216,47113.08285,0.3,0,1.1,0,0.07,1,0.7,0,0.4,0,1.6,0,0.07,1,15.6,0,2.1,0
111220,0,,,,,,,,,,,,,,,,,,
111224,20038.95818,0.2,0,0.6,0,0.1,0,0.3,0,0.1,0,0.9,0,0.07,1,1.8,0,0.5,0
111233,90217.37809,0.1,0,1.3,0,0.2,0,0.3,0,0.1,0,1.3,0,0.07,1,5.9,0,5.1,0
111234,105319.3654,0.2,0,2.3,0,0.2,0,0.4,0,0.2,0,2.4,0,0.07,1,3.7,0,2.1,0
111235,27820.79416,0.4,0,0.8,0,0.5,0,0.7,0,0.4,0,1.4,0,0.07,1,5.2,0,1,0
111240,13922.53205,0.2,0,2.9,0,2.6,0,1.2,0,0.2,0,2,0,0.07,1,5.7,0,3,0
111241,48315.67887,0.1,0,0.6,0,0.07,1,0.3,0,0.07,1,1.1,0,0.07,1,1.5,0,0.4,0
111244,325712.553,0.2,0,0.4,0,0.1,0,0.4,0,0.2,0,0.8,0,0.07,1,1.7,0,0.6,0
111246,22925.28311,0.2,0,1,0,0.9,0,0.4,0,0.1,0,1.2,0,0.07,1,1.2,0,0.6,0
111247,38452.06016,0.3,0,0.8,0,0.1,0,0.6,0,0.2,0,1.9,0,0.07,1,2.2,0,1.7,0
111249,39838.37021,0.1,0,0.8,0,0.3,0,0.6,0,0.07,1,0.9,0,0.07,1,2.5,0,0.7,0
111251,22523.41901,0.2,0,0.4,0,0.1,0,0.2,0,0.07,1,0.4,0,0.07,1,1.6,0,0.4,0
111253,16535.58485,0.4,0,1.7,0,0.5,0,1,0,0.2,0,1.8,0,0.07,1,12.4,0,4.6,0
111254,0,,,,,,,,,,,,,,,,,,
111271,89968.60028,0.5,0,0.6,0,0.07,1,0.9,0,0.5,0,1.4,0,0.2,0,5.2,0,0.9,0
111292,0,,,,,,,,,,,,,,,,,,
111297,321510.182,0.1,0,3,0,0.2,0,0.2,0,0.07,1,0.6,0,0.07,1,4.9,0,1.9,0
111299,51539.3471,0.07,1,0.9,0,0.1,0,0.3,0,0.07,1,1.1,0,0.07,1,1.2,0,0.7,0
111300,28669.34753,0.4,0,0.8,0,0.07,1,0.6,0,0.2,0,1,0,0.07,1,6.9,0,1.3,0
111302,62658.63919,0.2,0,3.4,0,0.2,0,0.5,0,0.07,1,2.4,0,0.07,1,3.1,0,0.9,0
111303,34792.02464,0.2,0,1.9,0,0.1,0,0.5,0,0.2,0,1.6,0,0.07,1,2.6,0,1.1,0
111304,56708.97992,0.1,0,2.5,0,0.7,0,0.3,0,0.07,1,1.3,0,0.07,1,1.1,0,0.5,0
111315,50580.58007,0.6,0,2.6,0,0.07,1,1.2,0,0.2,0,3.4,0,0.07,1,1.7,0,0.6,0
111317,133898.1834,0.2,0,0.5,0,0.07,1,0.3,0,0.2,0,1,0,0.07,1,1.5,0,0.5,0
111322,27948.33545,1,0,0.6,0,0.1,0,0.3,0,0.07,1,1.2,0,0.3,0,0.6,0,0.6,0
111326,0,,,,,,,,,,,,,,,,,,
111330,35100.03697,0.2,0,1.4,0,0.6,0,0.4,0,0.1,0,1,0,0.07,1,3.4,0,1.4,0
111332,120268.58,0.3,0,0.3,0,0.1,0,0.1,0,0.1,0,0.7,0,0.07,1,1,0,0.4,0
111346,16835.67589,0.2,0,4.2,0,0.2,0,0.4,0,0.07,1,2.2,0,0.07,1,2.8,0,1.3,0
111349,56991.2493,0.07,1,0.5,0,0.07,1,0.3,0,0.07,1,1.2,0,0.07,1,0.7,0,0.5,0
111350,8559.654828,0.5,0,1.3,0,0.1,0,0.5,0,0.3,0,1.9,0,0.07,1,15.5,0,1.6,0
111361,67890.4159,0.2,0,0.9,0,0.2,0,0.9,0,0.2,0,0.9,0,0.07,1,1.4,0,0.4,0
111363,111964.7773,0.2,0,3.6,0,0.1,0,1,0,0.1,0,2.3,0,0.07,1,4.7,0,3.1,0
111367,15221.3045,0.07,1,0.07,1,0.1,0,0.07,1,0.07,1,0.1,0,0.07,1,0.3,0,0.07,1
111370,19263.36817,0.2,0,0.8,0,0.1,0,0.3,0,0.1,0,0.6,0,0.07,1,2.2,0,0.7,0
111372,32291.48266,0.07,1,0.9,0,0.5,0,0.3,0,0.07,1,1.2,0,0.07,1,2,0,0.8,0
111378,60506.26111,0.2,0,1.1,0,0.07,1,1.1,0,0.2,0,1.5,0,0.07,1,4.7,0,3.7,0
111382,40775.40434,0.3,0,2.7,0,0.1,0,0.8,0,0.2,0,2.5,0,0.07,1,4.6,0,4.2,0
111386,0,,,,,,,,,,,,,,,,,,
111391,82543.33523,0.4,0,0.5,0,0.1,0,0.3,0,0.4,0,1.4,0,0.1,0,1.7,0,0.6,0
111396,40591.07059,0.07,1,0.07,1,0.07,1,0.07,1,0.07,1,0.2,0,0.07,1,0.4,0,0.07,1
111402,23673.51955,0.5,0,0.6,0,0.2,0,1.1,0,0.3,0,2,0,0.07,1,5.5,0,1.1,0
111403,14258.25449,0.1,0,2.2,0,0.07,1,0.3,0,0.07,1,1.5,0,0.07,1,3.2,0,1.2,0
111405,65128.90315,0.1,0,0.5,0,0.07,1,0.4,0,0.1,0,1.5,0,0.07,1,1.8,0,1,0
111408,20982.28237,0.5,0,2.9,0,0.2,0,1.4,0,0.4,0,2.9,0,0.07,1,5.2,0,2.5,0
111416,45780.55144,0.2,0,0.3,0,0.1,0,0.4,0,0.2,0,0.7,0,0.07,1,1.7,0,0.4,0
111418,82958.96713,0.2,0,0.4,0,0.2,0,0.2,0,0.1,0,0.4,0,0.07,1,2.8,0,0.4,0
111424,29852.90754,0.8,0,3.6,0,0.1,0,1.3,0,1.2,0,1.6,0,0.07,1,20.8,0,3.9,0
111425,190547.9249,0.07,1,1.9,0,0.07,1,0.1,0,0.07,1,0.9,0,0.07,1,2.7,0,1.1,0
111428,54357.94873,0.1,0,3.9,0,0.1,0,0.3,0,0.1,0,0.6,0,0.07,1,5.8,0,1.9,0
111429,286515.5966,0.4,0,1.1,0,0.1,0,0.6,0,0.2,0,2,0,0.07,1,3.7,0,1.7,0
111433,87051.72138,0.4,0,1.4,0,0.1,0,1.1,0,0.2,0,4.9,0,0.1,0,6.7,0,1.9,0
111438,52073.4962,0.3,0,0.5,0,0.2,0,0.5,0,0.4,0,0.8,0,0.07,1,3,0,0.4,0
111440,88677.24254,0.07,1,0.7,0,0.07,1,0.2,0,0.07,1,0.7,0,0.07,1,1.3,0,0.5,0
111442,14601.16466,0.2,0,0.5,0,0.2,0,0.5,0,0.1,0,0.9,0,0.07,1,2.4,0,1.3,0
111443,47742.26041,0.1,0,2.3,0,0.07,1,0.6,0,0.1,0,2.4,0,0.07,1,3.9,0,1.4,0
111444,434504.9264,0.1,0,1.3,0,0.2,0,0.8,0,0.07,1,1.3,0,0.07,1,4.7,0,2.3,0
111459,111665.4784,0.2,0,0.6,0,0.07,1,0.7,0,0.07,1,2.4,0,0.07,1,1.9,0,1.1,0
111461,104300.4262,0.07,1,2.8,0,0.5,0,0.2,0,0.07,1,1.1,0,0.07,1,3.3,0,1.8,0
111478,0,,,,,,,,,,,,,,,,,,
111479,59624.77139,0.07,1,2.5,0,0.07,1,0.5,0,0.07,1,1.5,0,0.07,1,1.2,0,0.7,0
111488,28985.57065,0.1,0,0.7,0,0.4,0,0.2,0,0.07,1,1.1,0,0.07,1,2,0,0.6,0
111491,121230.2012,0.07,1,1.3,0,0.8,0,0.3,0,0.07,1,0.9,0,0.07,1,2.6,0,1.4,0
111493,104022.1622,0.07,1,0.5,0,0.07,1,0.4,0,0.07,1,2.4,0,0.07,1,5.3,0,4.5,0
111497,33447.60784,0.07,1,0.9,0,0.07,1,0.3,0,0.07,1,0.8,0,0.07,1,0.5,0,0.2,0
111501,105317.1641,0.3,0,2.8,0,0.1,0,1.3,0,0.1,0,3.6,0,0.07,1,8.3,0,6.1,0
111503,194841.5863,1.8,0,1,0,0.4,0,1.8,0,1.8,0,2,0,0.07,1,14.6,0,1.8,0
111505,0,,,,,,,,,,,,,,,,,,
111509,19799.02068,1.2,0,5.5,0,0.07,1,1,0,1,0,3.9,0,0.07,1,13.1,0,2.4,0
111516,24520.21379,0.2,0,1,0,0.1,0,0.7,0,0.2,0,0.9,0,0.07,1,3,0,2.4,0
111520,41104.57678,0.2,0,0.6,0,0.07,1,0.3,0,0.1,0,1.2,0,0.07,1,2.1,0,0.8,0
111522,30253.82793,0.1,0,0.5,0,0.07,1,0.2,0,0.07,1,0.8,0,0.07,1,1,0,0.3,0
111530,15450.47369,0.1,0,0.5,0,0.07,1,0.07,1,0.07,1,0.9,0,0.07,1,0.6,0,0.2,0
111536,129551.268,0.2,0,0.9,0,0.4,0,0.3,0,0.1,0,0.6,0,0.1,0,1.9,0,0.6,0
111537,94142.13361,0.07,1,0.8,0,0.2,0,2.2,0,0.07,1,1.3,0,0.07,1,1.2,0,0.6,0
111542,460412.3983,0.2,0,2.1,0,0.07,1,0.7,0,0.1,0,2.7,0,0.07,1,4.3,0,2.2,0
111543,132825.6312,0.07,1,0.4,0,0.07,1,0.07,1,0.1,0,0.7,0,0.07,1,1.2,0,0.6,0
111550,79533.32931,0.6,0,4.1,0,0.1,0,1.4,0,0.3,0,1.6,0,0.07,1,8.3,0,5.6,0
111551,19605.08485,0.1,0,0.7,0,0.07,1,0.2,0,0.07,1,0.6,0,0.07,1,3,0,0.6,0
111554,29556.24996,3.3,0,5.6,0,3.3,0,4,0,2.1,0,4.6,0,0.07,1,52.6,0,14.2,0
111556,21688.53155,0.2,0,0.6,0,0.07,1,0.8,0,0.07,1,1.9,0,0.07,1,2.7,0,1.3,0
111557,220432.1865,0.5,0,0.7,0,0.1,0,0.6,0,0.2,0,1.6,0,0.07,1,3.2,0,0.8,0
111563,0,,,,,,,,,,,,,,,,,,
111571,0,,,,,,,,,,,,,,,,,,
111575,0,,,,,,,,,,,,,,,,,,
111582,43764.16634,0.2,0,0.5,0,0.07,1,0.2,0,0.1,0,0.8,0,0.07,1,1.1,0,0.5,0
111585,52451.03676,0.3,0,0.7,0,0.1,0,0.6,0,0.1,0,0.8,0,0.07,1,1.9,0,1.5,0
111587,26218.46222,0.3,0,5.1,0,0.07,1,0.7,0,0.3,0,1.9,0,0.07,1,3.6,0,1.8,0
111590,83688.52961,0.2,0,0.6,0,0.1,0,0.5,0,0.1,0,0.9,0,0.07,1,2.7,0,0.9,0
111593,10715.47773,0.07,1,3,0,0.07,1,0.4,0,0.07,1,1.8,0,0.07,1,2.8,0,0.9,0
111598,99689.7944,0.07,1,0.4,0,0.07,1,0.7,0,0.07,1,0.5,0,0.07,1,0.7,0,0.3,0
111599,0,,,,,,,,,,,,,,,,,,
111602,31064.21125,0.2,0,3.1,0,0.3,0,0.5,0,0.1,0,2.2,0,0.07,1,20.5,0,10.3,0
111607,39818.54027,0.2,0,1.5,0,0.2,0,0.5,0,0.1,0,0.9,0,0.07,1,43.9,0,2.1,0
111609,18514.07388,0.3,0,2.8,0,0.1,0,1.1,0,0.2,0,3.8,0,0.07,1,8.8,0,4.2,0
111613,27978.61753,0.1,0,0.3,0,0.07,1,0.07,1,0.07,1,0.5,0,0.07,1,0.6,0,0.2,0
111614,53575.6577,0.2,0,1.6,0,0.07,1,1.5,0,0.07,1,2,0,0.07,1,3.4,0,1.5,0
111616,14438.76826,0.1,0,0.6,0,0.07,1,0.5,0,0.07,1,1.1,0,0.07,1,1.4,0,1.5,0
111627,12078.25427,0.07,1,1.5,0,0.2,0,0.2,0,0.07,1,1,0,0.07,1,2.2,0,0.7,0
111629,36169.83896,0.07,1,1.1,0,0.4,0,0.2,0,0.07,1,1.9,0,0.1,0,1.6,0,0.9,0
111630,31348.42461,0.5,0,0.8,0,0.5,0,0.8,0,0.1,0,1.7,0,0.07,1,1.6,0,0.7,0
111633,29588.48938,0.2,0,0.8,0,0.3,0,0.2,0,0.1,0,1.1,0,0.07,1,1.9,0,0.8,0
111638,169717.1589,0.2,0,1.2,0,0.07,1,0.4,0,0.2,0,2,0,0.07,1,2.5,0,0.8,0
111648,178620.5102,0.07,1,0.2,0,0.07,1,0.5,0,0.07,1,0.4,0,0.07,1,0.3,0,0.1,0
111655,34883.08154,0.3,0,0.6,0,0.7,0,0.4,0,0.1,0,1.3,0,0.07,1,2.1,0,0.8,0
111656,63295.73383,0.5,0,1.8,0,0.2,0,1.5,0,0.3,0,2.2,0,0.07,1,17.5,0,5.2,0
111659,44899.1574,0.07,1,0.1,0,0.4,0,0.07,1,0.07,1,0.3,0,0.07,1,0.4,0,0.1,0
111663,33780.63791,0.07,1,2.5,0,0.1,0,0.2,0,0.07,1,1,0,0.07,1,1.9,0,1.6,0
111664,9001.917377,0.3,0,2.7,0,0.07,1,0.7,0,0.2,0,4.3,0,0.07,1,10.5,0,5.6,0
111665,164655.7903,0.1,0,0.4,0,0.07,1,0.2,0,0.07,1,0.6,0,0.07,1,1.5,0,0.6,0
111666,56578.56154,0.3,0,0.4,0,0.1,0,0.5,0,0.2,0,1.2,0,0.07,1,4.9,0,0.7,0
111667,0,,,,,,,,,,,,,,,,,,
111668,205682.6423,0.2,0,2,0,0.1,0,0.5,0,0.1,0,0.8,0,0.07,1,5.9,0,1.8,0
111669,52557.71012,0.3,0,1.5,0,0.2,0,0.5,0,0.5,0,1.5,0,0.07,1,4.4,0,2.1,0
111671,42793.53219,0.1,0,0.8,0,0.07,1,0.4,0,0.07,1,0.7,0,0.07,1,2.3,0,1.7,0
111679,40924.71322,0.8,0,1.2,0,0.1,0,1.9,0,0.9,0,2.6,0,0.07,1,12.4,0,2.9,0
111681,46551.17974,0.1,0,0.7,0,0.1,0,0.07,1,0.07,1,1.3,0,0.07,1,0.8,0,0.3,0
111687,0,,,,,,,,,,,,,,,,,,
111694,119316.2507,0.1,0,1.1,0,0.4,0,0.4,0,0.07,1,1.2,0,0.3,0,2.3,0,1.1,0
111704,58544.94773,0.2,0,0.5,0,0.07,1,0.5,0,0.1,0,1.1,0,0.07,1,1.1,0,0.5,0
111708,40167.58784,0.1,0,0.7,0,0.3,0,1,0,0.07,1,1,0,0.07,1,1,0,0.6,0
111709,44915.20911,0.2,0,0.5,0,0.1,0,0.3,0,0.2,0,1.3,0,0.2,0,2.6,0,0.4,0
111710,64470.29797,0.1,0,0.3,0,0.07,1,0.3,0,0.1,0,0.7,0,0.07,1,1.2,0,0.4,0
111729,117067.5919,0.07,1,1,0,0.07,1,0.1,0,0.07,1,1,0,0.07,1,0.7,0,0.3,0
111737,0,,,,,,,,,,,,,,,,,,
111754,50019.0097,0.1,0,1.2,0,0.07,1,0.7,0,0.07,1,1.2,0,0.07,1,2.3,0,1,0
111756,169396.5509,0.07,1,0.3,0,0.7,0,1,0,0.07,1,0.4,0,0.07,1,1.1,0,0.6,0
111758,81438.72658,0.2,0,0.7,0,0.07,1,0.4,0,0.2,0,0.9,0,0.07,1,2.2,0,0.7,0
111760,46990.81862,0.1,0,2.9,0,0.07,1,0.6,0,0.07,1,1.4,0,0.07,1,2.7,0,1.9,0
111766,94095.83643,0.07,1,0.3,0,0.07,1,0.07,1,0.07,1,0.8,0,0.07,1,1.5,0,0.5,0
111767,25868.53729,0.2,0,0.9,0,0.4,0,0.4,0,0.1,0,1.1,0,0.07,1,3.4,0,0.9,0
111770,58641.10591,0.5,0,0.4,0,0.1,0,0.5,0,0.7,0,0.7,0,0.2,0,10.2,0,0.9,0
111772,82371.40589,0.2,0,0.6,0,0.1,0,0.4,0,0.2,0,0.9,0,0.07,1,2.4,0,0.8,0
111773,26098.67884,0.07,1,0.9,0,0.07,1,0.7,0,0.07,1,0.8,0,0.07,1,1.2,0,0.4,0
111777,36462.41797,0.2,0,1.8,0,0.2,0,0.5,0,0.3,0,1.4,0,0.2,0,2.2,0,1.3,0
111779,140019.3685,0.3,0,0.6,0,0.2,0,0.7,0,0.2,0,1.5,0,0.07,1,6.4,0,1.1,0
111786,0,,,,,,,,,,,,,,,,,,
111790,191814.7999,0.07,1,0.6,0,0.07,1,0.2,0,0.07,1,1,0,0.07,1,1.7,0,1,0
111794,65768.09408,0.2,0,12,0,0.07,1,0.4,0,0.07,1,4.7,0,0.07,1,6.7,0,2.2,0
111796,57992.43478,0.2,0,3.8,0,0.07,1,0.5,0,0.07,1,1.5,0,0.07,1,2.3,0,1.1,0
111797,125539.0973,0.3,0,1.3,0,0.3,0,1.4,0,0.2,0,3.6,0,0.07,1,9.5,0,3.7,0
111798,75093.4586,0.07,1,1.5,0,0.3,0,0.4,0,0.07,1,1.3,0,0.2,0,3.2,0,2.2,0
111801,64134.45612,0.3,0,0.7,0,0.3,0,0.5,0,0.2,0,1.7,0,0.07,1,3.4,0,1.3,0
111802,31922.85579,0.2,0,5,0,0.1,0,0.3,0,0.1,0,1.8,0,0.07,1,3.7,0,1.2,0
111809,0,,,,,,,,,,,,,,,,,,
111810,34144.27269,0.7,0,1.3,0,0.07,1,1.5,0,0.4,0,4.6,0,0.07,1,13.2,0,5.6,0
111811,281960.9692,0.3,0,0.6,0,0.2,0,0.9,0,0.1,0,5.1,0,0.07,1,1.2,0,0.6,0
111814,21385.67597,1.6,0,2.7,0,2,0,2.5,0,0.8,0,2.3,0,0.07,1,36.7,0,6.9,0
111816,0,,,,,,,,,,,,,,,,,,
111823,87455.9473,0.2,0,3.4,0,0.07,1,1.1,0,0.07,1,5.4,0,0.07,1,4.8,0,3.5,0
111825,70185.20768,0.2,0,0.5,0,0.07,1,0.8,0,0.2,0,0.9,0,0.07,1,0.9,0,0.3,0
111826,22020.54864,0.2,0,2,0,0.3,0,0.9,0,0.07,1,2.3,0,0.07,1,5.7,0,2.4,0
111828,52471.96253,0.1,0,0.6,0,0.07,1,0.3,0,0.07,1,0.7,0,0.07,1,0.7,0,0.3,0
111829,30109.18466,0.07,1,0.9,0,0.07,1,0.2,0,0.07,1,0.6,0,0.07,1,1.9,0,1.1,0
111835,118829.9504,0.07,1,1.2,0,0.07,1,0.5,0,0.07,1,1.1,0,0.07,1,3,0,1.7,0
111836,81188.0588,1.4,0,3,0,0.07,1,1.4,0,0.2,0,2.6,0,0.07,1,14.6,0,4.9,0
111838,89268.0888,0.2,0,16.8,0,0.2,0,0.6,0,0.2,0,1.6,0,0.07,1,10,0,2,0
111839,29249.40781,7.3,0,1.9,0,0.07,1,7,0,2,0,1.3,0,0.07,1,80.5,0,7.3,0
111840,83743.44154,0.1,0,1.4,0,0.1,0,0.5,0,0.07,1,1.3,0,0.07,1,3.9,0,1.7,0
111846,60127.56009,0.07,1,0.3,0,0.07,1,0.5,0,0.07,1,0.5,0,0.07,1,0.8,0,0.3,0
111850,102241.9792,0.07,1,0.4,0,0.07,1,0.8,0,0.07,1,0.8,0,0.07,1,0.9,0,0.5,0
111858,78377.87956,0.2,0,1.6,0,0.07,1,0.5,0,0.07,1,1.6,0,0.07,1,1.3,0,0.5,0
111860,69099.03468,0.4,0,2.1,0,0.1,0,0.8,0,0.2,0,4.1,0,0.07,1,13.7,0,7.2,0
111864,131544.8996,0.2,0,2,0,0.2,0,0.5,0,0.1,0,1.1,0,0.07,1,5.1,0,2.3,0
111866,304295.8213,0.2,0,1.8,0,0.4,0,0.7,0,0.1,0,1.8,0,0.2,0,6.7,0,3.4,0
111869,49617.58959,0.2,0,0.5,0,0.1,0,0.6,0,0.2,0,1.1,0,0.07,1,1.8,0,0.8,0
111874,15352.42705,0.2,0,1.3,0,0.5,0,1,0,0.2,0,1.8,0,0.07,1,5.8,0,2.8,0
111882,23588.17935,0.07,1,0.9,0,0.07,1,0.3,0,0.07,1,0.8,0,0.07,1,1.3,0,0.7,0
111886,0,,,,,,,,,,,,,,,,,,
111894,47122.42332,0.2,0,1.1,0,0.1,0,0.8,0,0.2,0,1.3,0,0.07,1,2.9,0,1,0
111903,0,,,,,,,,,,,,,,,,,,
111904,110757.1918,0.3,0,0.8,0,0.07,1,0.6,0,0.07,1,1.7,0,0.07,1,1.4,0,0.5,0
111908,48384.44984,0.4,0,2.4,0,0.1,0,1,0,0.07,1,25.8,0,0.07,1,14.1,0,7.7,0
111911,244123.9181,0.3,0,1.9,0,0.07,1,0.9,0,0.3,0,1.8,0,0.07,1,3.9,0,1.5,0
111913,46687.77287,0.3,0,1,0,0.07,1,0.9,0,0.3,0,1.5,0,0.07,1,3.4,0,1,0
111927,29397.49972,0.3,0,0.6,0,0.1,0,1.6,0,0.1,0,1.6,0,0.07,1,2.6,0,0.9,0
111928,58495.6054,0.2,0,1.9,0,0.07,1,0.5,0,0.1,0,2.2,0,0.07,1,1.7,0,0.5,0
111930,81526.36018,0.07,1,0.4,0,0.1,0,0.2,0,0.07,1,0.5,0,0.07,1,2.1,0,0.8,0
111938,406754.9371,0.2,0,2.3,0,0.07,1,0.4,0,0.2,0,3,0,0.07,1,2.4,0,2.2,0
111946,92758.59933,0.1,0,0.4,0,0.3,0,0.2,0,0.1,0,0.6,0,0.07,1,0.8,0,0.3,0
111947,20929.35907,0.4,0,1.3,0,0.07,1,0.7,0,0.2,0,1.4,0,0.07,1,4.9,0,1,0
111951,41528.57507,0.1,0,0.5,0,0.07,1,0.2,0,0.07,1,1,0,0.07,1,1.7,0,0.9,0
111955,21300.61484,0.1,0,0.4,0,0.07,1,0.4,0,0.07,1,0.7,0,0.2,0,1.1,0,0.6,0
111956,49546.76997,0.2,0,3,0,0.9,0,0.5,0,0.1,0,1.2,0,0.07,1,4.7,0,2.1,0
111958,98998.47173,0.07,1,1.4,0,0.07,1,0.2,0,0.07,1,1.1,0,0.07,1,2.9,0,1.5,0
111967,0,,,,,,,,,,,,,,,,,,
111972,110918.2385,0.2,0,0.3,0,0.07,1,0.7,0,0.07,1,0.6,0,0.07,1,1.5,0,0.4,0
111977,29472.72127,0.2,0,0.8,0,0.2,0,0.3,0,0.07,1,0.8,0,0.07,1,4.2,0,1.5,0
111985,0,,,,,,,,,,,,,,,,,,
111999,52295.359,0.1,0,0.2,0,0.07,1,0.2,0,0.07,1,0.2,0,0.07,1,0.4,0,0.2,0
112004,10896.46787,0.2,0,2.6,0,0.4,0,0.5,0,0.1,0,1.7,0,0.07,1,4.6,0,1.5,0
112010,35885.9212,0.2,0,1.4,0,0.1,0,0.3,0,0.1,0,1.9,0,0.07,1,5.3,0,1.4,0
112011,204992.8758,0.2,0,1.1,0,0.2,0,0.8,0,0.2,0,1.2,0,0.07,1,2,0,1.6,0
112012,54055.75793,0.07,1,1,0,0.07,1,0.3,0,0.07,1,0.8,0,0.07,1,1.8,0,1,0
112013,53295.32768,0.1,0,0.4,0,0.07,1,1.5,0,0.07,1,1.4,0,0.07,1,1.1,0,0.5,0
112017,107401.3896,0.1,0,0.6,0,0.1,0,0.7,0,0.07,1,0.6,0,0.07,1,1,0,0.4,0
112018,116056.7115,0.2,0,2.1,0,0.07,1,0.7,0,0.2,0,1.5,0,0.07,1,4.2,0,1.2,0
112020,72683.72137,0.5,0,0.4,0,0.07,1,0.9,0,0.4,0,6.7,0,0.07,1,4.8,0,0.7,0
112021,446278.5744,2,0,1,0,0.8,0,4.5,0,0.4,0,10.4,0,0.07,1,2.4,0,2.3,0
112027,22027.36777,0.07,1,0.7,0,0.1,0,0.2,0,0.07,1,0.9,0,0.1,0,1.3,0,0.5,0
112031,21853.00081,0.3,0,1.5,0,0.07,1,0.9,0,0.2,0,2.6,0,0.1,0,4.3,0,1.4,0
112033,21788.85417,0.1,0,3,0,0.07,1,0.3,0,0.07,1,1.2,0,0.07,1,2.1,0,0.8,0
112034,96340.53587,0.2,0,0.8,0,0.2,0,0.5,0,0.1,0,1.4,0,0.07,1,3.1,0,1.5,0
112035,40933.45525,0.4,0,1.4,0,0.07,1,0.6,0,0.07,1,1.8,0,0.07,1,2.5,0,1.1,0
112040,395472.1278,0.2,0,0.8,0,0.1,0,0.4,0,0.2,0,1,0,0.07,1,3.3,0,0.9,0
112041,51042.37759,0.07,1,1,0,1.3,0,0.9,0,0.07,1,1.7,0,0.07,1,2.2,0,1.1,0
112047,40353.9732,0.2,0,2.7,0,0.1,0,0.5,0,0.1,0,1.8,0,0.07,1,4.2,0,2.1,0
112050,537275.6735,0.3,0,2,0,0.4,0,1,0,0.2,0,3.1,0,0.07,1,6.7,0,2.8,0
112055,219322.7415,0.1,0,0.4,0,0.1,0,0.2,0,0.07,1,0.6,0,0.07,1,1.2,0,0.5,0
112058,24925.70375,0.2,0,0.8,0,0.07,1,0.4,0,0.1,0,1.1,0,0.07,1,2.2,0,0.7,0
112059,33188.84534,0.1,0,0.2,0,0.1,0,0.2,0,0.07,1,0.5,0,0.07,1,1,0,0.4,0
112061,24998.79773,0.2,0,0.6,0,0.07,1,0.4,0,0.07,1,1.1,0,0.07,1,2.7,0,0.8,0
112068,0,,,,,,,,,,,,,,,,,,
112072,42264.59235,0.3,0,2.7,0,0.07,1,1,0,0.2,0,1.8,0,0.07,1,8.9,0,3,0
112082,40133.41592,0.07,1,0.7,0,0.07,1,1.5,0,0.07,1,0.5,0,0.07,1,0.6,0,0.4,0
112089,139184.6723,0.1,0,0.3,0,0.1,0,0.2,0,0.1,0,0.6,0,0.07,1,1.8,0,0.8,0
112090,26958.28665,0.1,0,1.5,0,0.3,0,0.4,0,0.07,1,2.4,0,0.07,1,3.6,0,1.7,0
112092,0,,,,,,,,,,,,,,,,,,
112095,15906.03908,0.2,0,1.2,0,0.07,1,0.07,1,0.07,1,0.7,0,0.07,1,2.3,0,1.3,0
112096,0,,,,,,,,,,,,,,,,,,
112100,322509.6709,0.1,0,1.3,0,0.07,1,0.5,0,0.07,1,1.7,0,0.07,1,7.4,0,7.6,0
112105,158309.1497,0.2,0,1.2,0,0.07,1,0.4,0,0.07,1,1.6,0,0.07,1,2.7,0,1.3,0
112108,24819.00465,0.4,0,0.3,0,0.2,0,0.5,0,0.1,0,1.1,0,0.07,1,3.5,0,0.6,0
112115,92522.94829,0.2,0,1.6,0,0.1,0,0.7,0,0.2,0,0.7,0,0.07,1,4.5,0,1.5,0
112120,53749.51276,0.2,0,1.3,0,0.07,1,0.5,0,0.2,0,1.6,0,0.07,1,2.1,0,0.6,0
112123,31300.32326,0.2,0,2.4,0,0.2,0,0.7,0,0.07,1,1.3,0,0.07,1,5.4,0,4.9,0
112125,0,,,,,,,,,,,,,,,,,,
112128,135619.2483,0.1,0,0.7,0,0.2,0,0.3,0,0.1,0,0.5,0,0.2,0,2,0,1,0
112132,86946.86997,0.07,1,1.1,0,0.2,0,0.5,0,0.07,1,0.7,0,0.07,1,2,0,1.1,0
112135,30977.57492,0.9,0,1.8,0,0.1,0,1.8,0,0.8,0,2.7,0,0.07,1,13.3,0,1.9,0
112136,42657.53061,0.07,1,1.8,0,0.07,1,0.6,0,0.07,1,0.7,0,0.07,1,2.4,0,1.6,0
112139,59518.90851,1.2,0,1.1,0,0.07,1,1,0,0.2,0,1.3,0,0.07,1,6.3,0,2,0
112144,57618.98902,0.2,0,0.4,0,0.2,0,0.5,0,0.2,0,1.3,0,0.07,1,1.2,0,0.6,0
112148,141444.4233,0.3,0,0.8,0,0.4,0,0.9,0,0.1,0,1.6,0,0.2,0,1.9,0,1.2,0
112156,37500.91539,0.5,0,0.5,0,0.07,1,1,0,1,0,1.1,0,0.07,1,2.6,0,0.5,0
112161,20027.05395,0.2,0,0.5,0,0.07,1,0.4,0,0.1,0,0.9,0,0.07,1,2.7,0,0.7,0
112165,36948.35389,0.07,1,2.5,0,0.07,1,0.7,0,0.07,1,1.1,0,0.07,1,1.5,0,0.7,0
112168,76602.63808,0.2,0,0.5,0,0.1,0,0.5,0,0.1,0,1.9,0,0.07,1,2.9,0,0.9,0
112169,60128.50968,0.1,0,0.8,0,0.07,1,0.4,0,0.07,1,1,0,0.07,1,3.5,0,3,0
112172,78297.83441,0.1,0,0.4,0,0.1,0,0.2,0,0.07,1,0.4,0,0.07,1,1.5,0,0.4,0
112182,118768.8938,0.3,0,1.5,0,0.07,1,0.9,0,0.07,1,5.3,0,0.07,1,2.6,0,1.3,0
112186,63869.86509,0.1,0,0.5,0,0.07,1,0.3,0,0.2,0,0.6,0,0.07,1,1.6,0,0.5,0
112187,44300.11095,0.07,1,0.4,0,0.07,1,0.07,1,0.07,1,0.6,0,0.07,1,0.7,0,0.4,0
112190,30517.19009,0.2,0,2,0,0.07,1,0.7,0,0.07,1,1.9,0,0.07,1,4.5,0,2.1,0
112193,21583.94963,0.4,0,1.3,0,0.1,0,1,0,0.3,0,2.8,0,0.07,1,7.7,0,2.3,0
112194,134747.3932,0.2,0,1.2,0,0.07,1,1,0,0.1,0,2,0,0.07,1,2.6,0,1.2,0
112195,26007.50287,0.2,0,0.8,0,0.2,0,0.5,0,0.2,0,1.1,0,0.07,1,2.3,0,0.9,0
112201,52861.81566,0.1,0,0.9,0,0.07,1,0.3,0,0.07,1,0.9,0,0.07,1,1.4,0,0.6,0
112203,46584.61307,0.2,0,0.6,0,0.1,0,0.7,0,0.1,0,2.2,0,0.07,1,1.4,0,0.7,0
112205,22695.33157,0.5,0,1.4,0,0.07,1,0.4,0,0.2,0,1.6,0,0.07,1,9.6,0,1,0
112207,34523.42724,0.6,0,0.4,0,0.07,1,0.8,0,0.2,0,1.3,0,0.07,1,6,0,0.9,0
112208,43162.65035,0.1,0,1.1,0,0.2,0,0.4,0,0.1,0,1,0,0.07,1,2,0,0.6,0
112209,60862.37844,0.1,0,1.5,0,0.07,1,0.5,0,0.07,1,1.4,0,0.07,1,1.4,0,0.6,0
112213,265957.1743,0.07,1,1.5,0,0.07,1,0.4,0,0.07,1,1.7,0,0.07,1,1.7,0,1,0
112215,10577.61972,0.4,0,2.4,0,1.2,0,1.3,0,0.1,0,3.2,0,0.07,1,15.9,0,5.4,0
112223,41370.1811,0.07,1,0.4,0,0.1,0,0.8,0,0.07,1,0.6,0,0.07,1,0.9,0,0.3,0
112228,344227.8133,0.1,0,0.7,0,0.07,1,0.2,0,0.1,0,1.3,0,0.07,1,0.8,0,0.3,0
112229,58143.25499,0.1,0,1.3,0,0.07,1,0.5,0,0.07,1,1.2,0,0.07,1,2.5,0,1.3,0
112230,812316.1565,0.2,0,1.8,0,0.4,0,0.7,0,0.2,0,1.7,0,0.07,1,9.4,0,2.9,0
112240,72845.89278,0.2,0,2.5,0,0.2,0,0.5,0,0.07,1,2.6,0,0.07,1,4.3,0,2.3,0
112241,670030.2261,0.1,0,1.1,0,0.07,1,0.2,0,0.07,1,1.4,0,0.07,1,2.3,0,1.5,0
112242,36541.78156,0.1,0,1.6,0,0.07,1,0.4,0,0.07,1,1.6,0,0.07,1,2.3,0,1.1,0
112243,166650.518,0.07,1,0.6,0,0.2,0,0.3,0,0.07,1,2,0,0.07,1,2.1,0,1.6,0
112248,200412.6869,0.1,0,0.5,0,0.4,0,0.9,0,0.1,0,0.6,0,0.07,1,2.1,0,0.8,0
112252,182308.3484,0.2,0,7.1,0,0.2,0,0.4,0,0.07,1,1.7,0,0.07,1,4.9,0,2.1,0
112254,18845.16834,0.3,0,1.2,0,0.2,0,0.5,0,0.1,0,1.6,0,0.07,1,3.1,0,0.8,0
112255,27608.67446,0.2,0,1.2,0,0.07,1,0.4,0,0.07,1,1.5,0,0.07,1,1.1,0,0.4,0
112256,39283.25155,0.2,0,0.4,0,0.2,0,0.07,1,0.3,0,0.7,0,0.2,0,1.5,0,0.3,0
112269,174277.7487,0.4,0,3.4,0,0.07,1,0.8,0,0.2,0,3.2,0,0.07,1,6.8,0,5.9,0
112276,29926.82819,0.3,0,0.7,0,0.07,1,1.5,0,0.3,0,2.1,0,0.07,1,3.4,0,1.8,0
112280,62571.25956,0.07,1,0.7,0,0.2,0,0.6,0,0.07,1,0.6,0,0.07,1,1.7,0,1.1,0
112287,73437.52169,0.9,0,3.1,0,0.8,0,2,0,0.6,0,1.5,0,0.07,1,59.7,0,7.1,0
112294,53777.00387,0.3,0,1,0,0.07,1,0.8,0,0.2,0,1.2,0,0.07,1,6.3,0,1.6,0
112295,84414.61412,2.4,0,1.1,0,0.07,1,3.9,0,1,0,3.7,0,0.07,1,16.6,0,3.3,0
112299,72915.08649,0.07,1,1,0,0.4,0,0.07,1,0.07,1,1.1,0,0.07,1,2.5,0,1.7,0
112305,56780.49843,0.3,0,1.2,0,0.07,1,0.9,0,0.2,0,1.3,0,0.07,1,5,0,1.4,0
112312,174962.9874,0.1,0,2.4,0,0.07,1,0.8,0,0.07,1,1,0,0.07,1,4.3,0,3.2,0
112313,26619.06725,0.07,1,0.3,0,0.07,1,0.2,0,0.07,1,0.6,0,0.07,1,0.6,0,0.2,0
112320,36623.08543,0.2,0,1,0,0.1,0,0.6,0,0.2,0,1.8,0,0.07,1,2.3,0,0.9,0
112322,62286.11597,0.2,0,0.8,0,0.1,0,0.8,0,0.2,0,1.2,0,0.2,0,1.8,0,1,0
112329,70865.33398,0.07,1,0.2,0,0.07,1,0.07,1,0.07,1,0.2,0,0.07,1,0.6,0,0.2,0
112332,533842.2711,0.1,0,0.2,0,0.07,1,0.3,0,0.1,0,0.9,0,0.07,1,0.9,0,0.4,0
112334,0,,,,,,,,,,,,,,,,,,
112341,164896.2727,0.1,0,0.6,0,0.07,1,0.1,0,0.07,1,0.5,0,0.07,1,1.4,0,0.6,0
112349,0,,,,,,,,,,,,,,,,,,
112350,170322.016,0.07,1,1.3,0,0.07,1,0.1,0,0.07,1,2.5,0,0.07,1,0.07,1,0.3,0
112356,39434.08152,0.07,1,0.3,0,0.07,1,0.1,0,0.07,1,0.4,0,0.07,1,0.8,0,0.2,0
112357,74833.51119,0.6,0,0.5,0,0.07,1,0.6,0,0.7,0,1.4,0,0.07,1,3.7,0,0.5,0
112359,10514.71795,0.3,0,1.7,0,0.1,0,0.8,0,0.2,0,2.2,0,0.07,1,5.1,0,2.9,0
112371,87902.17057,0.2,0,0.3,0,0.2,0,0.5,0,0.4,0,0.4,0,0.07,1,1,0,0.2,0
112374,49751.94601,0.2,0,1.6,0,0.1,0,1,0,0.1,0,1.7,0,0.07,1,1.9,0,1,0
112375,48884.55301,0.1,0,1.3,0,0.1,0,0.3,0,0.07,1,1.8,0,0.07,1,1.6,0,0.9,0
112376,33830.54451,0.07,1,0.9,0,0.07,1,2.4,0,0.07,1,0.7,0,0.07,1,1.4,0,0.7,0
112387,42891.03896,0.3,0,1.5,0,0.07,1,1.5,0,0.3,0,2.5,0,0.07,1,6.3,0,2.7,0
112402,0,,,,,,,,,,,,,,,,,,
112408,48494.64795,0.5,0,3.1,0,0.1,0,1.3,0,0.4,0,2,0,0.07,1,22.9,0,9.1,0
112410,31591.9392,1.3,0,2.5,0,0.3,0,1.1,0,0.6,0,0.8,0,0.07,1,18.8,0,7.5,0
112423,27799.61705,0.1,0,1.6,0,0.07,1,0.4,0,0.07,1,1.3,0,0.07,1,0.9,0,0.3,0
112427,94192.50675,0.2,0,0.4,0,0.3,0,0.3,0,0.2,0,0.7,0,0.07,1,2,0,0.6,0
112434,0,,,,,,,,,,,,,,,,,,
112436,407852.9979,0.3,0,6.2,0,0.1,0,0.7,0,0.1,0,1.9,0,0.07,1,3.5,0,1.5,0
112438,60785.26174,0.1,0,0.9,0,0.07,1,0.3,0,0.07,1,0.6,0,0.07,1,1,0,0.3,0
112444,27676.99493,0.1,0,1.6,0,0.2,0,0.3,0,0.07,1,1.6,0,0.07,1,1.8,0,1.1,0
112447,50442.84921,0.07,1,0.5,0,0.3,0,0.3,0,0.07,1,1,0,0.07,1,1,0,0.4,0
112451,21886.5689,0.2,0,2,0,0.07,1,0.9,0,0.07,1,2.1,0,0.07,1,4.8,0,3.3,0
112452,163353.8354,0.2,0,4.9,0,0.2,0,1,0,0.1,0,9.6,0,0.07,1,9,0,6.7,0
112462,275385.1468,0.07,1,0.2,0,0.1,0,0.07,1,0.07,1,0.5,0,0.07,1,0.5,0,0.2,0
112467,30780.42394,0.4,0,5.1,0,0.5,0,1.5,0,0.2,0,3.4,0,0.07,1,18,0,7.1,0
112469,42252.46048,0.07,1,0.07,1,0.07,1,0.07,1,0.07,1,0.1,0,0.07,1,0.8,0,0.07,1
112475,85513.83479,0.3,0,6.1,0,0.1,0,1.2,0,0.1,0,2.3,0,0.07,1,11.1,0,4.9,0
112477,50829.60561,0.2,0,0.3,0,0.07,1,0.3,0,0.1,0,0.4,0,0.07,1,1.3,0,0.4,0
112478,89774.67514,0.1,0,1,0,0.1,0,0.3,0,0.07,1,2.2,0,0.07,1,1.6,0,1,0
112479,76983.29933,0.3,0,1.1,0,0.2,0,0.6,0,0.2,0,0.8,0,0.07,1,6,0,1.3,0
112486,15831.73188,0.1,0,14.1,0,0.1,0,0.7,0,0.07,1,2.1,0,0.2,0,26.2,0,9.6,0
112492,0,,,,,,,,,,,,,,,,,,
112494,33738.58345,0.1,0,2.3,0,0.4,0,0.3,0,0.2,0,1.7,0,0.07,1,3.3,0,1.1,0
112496,31216.97982,0.07,1,0.4,0,0.07,1,0.5,0,0.07,1,0.7,0,0.07,1,1.6,0,0.5,0
112498,259108.4869,0.2,0,2.1,0,0.07,1,0.3,0,0.1,0,0.9,0,0.07,1,2.9,0,0.8,0
112499,32937.15804,0.5,0,0.3,0,0.07,1,0.3,0,0.4,0,0.8,0,0.07,1,3.1,0,0.6,0
112503,112368.3761,0.2,0,1.6,0,0.07,1,0.8,0,0.07,1,3.5,0,0.07,1,2.3,0,1.5,0
112505,50093.2228,0.4,0,2,0,0.07,1,1.1,0,0.3,0,2.1,0,0.07,1,4.3,0,2.6,0
112509,52473.90397,0.3,0,0.9,0,0.2,0,1,0,0.2,0,1.1,0,0.07,1,3.4,0,1.2,0
112511,33783.55721,0.2,0,2.5,0,0.6,0,1.2,0,0.1,0,3.8,0,0.1,0,3.5,0,4.2,0
112515,47367.68861,0.1,0,0.4,0,0.1,0,0.3,0,0.1,0,0.7,0,0.07,1,1.3,0,0.8,0
112517,59258.88993,1.1,0,2.6,0,0.07,1,1.5,0,0.6,0,2.2,0,0.07,1,11.3,0,2.7,0
112530,84662.16771,0.2,0,3.9,0,2.7,0,1.2,0,0.2,0,5.3,0,0.7,0,7,0,5.2,0
112544,145955.7201,0.2,0,0.4,0,0.07,1,0.3,0,0.3,0,0.7,0,0.07,1,1.4,0,0.6,0
112546,141444.0793,0.07,1,0.1,0,0.07,1,0.1,0,0.07,1,0.3,0,0.07,1,0.5,0,0.2,0
112550,276060.7015,0.4,0,3.4,0,0.07,1,0.9,0,0.3,0,3.5,0,0.07,1,11.3,0,4.6,0
112552,167491.9947,0.07,1,0.5,0,0.07,1,0.6,0,0.07,1,0.9,0,0.07,1,2.6,0,1,0
112557,0,,,,,,,,,,,,,,,,,,
112566,31704.82312,0.7,0,0.3,0,0.1,0,0.6,0,0.5,0,0.7,0,0.07,1,4.2,0,0.8,0
112567,160297.8631,0.2,0,1.4,0,0.6,0,0.6,0,0.2,0,1.1,0,0.07,1,7.9,0,3.2,0
112568,40796.97377,0.3,0,1.9,0,0.07,1,0.9,0,0.3,0,1.6,0,0.07,1,5.1,0,1.4,0
112569,79347.15742,0.3,0,0.4,0,0.2,0,0.3,0,0.07,1,0.7,0,0.07,1,1.5,0,0.5,0
112571,42101.85494,0.2,0,0.9,0,0.07,1,0.5,0,0.2,0,1,0,0.2,0,4.5,0,1.3,0
112573,11259.85697,0.2,0,0.3,0,0.07,1,0.7,0,0.07,1,1.8,0,0.07,1,1.1,0,0.3,0
112574,8973.016194,0.3,0,4,0,0.3,0,0.6,0,0.1,0,0.9,0,0.07,1,9.1,0,3,0
112576,0,,,,,,,,,,,,,,,,,,
112578,165665.214,0.2,0,1.3,0,0.07,1,0.9,0,0.07,1,1.5,0,0.07,1,2.1,0,1.6,0
112580,42413.19817,0.1,0,0.2,0,0.07,1,0.7,0,0.07,1,1,0,0.07,1,1.1,0,0.4,0
112584,0,,,,,,,,,,,,,,,,,,
112585,33249.58734,0.3,0,3.1,0,0.1,0,0.5,0,0.1,0,2.2,0,0.07,1,8.2,0,1.7,0
112586,70096.88863,0.9,0,0.5,0,0.07,1,1.2,0,0.6,0,1.1,0,0.07,1,6.3,0,0.6,0
112587,48071.72362,0.6,0,7.3,0,0.07,1,0.9,0,0.5,0,5.4,0,0.1,0,11.4,0,2.5,0
112589,28148.95401,0.1,0,1.9,0,0.6,0,0.6,0,0.1,0,1.7,0,0.07,1,9.4,0,3.2,0
112592,0,,,,,,,,,,,,,,,,,,
112594,243120.5265,0.1,0,0.6,0,0.4,0,0.4,0,0.07,1,1,0,0.07,1,4.9,0,1.5,0
112599,248031.8102,0.2,0,0.5,0,0.07,1,0.5,0,0.1,0,0.8,0,0.07,1,1.2,0,0.5,0
112600,66685.00029,0.07,1,0.9,0,0.2,0,0.3,0,0.07,1,1.4,0,0.07,1,1.8,0,0.8,0
112605,67212.46173,0.07,1,0.4,0,0.07,1,0.1,0,0.07,1,1.1,0,0.07,1,0.4,0,0.3,0
112606,108910.8442,0.07,1,1.4,0,0.07,1,0.7,0,0.07,1,1.2,0,0.07,1,1.6,0,1.1,0
112608,0,,,,,,,,,,,,,,,,,,
112609,44828.7084,0.1,0,1.1,0,0.7,0,0.3,0,0.07,1,1.3,0,0.07,1,2.5,0,1.1,0
112617,123947.2007,0.2,0,3,0,0.1,0,0.4,0,0.1,0,1.4,0,0.07,1,4.3,0,2.5,0
112619,27732.42475,0.4,0,0.4,0,0.07,1,0.4,0,0.5,0,0.5,0,0.07,1,2.2,0,0.4,0
112621,11116.53089,0.2,0,1.3,0,0.07,1,6.5,0,0.4,0,1.9,0,0.07,1,3.8,0,3.2,0
112630,309125.5157,0.1,0,0.3,0,0.2,0,0.07,1,0.07,1,0.7,0,0.07,1,1.7,0,0.4,0
112646,29142.47928,0.5,0,1.9,0,0.1,0,0.9,0,0.2,0,1.6,0,0.07,1,8,0,1.9,0
112650,53034.29443,0.07,1,0.4,0,0.07,1,0.07,1,0.07,1,0.6,0,0.07,1,1.5,0,0.5,0
112656,159311.049,0.07,1,0.4,0,0.07,1,0.4,0,0.07,1,0.8,0,0.07,1,0.7,0,0.4,0
112660,86719.00992,0.07,1,1.5,0,0.2,0,2.8,0,0.07,1,0.9,0,0.07,1,3.3,0,1.7,0
112662,43691.94985,0.1,0,0.5,0,0.07,1,0.3,0,0.07,1,0.8,0,0.07,1,1.1,0,0.6,0
112664,21305.8145,1.7,0,12.3,0,0.07,1,3,0,2.3,0,52.8,0,0.07,1,15.9,0,2.7,0
112666,26244.41142,0.3,0,0.3,0,0.07,1,0.5,0,0.2,0,1.2,0,0.07,1,2.1,0,0.4,0
112682,0,,,,,,,,,,,,,,,,,,
112685,0,,,,,,,,,,,,,,,,,,
112687,46630.05931,0.3,0,1.1,0,0.4,0,0.8,0,0.2,0,2.1,0,0.6,0,5,0,2.1,0
112694,0,,,,,,,,,,,,,,,,,,
112703,27685.12677,1.3,0,1.7,0,0.07,1,2.5,0,1.4,0,1.4,0,0.07,1,15.4,0,3.7,0
112706,80349.97237,0.2,0,0.5,0,0.5,0,0.3,0,0.1,0,0.6,0,0.07,1,3.4,0,0.9,0
112709,79829.61485,0.4,0,1.6,0,0.07,1,0.8,0,0.2,0,2.6,0,0.1,0,7.1,0,2.1,0
112711,33529.39865,0.2,0,3,0,0.07,1,0.4,0,0.1,0,1.2,0,0.07,1,1.8,0,1.2,0
112713,0,,,,,,,,,,,,,,,,,,
112718,257225.1286,0.1,0,1.5,0,0.07,1,0.3,0,0.07,1,1,0,0.07,1,2.9,0,1.2,0
112724,75901.31151,0.07,1,0.2,0,0.07,1,0.3,0,0.07,1,0.7,0,0.07,1,0.8,0,0.4,0
112725,28317.08296,0.07,1,0.6,0,0.07,1,0.2,0,0.07,1,0.9,0,0.07,1,0.7,0,0.3,0
112728,41714.6991,0.1,0,1.6,0,0.2,0,0.6,0,0.07,1,1.8,0,0.2,0,2.1,0,1.2,0
112731,87664.15795,0.2,0,1.1,0,0.1,0,0.4,0,0.1,0,1.2,0,0.07,1,2.7,0,1.4,0
112734,109181.0454,0.2,0,2.4,0,0.4,0,0.7,0,0.1,0,2.4,0,0.07,1,3.7,0,4.7,0
112735,12806.67586,0.1,0,0.3,0,0.07,1,0.3,0,0.07,1,0.7,0,0.07,1,1.3,0,0.4,0
112738,13648.16346,0.2,0,3.1,0,0.1,0,0.8,0,0.1,0,2.9,0,0.07,1,6.5,0,4.3,0
112752,30720.09625,0.8,0,0.7,0,0.2,0,0.7,0,0.5,0,2,0,0.07,1,11.5,0,1,0
112760,191240.0607,0.3,0,0.6,0,0.07,1,0.7,0,0.2,0,2.4,0,0.07,1,2.5,0,0.7,0
112775,31106.93206,0.1,0,1,0,0.1,0,0.3,0,0.1,0,1.3,0,0.07,1,0.8,0,0.6,0
112781,44362.30908,0.07,1,4,0,0.6,0,0.7,0,0.07,1,1.5,0,0.07,1,5.9,0,4.2,0
112782,158293.8495,0.2,0,6.7,0,0.07,1,0.3,0,0.07,1,1.3,0,0.07,1,5.4,0,1.3,0
112786,14450.07588,0.6,0,1.8,0,0.07,1,1.1,0,0.3,0,1.9,0,0.07,1,8.6,0,2.7,0
112789,39251.98894,0.07,1,0.9,0,0.07,1,0.6,0,0.1,0,1.7,0,0.07,1,1.3,0,0.8,0
112795,41955.92054,0.07,1,0.3,0,0.07,1,0.2,0,0.07,1,0.5,0,0.07,1,1,0,0.3,0
112828,15604.33514,4.6,0,3.1,0,0.07,1,3.6,0,1.4,0,3.7,0,0.07,1,41,0,5.3,0
112839,250932.6668,0.4,0,0.6,0,0.1,0,0.6,0,0.5,0,1.7,0,0.07,1,3.2,0,0.7,0
112845,79145.72938,0.07,1,1.4,0,0.1,0,1.2,0,0.07,1,1.3,0,0.07,1,1.7,0,1,0
112847,197425.4319,0.2,0,0.7,0,0.1,0,0.6,0,0.07,1,1,0,0.07,1,1.4,0,0.5,0
112853,21339.66497,0.07,1,1.8,0,0.07,1,0.6,0,0.07,1,1.9,0,0.07,1,2,0,1,0
112854,46390.1175,0.07,1,0.5,0,0.07,1,0.2,0,0.07,1,0.9,0,0.07,1,0.8,0,0.4,0
112856,61776.51056,0.2,0,1,0,0.2,0,0.3,0,0.2,0,0.8,0,0.07,1,3.6,0,0.6,0
112862,0,,,,,,,,,,,,,,,,,,
112865,40884.27732,0.9,0,0.7,0,0.1,0,2.4,0,0.6,0,2.6,0,0.07,1,5.7,0,0.7,0
112867,35605.34912,0.07,1,0.9,0,0.07,1,0.2,0,0.07,1,0.8,0,0.07,1,0.9,0,0.5,0
112869,143856.2238,0.07,1,0.4,0,0.2,0,0.2,0,0.07,1,0.5,0,0.07,1,0.9,0,0.5,0
112892,14802.9673,0.6,0,0.9,0,0.07,1,1.5,0,0.4,0,9.9,0,0.07,1,3.1,0,0.6,0
112898,41266.4611,0.5,0,0.5,0,0.6,0,1.3,0,0.5,0,1.5,0,0.07,1,3.6,0,1.3,0
112900,40628.51974,0.1,0,0.5,0,0.07,1,0.2,0,0.2,0,0.4,0,0.07,1,1.7,0,0.5,0
112901,307923.1507,0.07,1,1,0,0.07,1,0.4,0,0.07,1,2.3,0,0.07,1,1.3,0,1.1,0
112902,324522.7936,0.3,0,1.1,0,0.1,0,0.8,0,0.2,0,2.4,0,0.07,1,2.7,0,0.9,0
112905,27342.25787,0.1,0,5.3,0,0.07,1,0.2,0,0.07,1,1.8,0,0.07,1,2.6,0,0.8,0
112908,34900.82369,0.2,0,1.5,0,0.3,0,0.5,0,0.1,0,1.2,0,0.07,1,5.9,0,3.7,0
112915,27098.17606,0.2,0,0.6,0,0.1,0,0.07,1,0.07,1,0.7,0,0.07,1,1.4,0,0.9,0
112919,17580.02726,0.3,0,1.9,0,0.2,0,1.2,0,0.2,0,3.5,0,0.07,1,5.4,0,3.5,0
112927,21777.37668,0.2,0,0.4,0,0.1,0,0.4,0,0.2,0,1,0,0.07,1,1.5,0,0.7,0
112929,27914.53172,0.5,0,3.1,0,0.5,0,1.3,0,0.3,0,2.4,0,0.07,1,6.2,0,1.6,0
112930,73635.4688,0.1,0,2.6,0,0.07,1,0.6,0,0.07,1,1.4,0,0.07,1,4.2,0,1.9,0
112931,58183.29643,0.1,0,0.2,0,0.1,0,0.1,0,0.3,0,0.4,0,0.1,0,0.6,0,0.2,0
112939,37993.65319,0.3,0,0.7,0,0.07,1,0.5,0,0.1,0,1.1,0,0.07,1,1.4,0,0.7,0
112942,41015.42409,0.2,0,3.1,0,0.1,0,0.7,0,0.07,1,3.7,0,0.07,1,3.4,0,1.7,0
112948,115219.1738,0.1,0,2.2,0,0.07,1,1.4,0,0.1,0,1.7,0,0.07,1,2,0,1.2,0
112949,56831.05715,0.4,0,0.7,0,0.07,1,0.6,0,0.1,0,2.5,0,0.07,1,1.3,0,0.5,0
112955,103244.0615,0.2,0,0.6,0,0.07,1,0.9,0,0.1,0,0.7,0,0.07,1,1.4,0,0.3,0
112962,132616.7453,0.1,0,0.4,0,0.2,0,0.2,0,0.1,0,0.5,0,0.07,1,1.4,0,0.4,0
112965,16202.98756,0.07,1,0.07,1,0.07,1,0.07,1,0.07,1,0.2,0,0.07,1,0.3,0,0.07,1
112967,12182.98932,0.2,0,1,0,0.07,1,0.6,0,0.1,0,0.6,0,0.07,1,4.3,0,2.2,0
112970,56812.13631,0.07,1,2.1,0,0.2,0,0.3,0,0.07,1,2.6,0,0.07,1,4.1,0,2.8,0
112972,28387.13905,0.3,0,1.8,0,0.1,0,0.4,0,0.2,0,1.4,0,0.07,1,3.5,0,1.1,0
112974,15809.26259,0.1,0,0.7,0,0.1,0,0.5,0,0.07,1,2.3,0,0.2,0,2.1,0,1.5,0
112978,316897.8054,0.2,0,1.7,0,0.07,1,0.5,0,0.1,0,2.1,0,0.07,1,7.2,0,3.2,0
112981,218361.9677,0.2,0,1.1,0,0.07,1,0.4,0,0.1,0,1.7,0,0.07,1,2.1,0,1.1,0
112986,49846.10492,0.07,1,0.3,0,0.07,1,0.5,0,0.07,1,0.3,0,0.07,1,1,0,0.4,0
112996,178952.939,0.1,0,0.6,0,0.1,0,0.3,0,0.1,0,1.1,0,0.07,1,1,0,0.2,0
112997,53380.57825,0.3,0,1.5,0,0.07,1,0.7,0,0.2,0,2.3,0,0.07,1,1.8,0,1.4,0
113000,28160.93406,0.3,0,3.3,0,0.2,0,0.8,0,0.2,0,3.2,0,0.07,1,3.5,0,2.7,0
113006,171814.7377,0.2,0,0.5,0,0.1,0,0.7,0,0.1,0,0.7,0,0.07,1,2.1,0,0.6,0
113008,23416.34603,0.1,0,1.1,0,0.2,0,0.5,0,0.07,1,1.2,0,0.07,1,4.8,0,2.9,0
113009,14896.47171,0.07,1,0.5,0,0.1,0,0.07,1,0.07,1,1,0,0.2,0,0.5,0,0.3,0
113014,50057.92122,0.4,0,1,0,0.2,0,1.3,0,0.3,0,4.1,0,0.07,1,4.9,0,2.4,0
113023,67464.01036,0.1,0,0.4,0,0.2,0,0.2,0,0.07,1,0.6,0,0.07,1,0.9,0,0.6,0
113026,48884.55301,0.2,0,1.5,0,0.07,1,0.4,0,0.07,1,1.5,0,0.07,1,2.9,0,1.7,0
113028,0,,,,,,,,,,,,,,,,,,
113037,76534.28274,0.2,0,0.6,0,0.2,0,0.4,0,0.1,0,0.9,0,0.07,1,2.9,0,0.8,0
113038,11890.01033,0.1,0,1.3,0,0.07,1,0.3,0,0.07,1,1.1,0,0.07,1,3.2,0,1.1,0
113041,33034.40183,0.1,0,0.4,0,0.3,0,0.3,0,0.1,0,0.5,0,0.07,1,2,0,0.9,0
113047,24032.03436,0.3,0,0.9,0,0.2,0,0.8,0,0.2,0,1.8,0,0.07,1,6.9,0,2.6,0
113049,27695.57913,0.2,0,0.6,0,0.07,1,0.3,0,0.1,0,0.6,0,0.07,1,2,0,0.9,0
113057,26452.93341,0.07,1,1.6,0,0.07,1,0.4,0,0.07,1,1.9,0,0.07,1,2.1,0,1.2,0
113059,30884.58115,0.5,0,0.4,0,0.1,0,0.8,0,0.5,0,1.5,0,0.07,1,6,0,0.8,0
113061,61086.04339,0.07,1,0.7,0,0.07,1,0.5,0,0.07,1,0.4,0,0.07,1,0.5,0,0.3,0
113063,0,,,,,,,,,,,,,,,,,,
113073,0,,,,,,,,,,,,,,,,,,
113078,249691.3899,0.2,0,0.5,0,0.07,1,1,0,0.2,0,0.8,0,0.07,1,2.3,0,0.9,0
113079,28241.44567,0.07,1,0.4,0,0.07,1,0.3,0,0.07,1,0.7,0,0.07,1,1,0,0.4,0
113081,179444.6536,0.3,0,2.2,0,1.2,0,0.6,0,0.07,1,1.7,0,0.07,1,2.6,0,1.9,0
113088,14343.67533,1.8,0,3.6,0,0.3,0,0.7,0,1,0,1.6,0,0.07,1,17.9,0,6,0
113091,31787.47143,0.2,0,0.4,0,0.07,1,0.4,0,0.1,0,0.6,0,0.07,1,2,0,0.5,0
113098,224780.1068,0.2,0,1.5,0,0.07,1,1.4,0,0.2,0,3.5,0,0.07,1,2.1,0,1,0
113099,30681.35081,0.07,1,0.5,0,0.07,1,0.2,0,0.1,0,0.8,0,0.07,1,0.9,0,0.3,0
113101,47792.74698,0.6,0,2.3,0,0.07,1,1.6,0,0.3,0,2.2,0,0.07,1,8.1,0,1.4,0
113109,26104.90279,0.2,0,0.7,0,0.1,0,0.3,0,0.2,0,1.4,0,0.07,1,1.3,0,0.6,0
113110,124971.4936,0.07,1,0.7,0,0.07,1,0.2,0,0.07,1,1.4,0,0.07,1,1,0,0.7,0
113113,38211.96984,0.8,0,1.3,0,0.07,1,1,0,0.4,0,2.1,0,0.07,1,17.4,0,3.9,0
113119,76047.39729,0.2,0,3.2,0,0.07,1,0.4,0,0.1,0,1.8,0,0.07,1,3,0,2.1,0
113125,27471.16797,0.07,1,0.9,0,0.07,1,0.7,0,0.07,1,1,0,0.07,1,0.9,0,0.4,0
113141,103850.677,0.3,0,0.8,0,0.07,1,1.9,0,0.2,0,2,0,0.07,1,2.4,0,1.6,0
113143,0,,,,,,,,,,,,,,,,,,
113151,73056.31794,0.07,1,1.3,0,0.07,1,0.2,0,0.07,1,1.2,0,0.07,1,3.1,0,2.3,0
113152,345797.4201,0.9,0,1,0,0.2,0,2.3,0,0.2,0,5.5,0,0.07,1,7.4,0,6.8,0
113153,336396.8158,0.07,1,0.7,0,0.07,1,0.5,0,0.07,1,0.6,0,0.07,1,1.1,0,0.4,0
113154,292914.9714,0.2,0,1.3,0,0.07,1,0.4,0,0.1,0,1.1,0,0.07,1,3.9,0,1.4,0
113155,295533.3544,0.07,1,0.4,0,0.07,1,0.4,0,0.07,1,1.1,0,0.07,1,1.4,0,1.1,0
113163,61786.0854,1.5,0,1.3,0,0.1,0,1.6,0,0.8,0,2.5,0,0.07,1,13.9,0,2.6,0
113175,761121.3121,0.4,0,3.3,0,0.5,0,3.2,0,0.4,0,2.8,0,0.07,1,11.8,0,5.2,0
113178,14838.12202,0.1,0,0.5,0,0.2,0,0.3,0,0.1,0,1,0,0.07,1,0.9,0,0.4,0
113183,75849.6207,0.2,0,2.2,0,0.2,0,0.4,0,0.2,0,2,0,0.1,0,4.8,0,5.4,0
113188,244813.7643,0.2,0,0.9,0,0.3,0,0.3,0,0.2,0,1.2,0,0.07,1,5.7,0,2.4,0
113194,55268.27495,0.2,0,1.1,0,0.1,0,0.07,1,0.07,1,0.7,0,0.07,1,1.8,0,1,0
113197,90860.17969,0.2,0,0.5,0,0.1,0,0.3,0,0.1,0,0.6,0,0.07,1,1.8,0,0.7,0
113199,58746.0586,0.1,0,3.2,0,0.4,0,0.4,0,0.07,1,2.1,0,0.07,1,1.4,0,0.8,0
113201,137032.8525,0.1,0,1.2,0,0.07,1,0.9,0,0.07,1,1.9,0,0.07,1,3.3,0,2.4,0
113202,32984.43583,0.2,0,0.8,0,0.07,1,0.4,0,0.2,0,1.1,0,0.07,1,2.7,0,1.4,0
113205,11950.40431,0.07,1,0.3,0,0.07,1,0.2,0,0.07,1,0.8,0,0.07,1,0.9,0,0.4,0
113207,0,,,,,,,,,,,,,,,,,,
113208,65607.79703,0.9,0,0.7,0,0.07,1,1,0,0.4,0,2.6,0,0.07,1,8.6,0,1,0
113209,80498.05642,0.1,0,0.3,0,0.07,1,0.5,0,0.07,1,0.9,0,0.07,1,1.2,0,0.5,0
113213,325834.9805,0.2,0,0.5,0,0.1,0,0.3,0,0.2,0,1,0,0.07,1,2,0,0.6,0
113215,43812.32167,0.07,1,0.2,0,0.07,1,0.2,0,0.07,1,0.4,0,0.07,1,1,0,0.3,0
113216,87386.04094,0.2,0,0.8,0,0.3,0,0.9,0,0.1,0,1.3,0,0.07,1,2.3,0,1.2,0
113221,19795.77826,0.3,0,0.5,0,0.07,1,0.8,0,0.2,0,1.4,0,0.07,1,6,0,1.3,0
113232,21551.59036,0.1,0,2,0,0.07,1,0.4,0,0.07,1,1.7,0,0.07,1,1.6,0,0.8,0
113233,270185.4392,0.2,0,0.3,0,0.07,1,0.07,1,0.1,0,0.7,0,0.07,1,0.9,0,0.2,0
113236,94986.00146,0.3,0,0.7,0,0.07,1,1.4,0,0.2,0,2.1,0,0.07,1,10.9,0,1.8,0
113237,60050.0847,0.2,0,3.6,0,0.2,0,0.5,0,0.2,0,0.7,0,0.07,1,6.2,0,5.5,0
113240,26370.69456,0.1,0,1.6,0,0.4,0,0.6,0,0.07,1,1.9,0,0.07,1,1.3,0,1.3,0
113242,14494.46576,0.4,0,0.6,0,0.1,0,1.1,0,0.2,0,1.7,0,0.07,1,8.9,0,1.1,0
113250,524040.901,0.1,0,1.6,0,0.07,1,0.4,0,0.07,1,3.4,0,0.07,1,3.7,0,1.9,0
113262,21380.15233,0.5,0,0.8,0,0.07,1,0.8,0,0.2,0,1.3,0,0.07,1,11.3,0,1.5,0
113263,88278.24673,0.4,0,1.4,0,0.3,0,1,0,0.3,0,1.9,0,0.07,1,9.6,0,2.3,0
113264,139412.8961,0.1,0,0.5,0,0.1,0,0.3,0,0.07,1,1.1,0,0.07,1,1.2,0,0.4,0
113270,38917.78712,0.2,0,0.8,0,0.4,0,0.3,0,0.07,1,1.8,0,0.2,0,2.1,0,1.5,0
113274,183698.1676,0.3,0,2.2,0,0.3,0,0.5,0,0.2,0,1.7,0,0.07,1,3.9,0,2.4,0
113275,158969.1536,0.1,0,2.5,0,0.07,1,0.2,0,0.07,1,1.7,0,0.2,0,2.2,0,1.2,0
113276,54068.64584,0.2,0,2.1,0,0.1,0,1.3,0,0.07,1,2.8,0,0.07,1,2.8,0,1.6,0
113279,11880.44808,0.2,0,1.1,0,0.07,1,0.6,0,0.07,1,1.2,0,0.07,1,2.6,0,1.3,0
113285,35465.64513,0.2,0,0.5,0,0.07,1,0.5,0,0.1,0,0.8,0,0.07,1,2.2,0,0.4,0
113300,150627.3746,0.1,0,0.7,0,0.07,1,0.4,0,0.07,1,1.3,0,0.07,1,0.8,0,0.5,0
113310,89950.35174,0.2,0,0.4,0,1.1,0,0.4,0,0.1,0,0.7,0,0.07,1,2.3,0,0.9,0
113314,334412.7491,0.2,0,3.7,0,0.6,0,0.3,0,0.1,0,1.3,0,0.07,1,4.4,0,1.3,0
113317,0,,,,,,,,,,,,,,,,,,
113326,22402.0497,0.1,0,1.7,0,0.07,1,0.5,0,0.1,0,1.8,0,0.07,1,1.8,0,0.7,0
113328,10821.62511,0.1,0,0.9,0,0.5,0,0.3,0,0.07,1,0.8,0,0.07,1,2.7,0,0.9,0
113340,0,,,,,,,,,,,,,,,,,,
113344,94601.11591,0.5,0,1,0,0.4,0,1.2,0,0.3,0,16.9,0,0.07,1,9.4,0,3.2,0
113347,43580.5616,0.5,0,1.6,0,0.07,1,1,0,0.6,0,2.1,0,0.07,1,5,0,1.2,0
113349,0,,,,,,,,,,,,,,,,,,
113353,20680.42245,0.2,0,2.3,0,0.07,1,0.5,0,0.1,0,1.1,0,0.07,1,3.2,0,1.6,0
113367,161972.8612,0.2,0,1.3,0,0.6,0,1,0,0.2,0,2.8,0,0.07,1,4.8,0,2.7,0
113370,16613.95616,0.8,0,2.8,0,0.07,1,3,0,0.7,0,4.4,0,0.07,1,11.3,0,5.2,0
113371,15018.55615,0.4,0,2,0,0.07,1,1.3,0,0.3,0,2.3,0,0.07,1,5.9,0,2.8,0
113372,20719.64686,0.2,0,5.3,0,0.07,1,0.7,0,0.1,0,1.9,0,0.07,1,3.6,0,1.5,0
113373,73027.90519,0.2,0,3.6,0,0.07,1,0.7,0,0.07,1,2.9,0,0.07,1,7.3,0,5.2,0
113376,58836.29181,0.3,0,0.8,0,0.1,0,1,0,0.3,0,1.2,0,0.07,1,5.7,0,2.2,0
113384,34832.06107,0.5,0,0.7,0,0.07,1,0.9,0,0.7,0,0.7,0,0.07,1,3,0,0.4,0
113386,108533.9105,0.07,1,0.3,0,0.1,0,0.07,1,0.07,1,0.3,0,0.07,1,1.4,0,0.3,0
113392,23118.74631,0.3,0,0.6,0,0.07,1,0.3,0,0.2,0,0.7,0,0.07,1,7,0,0.7,0
113396,0,,,,,,,,,,,,,,,,,,
113397,0,,,,,,,,,,,,,,,,,,
113406,289213.1315,0.2,0,9.7,0,0.1,0,0.5,0,0.1,0,1.2,0,0.07,1,7.8,0,1.7,0
113407,37275.46837,0.2,0,2.1,0,0.2,0,1,0,0.1,0,2.9,0,0.07,1,11.5,0,5.2,0
113409,135147.2554,0.07,1,0.3,0,0.1,0,0.2,0,0.07,1,0.5,0,0.07,1,0.7,0,0.3,0
113423,39092.8093,0.1,0,18.7,0,0.1,0,0.3,0,0.1,0,5.1,0,0.07,1,7.1,0,1.8,0
113430,18387.80149,1.2,0,21.8,0,0.8,0,1.9,0,1.7,0,9.5,0,0.07,1,29.1,0,4.8,0
113431,111919.5268,0.07,1,5.9,0,0.07,1,0.07,1,0.1,0,1.4,0,0.07,1,3.3,0,1.7,0
113435,193840.3651,0.2,0,1,0,0.1,0,0.6,0,0.1,0,1.7,0,0.07,1,1.9,0,1,0
113437,58420.6327,0.4,0,3.3,0,0.07,1,1.5,0,0.6,0,5.3,0,0.07,1,4.8,0,1.2,0
113443,58323.01635,0.1,0,1.3,0,0.07,1,0.4,0,0.2,0,1.7,0,0.07,1,2.3,0,1.1,0
113446,51241.6818,0.2,0,2,0,0.07,1,0.5,0,0.1,0,1.6,0,0.07,1,3.4,0,0.9,0
113449,67379.41301,0.1,0,0.6,0,0.07,1,0.6,0,0.1,0,1.4,0,0.1,0,0.8,0,0.5,0
113450,40955.36434,0.2,0,1.5,0,0.07,1,1.3,0,0.2,0,3.2,0,0.07,1,7.1,0,6.4,0
113451,21370.87487,0.3,0,0.3,0,0.1,0,0.5,0,0.3,0,0.6,0,0.07,1,2.3,0,0.3,0
113458,0,,,,,,,,,,,,,,,,,,
113462,59039.60716,0.3,0,1.7,0,0.07,1,0.8,0,0.3,0,2.2,0,0.07,1,4.3,0,2,0
113463,51061.37503,0.2,0,0.9,0,0.07,1,0.4,0,0.07,1,1.3,0,0.07,1,3.6,0,1.3,0
113464,150070.2561,0.07,1,0.4,0,0.1,0,0.2,0,0.07,1,0.8,0,0.07,1,1.3,0,0.8,0
113468,163764.4384,0.07,1,0.1,0,0.07,1,0.5,0,0.07,1,0.2,0,0.07,1,0.2,0,0.07,1
113469,0,,,,,,,,,,,,,,,,,,
113487,64452.00245,0.2,0,0.6,0,0.07,1,0.8,0,0.2,0,0.5,0,0.07,1,4.5,0,1.3,0
113493,76396.67638,0.07,1,3.5,0,0.07,1,0.2,0,0.07,1,1.5,0,0.07,1,2.4,0,1.4,0
113499,119177.0115,0.07,1,0.2,0,0.07,1,0.4,0,0.07,1,0.3,0,0.07,1,0.4,0,0.1,0
113500,175814.7916,0.2,0,1.3,0,0.2,0,0.7,0,0.2,0,1.9,0,0.07,1,4.7,0,2.5,0
113505,64366.13748,0.07,1,0.07,1,0.07,1,0.7,0,0.07,1,0.2,0,0.07,1,0.2,0,0.07,1
113507,49132.02114,0.07,1,0.4,0,0.6,0,0.4,0,0.07,1,0.8,0,0.07,1,1.9,0,1,0
113509,154411.4769,0.5,0,1.7,0,0.07,1,0.5,0,0.2,0,2,0,0.07,1,4.8,0,2.2,0
113513,40437.29089,0.07,1,0.8,0,0.07,1,0.3,0,0.07,1,0.6,0,0.07,1,1,0,0.4,0
113514,46885.53266,0.07,1,0.8,0,0.2,0,0.3,0,0.07,1,1.1,0,0.07,1,2,0,0.7,0
113539,97749.77328,0.07,1,1.4,0,0.07,1,0.2,0,0.07,1,0.8,0,0.07,1,2.1,0,1.3,0
113544,117011.8124,0.07,1,0.5,0,0.07,1,1.7,0,0.07,1,1.1,0,0.07,1,1.1,0,0.6,0
113547,61303.37417,0.07,1,0.9,0,0.07,1,0.1,0,0.07,1,1,0,0.07,1,1.5,0,1.6,0
113550,21132.61348,0.2,0,3.6,0,0.07,1,0.8,0,0.1,0,2.7,0,0.07,1,2.1,0,0.9,0
113551,47087.03185,0.2,0,0.7,0,0.07,1,0.6,0,0.2,0,1.1,0,0.07,1,3.5,0,0.8,0
113556,98488.39552,0.07,1,0.6,0,0.07,1,0.07,1,0.07,1,0.4,0,0.07,1,0.5,0,0.2,0
113562,280715.256,0.07,1,1.8,0,0.07,1,0.3,0,0.07,1,3.2,0,0.07,1,1.1,0,0.8,0
113564,29247.90093,0.2,0,0.3,0,0.07,1,0.4,0,0.1,0,0.7,0,0.07,1,0.7,0,0.3,0
113574,626516.6824,0.2,0,8,0,0.2,0,0.8,0,0.1,0,2.3,0,0.07,1,4.7,0,3.6,0
113575,42209.73292,0.1,0,1.7,0,0.2,0,0.4,0,0.07,1,1.4,0,0.07,1,4.5,0,3,0
113576,70715.07126,0.3,0,1.8,0,0.2,0,1,0,0.5,0,2.4,0,0.07,1,3.5,0,3,0
113578,57937.18289,0.1,0,2,0,0.07,1,0.6,0,0.07,1,3.4,0,0.07,1,4.3,0,3.5,0
113581,88098.25738,0.1,0,2.1,0,0.1,0,0.6,0,0.07,1,1.8,0,0.07,1,4.5,0,3.9,0
113582,23280.10603,0.2,0,9.3,0,0.1,0,0.6,0,0.1,0,2.2,0,0.07,1,3.8,0,1.8,0
113586,35227.01315,0.1,0,5.9,0,0.07,1,0.4,0,0.07,1,2.1,0,0.07,1,3,0,1.9,0
113588,12401.66326,0.1,0,0.9,0,0.07,1,1.2,0,0.2,0,0.2,0,0.07,1,2.5,0,1.1,0
113590,19192.87139,0.2,0,1.9,0,0.1,0,0.4,0,0.1,0,2.1,0,0.07,1,3.9,0,2.4,0
113592,53173.59287,0.3,0,0.4,0,0.07,1,0.8,0,0.07,1,1.6,0,0.07,1,1,0,0.4,0
113602,0,,,,,,,,,,,,,,,,,,
113616,23691.03342,0.07,1,1.5,0,0.07,1,0.3,0,0.07,1,0.7,0,0.07,1,2.1,0,1.8,0
113627,76383.81402,0.3,0,2.9,0,0.07,1,1.3,0,0.2,0,1.4,0,0.07,1,5.7,0,2,0
113631,20429.7979,0.1,0,1.3,0,0.1,0,1,0,0.07,1,2.4,0,0.07,1,2.6,0,2.1,0
113639,27995.83476,0.2,0,2.8,0,0.1,0,0.4,0,0.2,0,2.7,0,0.07,1,2.7,0,1.4,0
113641,207262.8404,0.1,0,1.8,0,0.8,0,0.3,0,0.07,1,1.2,0,0.07,1,2.5,0,0.9,0
113642,38367.73249,0.2,0,0.8,0,0.07,1,0.4,0,0.1,0,0.5,0,0.07,1,3.2,0,2.2,0
113646,55600.38807,0.2,0,0.9,0,0.07,1,0.6,0,0.2,0,0.9,0,0.07,1,2,0,0.9,0
113653,65097.62879,0.3,0,2.5,0,0.2,0,1.2,0,0.3,0,3.6,0,0.07,1,5.9,0,6.6,0
113654,33489.69351,0.1,0,1.2,0,0.1,0,0.3,0,0.1,0,0.6,0,0.07,1,2.3,0,0.7,0
113655,0,,,,,,,,,,,,,,,,,,
113658,39625.41361,0.07,1,0.5,0,0.1,0,0.1,0,0.07,1,0.6,0,0.07,1,0.8,0,0.5,0
113659,29818.19815,0.07,1,0.2,0,0.07,1,0.1,0,0.07,1,0.2,0,0.07,1,0.3,0,0.07,1
113663,32047.05347,0.1,0,0.9,0,0.07,1,0.3,0,0.07,1,1.1,0,0.2,0,0.9,0,0.7,0
113666,98456.38868,0.5,0,1.6,0,0.3,0,1.3,0,0.3,0,2,0,0.07,1,9.6,0,4.2,0
113667,24107.38831,0.2,0,2.5,0,0.07,1,0.7,0,0.1,0,2.7,0,0.07,1,5.7,0,2.5,0
113672,54899.23846,0.3,0,0.5,0,0.1,0,0.5,0,0.2,0,1.1,0,0.07,1,3.1,0,0.7,0
113677,63573.66976,0.2,0,0.8,0,0.07,1,0.5,0,0.07,1,1.3,0,0.07,1,1.8,0,0.6,0
113686,49475.38889,0.1,0,0.7,0,0.07,1,0.5,0,0.07,1,0.7,0,0.07,1,1.1,0,0.5,0
113687,28312.21101,0.6,0,0.3,0,0.3,0,0.7,0,0.2,0,2.1,0,0.07,1,3.4,0,0.4,0
113690,30839.45136,0.2,0,8,0,0.1,0,0.4,0,0.07,1,2.5,0,0.07,1,4.1,0,2.7,0
113696,100106.6276,0.2,0,1.4,0,0.5,0,0.4,0,0.1,0,1.1,0,0.07,1,4.9,0,1.4,0
113703,24139.59088,0.07,1,0.07,1,0.07,1,0.07,1,0.07,1,0.07,1,0.07,1,0.07,1,0.07,1
113708,84743.40607,0.3,0,1.2,0,0.1,0,0.7,0,0.2,0,2.8,0,0.2,0,5.7,0,3.8,0
113709,52156.14011,0.2,0,1.5,0,0.07,1,0.2,0,0.07,1,1,0,0.07,1,18.5,0,7.7,0
113712,0,,,,,,,,,,,,,,,,,,
113714,84562.48282,0.8,0,9,0,0.07,1,1.4,0,0.8,0,3.6,0,0.07,1,14,0,4.4,0
113721,68193.83843,0.07,1,0.3,0,0.07,1,0.4,0,0.07,1,0.8,0,0.07,1,0.8,0,0.4,0
113727,48450.71441,0.3,0,0.8,0,0.4,0,0.4,0,0.2,0,1.2,0,0.07,1,3.3,0,1.2,0
113735,205652.4336,0.1,0,3.3,0,0.07,1,0.4,0,0.07,1,1.8,0,0.07,1,7.3,0,3.6,0
113736,18703.1555,0.07,1,0.1,0,0.07,1,0.07,1,0.07,1,0.1,0,0.07,1,0.1,0,0.07,1
113737,45385.49977,0.1,0,0.6,0,0.07,1,0.2,0,0.07,1,0.8,0,0.1,0,1.3,0,0.6,0
113740,116905.1145,0.2,0,3.8,0,0.5,0,1.7,0,0.07,1,5.7,0,0.07,1,4.7,0,3.5,0
113742,31400.44814,0.2,0,0.6,0,0.07,1,0.5,0,0.07,1,1.4,0,0.07,1,1.4,0,0.3,0
113746,0,,,,,,,,,,,,,,,,,,
113747,676767.3575,0.1,0,0.8,0,0.1,0,0.2,0,0.07,1,1.6,0,0.07,1,1.6,0,1.1,0
113748,139490.5354,0.07,1,1.1,0,0.2,0,1.1,0,0.07,1,0.7,0,0.07,1,0.9,0,0.4,0
113753,111906.4842,0.2,0,1.2,0,0.07,1,0.5,0,0.2,0,0.8,0,0.07,1,3.5,0,1.6,0
113754,154081.6716,0.4,0,1.6,0,0.07,1,1.3,0,0.2,0,2.6,0,0.07,1,3.5,0,1.2,0
113757,342846.6285,0.07,1,0.6,0,0.07,1,0.5,0,0.07,1,1.2,0,0.07,1,1.2,0,0.8,0
113759,42998.53583,0.07,1,0.3,0,0.2,0,0.07,1,0.07,1,0.6,0,0.07,1,0.9,0,0.4,0
113776,95858.81115,0.2,0,0.9,0,0.1,0,0.5,0,0.1,0,2.3,0,0.07,1,1.9,0,2.4,0
113777,13480.37867,0.8,0,11,0,0.1,0,2.4,0,0.5,0,6,0,0.07,1,12.2,0,4,0
113781,88514.32858,0.1,0,1.5,0,0.2,0,0.3,0,0.07,1,0.9,0,0.07,1,1.8,0,0.9,0
113791,292042.7706,0.1,0,1,0,0.4,0,0.2,0,0.07,1,1.7,0,0.07,1,1.3,0,0.5,0
113799,177680.8605,0.1,0,1.4,0,0.2,0,0.4,0,0.1,0,1.5,0,0.07,1,4.4,0,3.3,0
113805,64567.38562,0.07,1,1.1,0,0.07,1,0.5,0,0.07,1,1.4,0,0.07,1,1.7,0,1,0
113806,46584.61307,0.2,0,0.5,0,0.2,0,0.7,0,0.1,0,1.8,0,0.07,1,0.9,0,0.6,0
113807,74779.65652,0.07,1,0.4,0,0.1,0,0.07,1,0.07,1,0.6,0,0.07,1,0.6,0,0.3,0
113813,100843.354,0.2,0,1.3,0,0.1,0,0.4,0,0.2,0,1.6,0,0.07,1,2,0,0.9,0
113816,82425.5991,0.07,1,2.8,0,0.07,1,0.4,0,0.07,1,1.5,0,0.07,1,4,0,3.2,0
113818,0,,,,,,,,,,,,,,,,,,
113822,30475.79849,0.6,0,3.1,0,0.07,1,1.5,0,0.6,0,3.2,0,0.07,1,7.9,0,1.5,0
113831,64346.36038,0.07,1,0.07,1,0.1,0,0.07,1,0.07,1,0.07,1,0.07,1,0.07,1,0.07,1
113834,46427.23993,0.07,1,1.2,0,0.07,1,0.6,0,0.07,1,0.8,0,0.07,1,1.2,0,0.6,0
113838,25926.88966,1.3,0,1.1,0,0.7,0,1.9,0,0.8,0,15.1,0,0.07,1,15,0,2.3,0
113840,53333.92616,0.2,0,1.9,0,0.07,1,0.5,0,0.2,0,1.9,0,0.2,0,4.8,0,0.7,0
113841,138580.7508,0.07,1,1.5,0,0.07,1,0.2,0,0.07,1,1,0,0.07,1,2.1,0,1.5,0
113844,15515.0993,0.3,0,0.4,0,0.1,0,0.1,0,0.2,0,0.6,0,0.07,1,1.6,0,0.2,0
113846,590299.8675,0.6,0,2.1,0,0.1,0,2.3,0,1,0,2.7,0,0.07,1,6,0,2.8,0
113848,0,,,,,,,,,,,,,,,,,,
113856,67742.67107,0.1,0,2.1,0,0.07,1,0.5,0,0.07,1,2.4,0,0.07,1,5.9,0,3.4,0
113857,44641.18324,0.3,0,0.5,0,0.07,1,0.5,0,0.5,0,0.9,0,0.07,1,2.5,0,0.5,0
113860,11719.14792,0.5,0,0.4,0,0.07,1,0.6,0,0.4,0,1.1,0,0.07,1,4.7,0,0.5,0
113862,21688.46711,0.1,0,0.7,0,0.4,0,0.6,0,0.2,0,1.5,0,0.07,1,1.8,0,0.7,0
113868,108015.1444,0.1,0,0.4,0,0.1,0,0.2,0,0.1,0,0.7,0,0.07,1,0.8,0,0.4,0
113869,18775.79797,0.07,1,3.8,0,0.2,0,0.6,0,0.07,1,4.7,0,0.07,1,5.1,0,1.5,0
113871,38668.34698,0.8,0,1.6,0,0.07,1,1.6,0,0.6,0,1.5,0,0.07,1,9.8,0,1.8,0
113884,274284.6233,0.3,0,1,0,0.1,0,0.5,0,0.3,0,1.3,0,0.07,1,2.2,0,0.7,0
113888,120248.563,0.6,0,2.1,0,0.07,1,0.9,0,0.3,0,1.8,0,0.07,1,14.5,0,3.5,0
113891,30248.4386,0.4,0,0.4,0,0.2,0,0.9,0,0.2,0,1.7,0,0.07,1,3.4,0,0.7,0
113894,52053.72421,0.3,0,1.2,0,0.5,0,0.6,0,0.2,0,1.8,0,0.07,1,5.7,0,1.1,0
113895,30506.79062,0.2,0,1.1,0,0.1,0,0.5,0,0.1,0,0.2,0,0.07,1,4,0,0.5,0
113898,46683.83721,0.2,0,1,0,0.07,1,0.5,0,0.2,0,1.3,0,0.1,0,2.9,0,2,0
113900,29793.12545,0.2,0,1.1,0,0.07,1,0.2,0,0.1,0,1.5,0,0.07,1,1.5,0,0.4,0
113912,0,,,,,,,,,,,,,,,,,,
113913,27006.86621,1.2,0,15.3,0,0.07,1,2.7,0,1.8,0,15.9,0,0.07,1,15,0,2.2,0
113915,46719.11217,0.3,0,0.4,0,0.1,0,0.8,0,0.2,0,1.1,0,0.07,1,1.9,0,0.5,0
113927,0,,,,,,,,,,,,,,,,,,
113928,44218.50374,0.2,0,0.3,0,0.3,0,0.2,0,0.2,0,0.6,0,0.07,1,2.1,0,0.6,0
113930,0,,,,,,,,,,,,,,,,,,
113936,29676.87861,0.07,1,1.1,0,0.07,1,0.6,0,0.07,1,2,0,0.07,1,2.4,0,1.9,0
113941,49893.97693,0.07,1,0.1,0,0.07,1,0.07,1,0.07,1,0.4,0,0.07,1,0.3,0,0.07,1
113943,139566.2778,0.1,0,2.4,0,0.07,1,0.6,0,0.07,1,0.9,0,0.07,1,3.3,0,2.4,0
113945,27702.43515,0.2,0,1.6,0,0.07,1,0.6,0,0.2,0,2.2,0,0.2,0,2.6,0,1.6,0
113971,152455.3601,0.2,0,3.8,0,0.07,1,0.3,0,0.1,0,1.8,0,0.07,1,3.7,0,3.4,0
113973,50462.89074,0.6,0,0.9,0,0.07,1,1.1,0,0.4,0,1,0,0.07,1,27.2,0,3.9,0
113977,184070.843,0.1,0,2.6,0,0.07,1,0.5,0,0.07,1,2.6,0,0.07,1,3.7,0,3.8,0
113986,0,,,,,,,,,,,,,,,,,,
113987,109930.5811,0.2,0,1.8,0,0.07,1,0.5,0,0.07,1,1.6,0,0.07,1,2.6,0,1.3,0
113994,91138.40475,0.4,0,2.2,0,0.07,1,1.1,0,0.3,0,2.8,0,0.07,1,9.9,0,1.6,0
113996,72726.52081,0.2,0,0.4,0,0.07,1,0.2,0,0.07,1,0.5,0,0.07,1,1.5,0,0.5,0
113999,34846.21901,0.2,0,2.5,0,0.2,0,0.6,0,0.1,0,1.1,0,0.07,1,3,0,0.9,0
114000,38243.90083,0.07,1,0.2,0,0.6,0,0.2,0,0.07,1,0.8,0,0.07,1,1.4,0,0.6,0
114008,27928.06478,0.1,0,0.2,0,0.07,1,0.07,1,0.1,0,0.3,0,0.2,0,0.3,0,0.1,0
114015,96757.80057,0.1,0,1.2,0,0.07,1,0.4,0,0.07,1,1.6,0,0.07,1,1.8,0,1.4,0
114016,68027.69727,0.2,0,1.7,0,0.1,0,0.7,0,0.07,1,1.6,0,0.2,0,3.1,0,1.3,0
114017,19445.95261,0.3,0,1,0,0.07,1,0.4,0,0.3,0,1,0,0.2,0,3.6,0,0.9,0
114020,35789.70281,0.07,1,0.2,0,0.07,1,0.4,0,0.07,1,0.3,0,0.1,0,0.3,0,0.3,0
114031,147282.4206,0.2,0,3.1,0,0.1,0,0.7,0,0.2,0,1.9,0,0.07,1,4,0,3.6,0
114032,425696.1377,0.2,0,0.6,0,0.1,0,0.5,0,0.2,0,1.5,0,0.2,0,1.8,0,0.8,0
114033,65541.88703,0.7,0,1.3,0,0.07,1,1.2,0,0.5,0,1.4,0,0.07,1,9.4,0,1.5,0
114036,32797.00873,0.1,0,2.7,0,0.2,0,0.7,0,0.07,1,2.1,0,0.07,1,6.3,0,3,0
114039,30510.93128,0.1,0,0.5,0,0.2,0,0.2,0,0.07,1,0.8,0,0.07,1,2.8,0,0.7,0
114045,31756.05917,0.1,0,1.2,0,0.07,1,0.2,0,0.07,1,1.3,0,0.07,1,2.5,0,1.7,0
114054,21287.49768,0.2,0,2.6,0,1.2,0,0.6,0,0.1,0,3.1,0,0.07,1,11.7,0,10.2,0
114057,71594.29923,0.2,0,0.4,0,0.07,1,0.6,0,0.2,0,0.9,0,0.07,1,2.8,0,0.5,0
114060,29107.23223,0.07,1,0.5,0,0.1,0,0.07,1,0.07,1,0.4,0,0.07,1,1,0,0.4,0
114068,102656.5349,0.07,1,2,0,0.1,0,0.3,0,0.07,1,0.9,0,0.07,1,2.5,0,1,0
114078,57346.30303,0.2,0,0.4,0,0.07,1,0.3,0,0.3,0,1.3,0,0.07,1,2.9,0,0.7,0
114087,126651.841,0.07,1,0.3,0,0.07,1,0.9,0,0.07,1,0.6,0,0.07,1,2,0,0.6,0
114093,63856.38765,0.07,1,0.2,0,0.07,1,0.07,1,0.07,1,0.2,0,0.07,1,0.3,0,0.1,0
114099,74674.10318,0.2,0,0.6,0,0.2,0,0.3,0,0.1,0,0.6,0,0.07,1,2.4,0,0.9,0
114106,60528.35157,0.07,1,0.4,0,1.2,0,0.2,0,0.07,1,0.4,0,0.07,1,1.6,0,0.8,0
114113,25055.94889,0.5,0,2,0,0.07,1,1.6,0,0.3,0,4.6,0,0.07,1,12.3,0,7.1,0
114114,48325.63001,0.2,0,1.1,0,0.07,1,0.2,0,0.07,1,2,0,0.07,1,1.5,0,0.5,0
114124,167064.692,0.3,0,0.9,0,0.07,1,0.2,0,0.07,1,1.8,0,0.07,1,1,0,0.6,0
114125,172763.2615,0.1,0,1.2,0,0.1,0,0.4,0,0.1,0,1.1,0,0.07,1,3.4,0,1.8,0
114135,36843.2233,0.07,1,1.3,0,0.2,0,0.1,0,0.07,1,0.7,0,0.07,1,1.5,0,0.5,0
114136,87093.02044,0.07,1,2.6,0,0.07,1,0.2,0,0.07,1,1.1,0,0.07,1,4,0,3.1,0
114148,92044.30989,0.4,0,0.7,0,0.3,0,1.2,0,0.4,0,2.4,0,0.07,1,4.2,0,1.8,0
114153,0,,,,,,,,,,,,,,,,,,
114162,14820.57273,0.3,0,3.2,0,0.2,0,1.1,0,0.2,0,3.3,0,0.07,1,5.1,0,3.2,0
114167,29142.23583,0.2,0,0.6,0,0.1,0,0.3,0,0.1,0,1,0,0.07,1,1.1,0,0.5,0
114169,35941.21015,0.8,0,4.4,0,1.1,0,1.1,0,0.5,0,1.4,0,0.07,1,66.2,0,9.9,0
114171,78425.7169,0.07,1,0.5,0,0.2,0,1.2,0,0.07,1,0.6,0,0.07,1,1.4,0,0.5,0
114172,327833.6442,0.3,0,2.9,0,0.07,1,0.8,0,0.3,0,2,0,0.07,1,4.8,0,1.5,0
114173,144115.2686,0.3,0,2.7,0,0.6,0,0.9,0,0.2,0,2.5,0,0.07,1,5.3,0,3.3,0
114187,151032.8273,0.1,0,0.5,0,0.3,0,0.2,0,0.07,1,0.5,0,0.07,1,1.7,0,0.5,0
114192,58460.43701,0.4,0,0.3,0,0.07,1,0.4,0,0.3,0,0.5,0,0.07,1,3.8,0,0.5,0
114194,0,,,,,,,,,,,,,,,,,,
114196,0,,,,,,,,,,,,,,,,,,
114199,97390.0331,0.07,1,1.6,0,0.07,1,0.1,0,0.07,1,0.7,0,0.07,1,1.4,0,0.6,0
114210,278063.4392,0.4,0,1.1,0,0.07,1,0.9,0,0.3,0,2,0,0.07,1,3.4,0,0.9,0
114220,33545.52313,0.4,0,1.9,0,0.2,0,1,0,0.2,0,3.3,0,0.2,0,4.2,0,1.8,0
114222,42448.2267,0.3,0,1,0,0.1,0,0.6,0,0.2,0,1.3,0,0.07,1,4.7,0,1.2,0
114235,0,,,,,,,,,,,,,,,,,,
114237,0,,,,,,,,,,,,,,,,,,
114247,182904.478,0.4,0,5.2,0,0.4,0,1,0,0.2,0,3.2,0,0.07,1,16.2,0,8.4,0
114260,28575.4143,0.07,1,0.07,1,0.07,1,0.07,1,0.07,1,0.1,0,0.07,1,0.07,1,0.07,1
114262,0,,,,,,,,,,,,,,,,,,
114269,60398.75302,0.6,0,3.2,0,0.07,1,1.6,0,0.4,0,3.2,0,0.07,1,12.1,0,3.9,0
114272,43812.32167,0.07,1,0.2,0,0.2,0,0.3,0,0.07,1,0.3,0,0.07,1,1.4,0,0.5,0
114287,35694.01309,1.1,0,3.2,0,0.6,0,0.8,0,2.4,0,0.5,0,0.07,1,42.3,0,3.5,0
114300,25234.10847,0.07,1,0.2,0,0.1,0,0.3,0,0.07,1,1.2,0,0.07,1,1.5,0,0.9,0
114301,190161.2649,0.07,1,0.8,0,0.07,1,0.3,0,0.07,1,1.1,0,0.07,1,1.8,0,1,0
114306,85518.41545,0.1,0,0.5,0,0.07,1,0.5,0,0.07,1,1.2,0,0.07,1,1.6,0,0.7,0
114307,0,,,,,,,,,,,,,,,,,,
114311,34505.46408,0.1,0,0.5,0,0.07,1,0.5,0,0.1,0,0.4,0,0.07,1,0.7,0,0.3,0
114314,136338.5183,0.2,0,0.5,0,0.07,1,0.2,0,0.07,1,1,0,0.07,1,0.7,0,0.3,0
114320,551683.9478,0.07,1,0.5,0,0.1,0,0.4,0,0.07,1,3,0,0.07,1,1.1,0,0.7,0
114328,93299.46816,0.3,0,2.1,0,0.3,0,0.7,0,0.2,0,1,0,0.07,1,9.9,0,3.9,0
114336,0,,,,,,,,,,,,,,,,,,
114337,37275.46837,0.2,0,0.8,0,0.1,0,1,0,0.1,0,1.7,0,0.07,1,3.3,0,1.4,0
114342,0,,,,,,,,,,,,,,,,,,
114343,61838.43631,0.1,0,2,0,0.2,0,0.3,0,0.07,1,1.7,0,0.07,1,2.2,0,1,0
114345,91939.76949,0.2,0,0.2,0,0.07,1,0.5,0,0.3,0,1.8,0,0.07,1,1.7,0,0.3,0
114351,46131.14814,0.2,0,2.6,0,0.3,0,1.2,0,0.1,0,2,0,0.07,1,5.3,0,3.4,0
114362,23337.81507,0.1,0,0.6,0,0.07,1,0.4,0,0.07,1,0.7,0,0.07,1,1.9,0,0.8,0
114364,32218.53827,0.3,0,1.3,0,0.1,0,0.6,0,0.2,0,2,0,0.07,1,6.2,0,2.3,0
114369,40884.27732,0.5,0,1,0,0.07,1,0.9,0,0.5,0,2.4,0,0.2,0,5.7,0,1,0
114372,0,,,,,,,,,,,,,,,,,,
114375,0,,,,,,,,,,,,,,,,,,
114380,42859.9424,0.3,0,2.3,0,0.2,0,0.2,0,0.07,1,1.1,0,0.2,0,2.8,0,0.8,0
114384,41315.85975,1.5,0,6.4,0,1.1,0,3.8,0,0.2,0,11,0,0.07,1,8.2,0,6.6,0
114406,26123.48202,0.2,0,0.6,0,0.07,1,0.6,0,0.2,0,1.1,0,0.07,1,2.5,0,1.2,0
114412,37746.20495,0.1,0,1.1,0,0.07,1,0.3,0,0.1,0,1.1,0,0.07,1,1,0,0.3,0
114415,59312.36876,0.5,0,1.4,0,0.07,1,1,0,0.4,0,2.2,0,0.07,1,9.8,0,1.6,0
114417,0,,,,,,,,,,,,,,,,,,
114437,50752.54854,0.2,0,1.1,0,0.1,0,0.3,0,0.07,1,1.8,0,0.2,0,1.8,0,0.7,0
114438,19920.35076,0.1,0,1.6,0,0.07,1,0.5,0,0.07,1,1.4,0,0.07,1,1.1,0,0.6,0
114446,190789.1162,0.2,0,2.2,0,0.07,1,0.6,0,0.2,0,1.8,0,0.07,1,4.7,0,1.8,0
114449,431324.8688,0.2,0,1.4,0,0.1,0,0.5,0,0.2,0,1.2,0,0.07,1,3.3,0,1.3,0
114456,0,,,,,,,,,,,,,,,,,,
114458,0,,,,,,,,,,,,,,,,,,
114462,61401.54203,0.3,0,2.1,0,0.2,0,1.3,0,0.2,0,2.7,0,0.07,1,7.4,0,4.4,0
114463,41550.72873,0.2,0,1,0,0.1,0,0.4,0,0.1,0,2.5,0,0.07,1,2.1,0,0.8,0
114468,45502.93575,0.1,0,2.1,0,0.07,1,0.3,0,0.07,1,1.7,0,0.07,1,1.7,0,0.9,0
114470,0,,,,,,,,,,,,,,,,,,
114471,61328.61821,0.07,1,1.5,0,0.07,1,0.07,1,0.07,1,1,0,0.07,1,1.6,0,0.8,0
114479,11950.40431,0.07,1,0.6,0,0.1,0,0.2,0,0.07,1,0.6,0,0.07,1,0.9,0,0.3,0
114482,182931.9576,1.4,0,1.4,0,0.07,1,3.3,0,0.3,0,7,0,0.07,1,1.5,0,0.9,0
114485,60322.59651,0.2,0,2.7,0,0.4,0,0.9,0,0.1,0,1.7,0,0.07,1,2.4,0,1.3,0
114497,336957.4799,0.07,1,1,0,0.07,1,0.7,0,0.07,1,1.1,0,0.07,1,1.5,0,0.8,0
114514,73151.352,0.2,0,0.9,0,0.07,1,0.5,0,0.1,0,1.9,0,0.07,1,1.6,0,1,0
114517,0,,,,,,,,,,,,,,,,,,
114527,91232.44449,0.1,0,1.4,0,0.07,1,0.6,0,0.2,0,1.8,0,0.07,1,1.8,0,0.8,0
114530,48340.99336,0.07,1,0.4,0,0.07,1,0.1,0,0.07,1,0.7,0,0.07,1,0.4,0,0.3,0
114531,0,,,,,,,,,,,,,,,,,,
114535,50201.38576,0.2,0,1,0,0.3,0,0.4,0,0.07,1,0.9,0,0.07,1,7.9,0,2.2,0
114536,0,,,,,,,,,,,,,,,,,,
114539,13306.88523,1.5,0,3,0,0.2,0,1.4,0,1.5,0,2.5,0,0.07,1,28.3,0,7.9,0
114542,53924.64581,0.6,0,1.5,0,0.1,0,1,0,0.3,0,3.6,0,0.07,1,3.1,0,1.1,0
114545,57138.1237,0.2,0,15.4,0,0.07,1,1,0,0.2,0,2.5,0,0.07,1,16.3,0,5.9,0
114554,41938.99883,0.3,0,2.5,0,0.4,0,0.6,0,0.2,0,4.4,0,0.07,1,8.3,0,5.9,0
114557,33439.33433,0.1,0,0.5,0,0.07,1,0.4,0,0.1,0,1,0,0.07,1,2.3,0,0.6,0
114559,394618.6369,0.2,0,0.9,0,0.07,1,0.8,0,0.2,0,2.1,0,0.07,1,1.5,0,0.9,0
114561,29482.47665,0.3,0,0.5,0,0.07,1,0.5,0,0.1,0,1.1,0,0.07,1,2.2,0,0.6,0
114574,25764.61061,0.2,0,0.8,0,0.07,1,0.4,0,0.07,1,1.8,0,0.07,1,2.6,0,0.8,0
114576,153436.24,0.07,1,1.5,0,0.07,1,0.2,0,0.07,1,0.5,0,0.07,1,1.8,0,0.6,0
114581,14914.83876,0.2,0,0.5,0,0.2,0,0.6,0,0.1,0,1.7,0,0.07,1,1.9,0,0.6,0
114590,55176.1338,0.1,0,0.3,0,0.07,1,0.1,0,0.1,0,0.5,0,0.07,1,0.7,0,0.2,0
114591,926468.2847,0.2,0,1,0,0.2,0,0.3,0,0.2,0,0.9,0,0.07,1,3.6,0,1.2,0
114595,87637.31431,0.07,1,0.2,0,0.07,1,0.3,0,0.07,1,0.3,0,0.07,1,0.9,0,0.3,0
114598,68144.7576,0.1,0,0.5,0,0.07,1,0.2,0,0.1,0,1.4,0,0.07,1,1.3,0,0.5,0
114620,441120.8653,0.07,1,0.5,0,0.07,1,0.3,0,0.07,1,0.9,0,0.07,1,1.5,0,0.8,0
114621,0,,,,,,,,,,,,,,,,,,
114626,44167.34354,1.7,0,2.6,0,1.6,0,2,0,1.8,0,2.3,0,0.07,1,2.7,0,0.4,0
114632,108244.0822,0.07,1,1.1,0,0.2,0,0.5,0,0.07,1,0.8,0,0.07,1,1.7,0,0.9,0
114640,329957.9212,0.2,0,1.3,0,0.07,1,0.7,0,0.3,0,2.1,0,0.07,1,2.9,0,1.1,0
114646,0,,,,,,,,,,,,,,,,,,
114651,79924.93416,0.07,1,0.2,0,0.07,1,0.07,1,0.07,1,0.3,0,0.07,1,0.4,0,0.2,0
114652,444733.1777,0.07,1,0.7,0,0.07,1,0.1,0,0.07,1,1.1,0,0.07,1,2.5,0,1,0
114658,118495.4046,0.4,0,1.4,0,0.1,0,0.3,0,0.3,0,1.5,0,0.07,1,6,0,1.9,0
114659,71484.01586,0.2,0,1.2,0,0.07,1,0.1,0,0.07,1,1.2,0,0.07,1,1.5,0,0.4,0
114663,32705.73067,0.3,0,1.3,0,0.2,0,0.6,0,0.1,0,0.6,0,0.07,1,10.8,0,3.7,0
114664,44181.02778,0.2,0,5.1,0,0.3,0,0.6,0,0.1,0,2.8,0,0.07,1,9.3,0,4.2,0
114669,61086.04339,0.8,0,4.1,0,0.07,1,3.1,0,1.7,0,7,0,0.07,1,5.8,0,0.8,0
114672,19921.99985,0.07,1,0.2,0,0.1,0,0.07,1,0.07,1,0.6,0,0.07,1,0.2,0,0.07,1
114676,18949.58391,0.2,0,2.4,0,0.2,0,0.6,0,0.07,1,3.1,0,0.07,1,3.1,0,3.3,0
114678,16853.12321,0.07,1,0.3,0,0.07,1,0.1,0,0.07,1,0.4,0,0.07,1,0.7,0,0.5,0
114682,60983.40749,0.2,0,0.4,0,0.07,1,0.4,0,0.2,0,0.9,0,0.07,1,2.7,0,0.5,0
114683,56597.79116,0.1,0,13.4,0,0.07,1,0.3,0,0.1,0,3,0,0.07,1,5.3,0,1.6,0
114690,107780.1862,0.2,0,0.4,0,0.07,1,0.2,0,0.2,0,0.7,0,0.07,1,1.8,0,0.5,0
114692,100088.3719,0.07,1,4.8,0,0.07,1,0.4,0,0.07,1,2.2,0,0.07,1,4.8,0,3.2,0
114698,0,,,,,,,,,,,,,,,,,,
114707,21623.32896,0.2,0,0.1,0,0.07,1,0.2,0,0.1,0,0.2,0,0.07,1,1,0,0.2,0
114708,47624.86621,0.2,0,3.3,0,0.5,0,0.6,0,0.1,0,1.7,0,0.07,1,7,0,3.1,0
114709,86472.06131,0.2,0,0.4,0,0.1,0,0.3,0,0.1,0,1.6,0,0.07,1,1.5,0,0.5,0
114714,50374.05183,0.1,0,4.6,0,0.2,0,0.7,0,0.07,1,1.6,0,0.07,1,1.9,0,0.9,0
114718,19354.35252,0.07,1,0.8,0,0.07,1,0.8,0,0.07,1,0.9,0,0.07,1,1.4,0,0.6,0
114723,64892.37471,0.07,1,0.2,0,0.3,0,0.07,1,0.07,1,0.5,0,0.07,1,0.9,0,0.3,0
114724,18065.14834,0.3,0,1.2,0,0.2,0,0.7,0,0.1,0,2.2,0,0.07,1,3.7,0,1.5,0
114726,39177.25802,0.5,0,3.3,0,0.4,0,1.3,0,0.1,0,3.9,0,0.07,1,7.4,0,2.1,0
114729,22789.90903,1.9,0,1.5,0,0.3,0,1.3,0,0.8,0,2.3,0,0.1,0,15.4,0,3.1,0
114731,51528.52171,0.2,0,2.6,0,0.2,0,1,0,0.1,0,2.7,0,0.07,1,8.5,0,5.9,0
114732,56984.4449,0.3,0,1.2,0,0.2,0,0.3,0,0.1,0,1.1,0,0.07,1,2.1,0,0.5,0
114733,0,,,,,,,,,,,,,,,,,,
114734,40194.9908,0.1,0,0.4,0,0.07,1,0.07,1,0.07,1,0.5,0,0.07,1,0.9,0,0.5,0
114735,26349.17777,0.1,0,1.5,0,0.07,1,2.4,0,0.2,0,1.8,0,0.07,1,2.7,0,1.5,0
114741,56046.05235,0.2,0,1.3,0,0.07,1,0.4,0,0.07,1,1.6,0,0.07,1,2.3,0,1.3,0
114746,415878.2238,0.1,0,1.2,0,0.07,1,0.7,0,0.2,0,1.5,0,0.07,1,1.5,0,1.3,0
114748,12520.09566,0.07,1,0.8,0,0.07,1,0.2,0,0.07,1,1,0,0.07,1,1.3,0,0.2,0
114755,21027.33604,0.1,0,0.3,0,0.07,1,0.1,0,0.07,1,0.7,0,0.07,1,1.2,0,0.4,0
114765,116455.9634,0.7,0,1.7,0,0.1,0,2.2,0,0.3,0,1,0,0.07,1,11,0,2.9,0
114768,81727.31138,0.2,0,0.4,0,0.07,1,1.1,0,0.07,1,0.8,0,0.07,1,1.4,0,0.5,0
114791,59969.31741,0.4,0,0.6,0,0.1,0,0.9,0,0.3,0,8,0,0.2,0,4,0,0.9,0
114795,56530.30242,0.3,0,1.9,0,4.5,0,1,0,0.1,0,3.3,0,0.07,1,10.1,0,6.6,0
114797,69128.91662,0.2,0,1.5,0,0.2,0,0.7,0,0.2,0,1.6,0,0.07,1,5.6,0,3.1,0
114801,30658.65192,0.07,1,1,0,0.07,1,0.5,0,0.07,1,2.1,0,0.07,1,2.7,0,2,0
114806,135903.1115,0.07,1,0.5,0,0.07,1,0.2,0,0.07,1,0.6,0,0.07,1,1,0,0.5,0
114819,64235.16705,0.07,1,0.4,0,0.07,1,0.3,0,0.07,1,0.8,0,0.07,1,1.2,0,0.7,0
114826,59950.96324,2.2,0,0.7,0,0.2,0,2.8,0,1,0,3.7,0,0.07,1,9.5,0,3.1,0
114830,52902.281,0.5,0,0.8,0,0.07,1,1.2,0,0.3,0,1.6,0,0.07,1,3.9,0,0.9,0
114831,58773.30744,0.2,0,1,0,0.07,1,0.6,0,0.2,0,1,0,0.07,1,8.6,0,2.5,0
114832,69560.87122,0.1,0,0.5,0,0.07,1,0.2,0,0.07,1,0.7,0,0.07,1,0.9,0,0.4,0
114848,0,,,,,,,,,,,,,,,,,,
114850,0,,,,,,,,,,,,,,,,,,
114851,204218.1253,0.1,0,1.8,0,0.2,0,0.3,0,0.07,1,1.4,0,0.07,1,1.7,0,1,0
114852,473546.5503,0.3,0,2.6,0,0.2,0,0.6,0,0.2,0,1.5,0,0.07,1,3.7,0,1.9,0
114858,239789.4359,0.6,0,2.3,0,0.5,0,1,0,0.2,0,1.2,0,0.07,1,9.8,0,3.2,0
114861,48270.05615,2.1,0,4.1,0,0.07,1,4.3,0,1.6,0,4.4,0,0.07,1,19.9,0,2.6,0
114864,381289.2684,0.07,1,0.5,0,0.07,1,0.3,0,0.07,1,0.9,0,0.07,1,0.7,0,0.4,0
114865,0,,,,,,,,,,,,,,,,,,
114871,152010.9937,0.1,0,0.4,0,0.3,0,0.5,0,0.07,1,1.7,0,0.07,1,1.3,0,0.7,0
114879,25909.92464,0.6,0,2,0,0.1,0,1.3,0,0.8,0,5.6,0,0.07,1,8.3,0,3.3,0
114881,29608.00709,0.1,0,0.6,0,0.07,1,0.3,0,0.07,1,0.9,0,0.07,1,1.6,0,0.7,0
114890,63462.30696,0.1,0,0.5,0,0.07,1,0.2,0,0.1,0,0.6,0,0.1,0,1.1,0,0.3,0
114893,19757.88236,0.1,0,1.3,0,0.07,1,0.8,0,0.1,0,0.6,0,0.07,1,3.6,0,2.2,0
114901,631437.3983,0.4,0,1.5,0,0.07,1,1,0,0.07,1,1.9,0,0.07,1,9.3,0,3.8,0
114902,0,,,,,,,,,,,,,,,,,,
114908,151365.272,0.1,0,0.2,0,0.07,1,0.5,0,0.07,1,0.6,0,0.07,1,0.6,0,0.3,0
114917,39547.70602,0.2,0,2.3,0,0.2,0,0.9,0,0.1,0,2.7,0,0.07,1,11.3,0,5.4,0
114925,33648.75861,0.5,0,1.4,0,0.1,0,0.5,0,0.1,0,2.8,0,0.2,0,2.7,0,1.3,0
114927,39824.76941,0.2,0,0.3,0,0.07,1,0.2,0,0.1,0,0.5,0,0.07,1,2.8,0,0.4,0
114928,0,,,,,,,,,,,,,,,,,,
114931,53083.15585,0.07,1,0.07,1,0.07,1,0.07,1,0.07,1,0.2,0,0.07,1,0.5,0,0.2,0
114932,31929.57995,0.1,0,0.5,0,0.1,0,0.2,0,0.07,1,0.5,0,0.07,1,1.9,0,0.7,0
114937,111469.0812,0.3,0,1.7,0,0.07,1,0.9,0,0.1,0,1.1,0,0.07,1,5.3,0,2.6,0
114938,0,,,,,,,,,,,,,,,,,,
114940,82708.35929,0.07,1,4.4,0,0.07,1,0.2,0,0.07,1,1.2,0,0.07,1,3.8,0,1.3,0
114952,0,,,,,,,,,,,,,,,,,,
114953,62655.08475,0.07,1,1.1,0,0.2,0,0.2,0,0.07,1,0.9,0,0.07,1,2.5,0,1.2,0
114955,0,,,,,,,,,,,,,,,,,,
114967,51679.80119,0.2,0,2.2,0,0.9,0,0.7,0,0.07,1,2.4,0,0.07,1,6.4,0,5.5,0
114974,16969.68002,0.1,0,0.6,0,0.07,1,1,0,0.1,0,0.9,0,0.07,1,1.7,0,0.5,0
114979,104220.8841,0.1,0,1.3,0,0.4,0,0.3,0,0.07,1,1.5,0,0.1,0,6.3,0,3.6,0
114984,60967.49848,0.2,0,0.4,0,0.07,1,0.5,0,0.2,0,0.5,0,0.07,1,1.2,0,0.4,0
114990,0,,,,,,,,,,,,,,,,,,
114993,92983.03524,0.2,0,0.5,0,0.07,1,0.2,0,0.07,1,0.5,0,0.07,1,2.5,0,0.7,0
114996,42585.89486,0.4,0,0.4,0,0.1,0,0.9,0,0.3,0,1,0,0.07,1,4.3,0,1.1,0
114997,281079.0002,0.4,0,1,0,0.1,0,0.3,0,0.2,0,3,0,0.07,1,2.7,0,0.8,0
115002,103863.2058,0.2,0,1.2,0,0.4,0,0.3,0,0.1,0,1.2,0,0.07,1,2.2,0,0.8,0
115003,251056.818,0.07,1,1.9,0,0.07,1,0.6,0,0.07,1,2,0,0.07,1,3.2,0,2.3,0
115004,162338.2292,0.1,0,0.8,0,0.3,0,0.1,0,0.07,1,1,0,0.07,1,2.2,0,1.2,0
115005,40361.5102,0.3,0,0.9,0,0.3,0,0.4,0,0.2,0,1,0,0.07,1,3.4,0,1.8,0
115009,149579.7779,0.07,1,0.4,0,0.07,1,0.3,0,0.07,1,1.5,0,0.07,1,0.2,0,0.2,0
115012,27725.62012,0.07,1,0.07,1,0.07,1,0.07,1,0.07,1,0.07,1,0.1,0,0.07,1,0.1,0
115013,16000.42019,0.8,0,3.6,0,0.07,1,0.8,0,0.3,0,2.3,0,0.07,1,7.9,0,2,0
115015,96316.82884,0.2,0,1.4,0,0.07,1,0.5,0,0.1,0,2.6,0,0.07,1,6.8,0,5.1,0
115028,22677.82438,0.07,1,0.1,0,0.07,1,0.1,0,0.07,1,0.2,0,0.07,1,0.4,0,0.1,0
115033,26133.31578,0.1,0,0.5,0,0.1,0,0.5,0,0.07,1,0.8,0,0.07,1,1.1,0,0.5,0
115036,882982.2647,0.2,0,0.3,0,0.1,0,0.2,0,0.1,0,0.6,0,0.07,1,0.9,0,0.4,0
115055,103042.6806,0.2,0,0.4,0,0.07,1,0.4,0,0.1,0,0.5,0,0.07,1,1.8,0,0.6,0
115056,168760.5988,0.2,0,2.3,0,0.07,1,0.7,0,0.2,0,2.4,0,0.07,1,3.3,0,2.4,0
115057,10251.71381,0.6,0,6.9,0,0.4,0,2.1,0,0.3,0,3.1,0,0.07,1,6.6,0,4.9,0
115060,60615.48546,0.2,0,0.6,0,0.07,1,0.5,0,0.1,0,0.5,0,0.2,0,2,0,1,0
115064,48018.16112,0.2,0,0.5,0,0.1,0,0.2,0,0.1,0,0.9,0,0.07,1,1.2,0,0.7,0
115074,189871.3557,0.4,0,2.6,0,0.2,0,0.8,0,0.1,0,7.7,0,0.6,0,3.3,0,1.6,0
115089,61085.05496,0.1,0,0.6,0,0.1,0,0.1,0,0.1,0,0.4,0,0.07,1,1.1,0,0.5,0
115091,19628.47797,0.9,0,4.2,0,0.5,0,2.8,0,0.5,0,2.7,0,0.07,1,19.3,0,3.5,0
115092,0,,,,,,,,,,,,,,,,,,
115096,29511.21294,0.5,0,2,0,0.2,0,1.5,0,0.2,0,2,0,0.07,1,22.7,0,4,0
115097,16139.89835,1.4,0,10.1,0,0.4,0,4.2,0,0.9,0,5.5,0,0.07,1,28.1,0,14.2,0
115099,35438.262,0.2,0,1.7,0,0.2,0,0.5,0,0.4,0,1.7,0,0.07,1,2.7,0,1.2,0
115101,32579.49522,0.2,0,1.1,0,0.1,0,0.5,0,0.1,0,1.8,0,0.07,1,5.6,0,3.4,0
115104,98875.24739,0.2,0,2.2,0,0.4,0,0.5,0,0.07,1,2.2,0,0.07,1,4.5,0,2.4,0
115105,114570.6611,0.1,0,0.6,0,0.7,0,0.2,0,0.07,1,0.7,0,0.07,1,2.2,0,0.7,0
115106,45223.30809,0.07,1,0.4,0,0.07,1,0.3,0,0.07,1,0.5,0,0.07,1,0.3,0,0.1,0
115110,51091.91253,0.3,0,1.7,0,0.07,1,0.8,0,0.2,0,1.1,0,0.07,1,3.9,0,2.4,0
115126,58323.52955,0.07,1,0.8,0,0.07,1,0.07,1,0.07,1,0.5,0,0.07,1,1.4,0,1.2,0
115142,67041.98688,0.1,0,2.6,0,0.5,0,0.2,0,0.1,0,1,0,0.07,1,1.9,0,1.7,0
115154,28052.57414,0.3,0,19.3,0,0.07,1,0.6,0,0.3,0,6.8,0,0.07,1,8.1,0,2.7,0
115164,30326.70138,0.2,0,1.3,0,0.07,1,0.4,0,0.2,0,2.9,0,0.07,1,3.3,0,1.9,0
115168,31163.65578,0.2,0,1.4,0,0.2,0,0.6,0,0.3,0,2,0,0.07,1,4.4,0,1.5,0
115169,62842.03156,0.1,0,1.2,0,0.4,0,0.8,0,0.1,0,1.4,0,0.07,1,2.3,0,1.2,0
115172,95177.28221,0.2,0,4.9,0,0.2,0,0.5,0,0.1,0,1.6,0,0.07,1,3.3,0,1.2,0
115173,29205.79901,0.1,0,1.2,0,0.2,0,0.3,0,0.07,1,0.7,0,0.07,1,0.7,0,0.6,0
115187,67273.07123,0.07,1,0.2,0,0.07,1,0.2,0,0.07,1,0.07,1,0.07,1,0.2,0,0.07,1
115188,49317.06109,0.1,0,1.4,0,0.07,1,0.6,0,0.1,0,1.2,0,0.07,1,1.8,0,0.6,0
115190,0,,,,,,,,,,,,,,,,,,
115192,116321.4914,0.4,0,1.6,0,0.07,1,2.7,0,0.1,0,5.9,0,0.07,1,4.9,0,2.4,0
115194,91043.07701,0.2,0,0.9,0,0.07,1,1.1,0,0.07,1,1.7,0,0.07,1,1.3,0,0.6,0
115196,98329.26634,0.2,0,1,0,0.3,0,0.4,0,0.07,1,2.2,0,0.07,1,3.2,0,3.2,0
115205,113725.6221,0.1,0,2.3,0,0.1,0,0.2,0,0.1,0,0.6,0,0.07,1,4.5,0,1.1,0
115208,23645.23956,0.2,0,0.8,0,0.1,0,0.3,0,0.1,0,0.5,0,0.07,1,3.5,0,0.7,0
115210,12033.80159,0.3,0,2.1,0,0.07,1,0.5,0,0.2,0,2,0,0.2,0,5,0,3.7,0
115212,38775.21493,0.4,0,2.9,0,0.07,1,0.5,0,0.2,0,1.1,0,0.07,1,2.9,0,0.9,0
115220,47352.96052,0.2,0,8.2,0,0.4,0,0.7,0,0.07,1,2.6,0,0.07,1,6.1,0,2.7,0
115225,73329.70648,0.2,0,1.7,0,0.07,1,1.1,0,0.2,0,3.7,0,0.07,1,3.8,0,2.5,0
115226,43335.55874,0.2,0,7.3,0,0.07,1,1.3,0,0.07,1,2.4,0,0.07,1,9.6,0,4.2,0
115230,103486.9871,0.7,0,4.1,0,0.07,1,0.9,0,0.7,0,1.7,0,0.07,1,8,0,1.8,0
115243,50003.067,0.1,0,0.6,0,0.07,1,0.4,0,0.1,0,0.9,0,0.07,1,0.9,0,0.4,0
115244,39082.59573,0.2,0,1.5,0,0.07,1,0.7,0,0.3,0,2.6,0,0.07,1,4,0,1.4,0
115250,172957.8547,0.4,0,1.3,0,0.1,0,0.6,0,0.3,0,2.1,0,0.2,0,3.1,0,2.1,0
115253,90033.96063,0.1,0,1.5,0,0.2,0,0.2,0,0.1,0,0.7,0,0.07,1,2.1,0,1.2,0
115258,57873.03708,0.07,1,1.1,0,0.1,0,0.3,0,0.07,1,1,0,0.07,1,1.5,0,0.6,0
115260,22568.90393,0.07,1,0.07,1,0.2,0,0.9,0,0.07,1,0.07,1,0.07,1,0.1,0,0.07,1
115263,105890.2357,0.1,0,1.5,0,0.9,0,0.5,0,0.07,1,2.1,0,0.07,1,7.8,0,5.3,0
115264,48665.45261,0.3,0,1.4,0,0.1,0,0.7,0,0.07,1,4,0,0.07,1,2,0,1.1,0
115266,37810.94231,0.07,1,1,0,0.4,0,0.5,0,0.07,1,0.9,0,0.07,1,8.2,0,3.7,0
115267,98002.15381,0.2,0,0.5,0,0.1,0,0.3,0,0.1,0,0.9,0,0.07,1,1.2,0,0.4,0
115272,193584.8155,0.1,0,0.7,0,0.2,0,0.3,0,0.07,1,1.2,0,0.07,1,3.4,0,1.7,0
115273,17154.40633,0.07,1,0.3,0,0.07,1,0.2,0,0.07,1,0.6,0,0.07,1,1,0,0.5,0
115277,53073.73461,0.07,1,0.4,0,0.07,1,0.2,0,0.07,1,0.9,0,0.2,0,1.2,0,0.6,0
115282,54632.9659,0.07,1,1.5,0,0.07,1,0.2,0,0.07,1,1.7,0,0.07,1,1.3,0,0.5,0
115284,59969.73593,0.1,0,1.8,0,0.3,0,0.4,0,0.07,1,1.7,0,0.07,1,3.9,0,2,0
115294,159851.4136,0.3,0,0.8,0,0.1,0,0.8,0,0.3,0,1.6,0,0.07,1,5.5,0,2.9,0
115296,144843.7592,0.07,1,0.4,0,0.07,1,0.7,0,0.07,1,0.7,0,0.07,1,0.6,0,0.3,0
115299,0,,,,,,,,,,,,,,,,,,
115300,82453.23879,0.2,0,0.3,0,0.07,1,0.3,0,0.1,0,0.7,0,0.07,1,1.5,0,0.3,0
115303,56032.47981,0.3,0,0.5,0,0.07,1,0.4,0,0.2,0,0.6,0,0.07,1,4.8,0,0.7,0
115304,31915.26193,0.4,0,15.6,0,0.6,0,1.5,0,0.1,0,5.3,0,0.07,1,5.1,0,1.6,0
115317,106668.1978,0.4,0,1,0,0.2,0,0.7,0,0.2,0,1.6,0,0.07,1,4.4,0,1.1,0
115323,119987.3557,0.1,0,0.6,0,0.07,1,0.4,0,0.1,0,2.2,0,0.07,1,0.6,0,0.4,0
115325,64497.39124,0.1,0,0.2,0,0.1,0,0.1,0,0.1,0,0.5,0,0.07,1,0.6,0,0.2,0
115334,15594.83109,0.3,0,21.4,0,0.2,0,1.1,0,0.1,0,10.7,0,0.07,1,13.2,0,5.3,0
115335,67436.27341,0.3,0,2.6,0,0.5,0,0.7,0,0.2,0,2.5,0,0.07,1,6.1,0,3.2,0
115337,45111.00129,0.2,0,2.3,0,0.1,0,1.1,0,0.2,0,3.3,0,0.07,1,4.8,0,6,0
115343,68068.64804,0.07,1,0.3,0,0.07,1,0.1,0,0.07,1,0.7,0,0.07,1,1,0,0.3,0
115346,39102.9694,0.07,1,0.07,1,0.07,1,0.07,1,0.07,1,0.1,0,0.07,1,0.2,0,0.07,1
115348,32280.18429,0.2,0,2.2,0,0.1,0,1,0,0.2,0,2.3,0,0.07,1,8.4,0,3.2,0
115356,35388.71498,0.1,0,0.7,0,0.07,1,0.2,0,0.07,1,0.9,0,0.07,1,2.2,0,0.5,0
115375,470697.2971,0.2,0,2.2,0,0.2,0,0.4,0,0.2,0,3.2,0,0.07,1,3.9,0,2.3,0
115376,0,,,,,,,,,,,,,,,,,,
115386,15396.40002,0.2,0,1,0,0.07,1,0.7,0,0.07,1,1.4,0,0.07,1,2.2,0,1.2,0
115390,114729.975,0.3,0,1.3,0,0.07,1,0.5,0,0.1,0,3.1,0,0.07,1,2.4,0,1,0
115391,38670.77021,0.07,1,1.9,0,0.07,1,0.3,0,0.07,1,0.8,0,0.07,1,2.1,0,0.8,0
115401,81620.98399,0.2,0,1.5,0,0.4,0,0.5,0,0.1,0,1.5,0,0.07,1,7.2,0,2.7,0
115411,245771.8099,0.1,0,19.3,0,0.07,1,0.3,0,0.1,0,2.8,0,0.07,1,6.8,0,2.5,0
115416,43622.00464,0.9,0,3.9,0,0.3,0,1.9,0,1.1,0,3.5,0,0.2,0,5.3,0,1.4,0
115417,400936.4803,0.2,0,1.6,0,0.07,1,0.7,0,0.1,0,2.4,0,0.07,1,5.3,0,2.8,0
115432,59047.64322,0.1,0,1.5,0,0.8,0,0.7,0,0.1,0,1.1,0,0.07,1,4.7,0,2.5,0
115437,160751.2175,0.3,0,5.6,0,0.5,0,1,0,0.2,0,7.4,0,0.07,1,14.6,0,13.7,0
115438,102570.8909,0.6,0,4.1,0,0.2,0,1.3,0,0.3,0,2.1,0,0.07,1,10.6,0,3,0
115441,88060.84253,0.3,0,1,0,0.07,1,0.8,0,0.1,0,1.8,0,0.07,1,5.6,0,2.4,0
115459,23499.02147,0.5,0,2.1,0,0.07,1,0.7,0,0.3,0,2.1,0,0.07,1,9.6,0,3.1,0
115467,76099.67634,0.3,0,0.6,0,0.07,1,1,0,0.2,0,1.6,0,0.07,1,3.2,0,1,0
115469,152641.9472,0.1,0,5.1,0,0.3,0,0.4,0,0.07,1,1.8,0,0.07,1,5.6,0,4.4,0
115470,83327.89146,0.1,0,5.9,0,0.3,0,0.4,0,0.07,1,1.3,0,0.07,1,3.5,0,1.8,0
115479,36653.63287,0.2,0,0.3,0,0.07,1,0.6,0,0.3,0,1,0,0.07,1,1.6,0,0.3,0
115486,17134.44895,0.2,0,0.6,0,0.1,0,0.1,0,0.2,0,0.9,0,0.07,1,1.7,0,0.3,0
115489,0,,,,,,,,,,,,,,,,,,
115490,37683.65158,0.5,0,0.6,0,0.07,1,0.3,0,0.3,0,0.5,0,0.07,1,6.6,0,0.8,0
115493,55152.91859,0.3,0,1.4,0,0.2,0,0.7,0,0.07,1,3.8,0,0.07,1,5.5,0,4.3,0
115495,18416.15434,0.3,0,2.3,0,1,0,0.9,0,0.1,0,2.2,0,0.07,1,12.3,0,5,0
115498,314465.064,0.2,0,0.9,0,0.07,1,1.2,0,0.07,1,4.3,0,0.07,1,3.1,0,2.5,0
115499,38734.8738,0.2,0,0.8,0,0.07,1,0.8,0,0.07,1,1.6,0,0.07,1,1.4,0,0.9,0
115500,0,,,,,,,,,,,,,,,,,,
115509,65692.90962,0.2,0,1,0,0.07,1,0.5,0,0.1,0,2.9,0,0.07,1,2.2,0,1.4,0
115510,51299.76006,0.3,0,0.6,0,0.07,1,0.4,0,0.1,0,1.4,0,0.07,1,1.8,0,0.8,0
115521,89566.91116,0.2,0,2.9,0,0.1,0,1.2,0,0.1,0,3.8,0,0.07,1,12.2,0,9.4,0
115531,0,,,,,,,,,,,,,,,,,,
115532,86785.12015,0.1,0,1.2,0,0.1,0,0.4,0,0.07,1,1.8,0,0.07,1,3.1,0,1.9,0
115539,10562.40897,0.1,0,0.7,0,0.2,0,0.1,0,0.07,1,1.3,0,0.07,1,0.8,0,0.4,0
115540,196983.9605,0.07,1,0.5,0,0.1,0,0.8,0,0.07,1,1.2,0,0.07,1,1.1,0,0.9,0
115545,123214.1558,0.07,1,0.4,0,0.07,1,0.2,0,0.07,1,0.7,0,0.07,1,1.2,0,0.4,0
115547,60585.61714,0.2,0,1,0,0.07,1,0.4,0,0.1,0,1.4,0,0.07,1,1.4,0,0.9,0
115551,47628.99175,0.4,0,0.4,0,0.1,0,0.5,0,0.2,0,0.8,0,0.07,1,5,0,0.7,0
115554,126392.788,0.3,0,1.1,0,0.3,0,0.8,0,0.2,0,2.7,0,0.07,1,2.8,0,1.8,0
115558,250127.8324,0.3,0,0.9,0,0.4,0,1.3,0,0.1,0,2.6,0,0.07,1,3.8,0,1.6,0
115562,43623.977,0.1,0,1.9,0,0.2,0,0.6,0,0.07,1,1.6,0,0.07,1,2.1,0,1,0
115563,109649.7124,0.2,0,0.4,0,0.07,1,0.5,0,0.07,1,1,0,0.07,1,0.6,0,0.3,0
115570,77611.10339,0.4,0,1.5,0,0.8,0,1.5,0,0.2,0,5.5,0,0.2,0,6.5,0,6.7,0
115575,59614.37095,0.3,0,1.8,0,0.3,0,0.7,0,0.2,0,1.6,0,0.07,1,11.1,0,3.9,0
115577,32431.62782,0.6,0,1.2,0,0.07,1,1.5,0,1,0,1.7,0,0.07,1,5.8,0,1.3,0
115579,30597.66096,0.3,0,1.2,0,0.07,1,1,0,0.1,0,3.6,0,0.07,1,5.1,0,3.4,0
115588,126853.5158,0.2,0,1.1,0,0.07,1,0.5,0,0.2,0,1,0,0.07,1,2.9,0,1.5,0
115593,49297.79203,0.1,0,0.9,0,0.1,0,0.3,0,0.07,1,1.1,0,0.07,1,1.3,0,0.7,0
115595,30078.7759,0.2,0,2.7,0,0.4,0,0.7,0,0.1,0,3,0,0.07,1,3.2,0,1.6,0
115596,0,,,,,,,,,,,,,,,,,,
115599,58781.56118,0.3,0,1.9,0,0.07,1,0.5,0,0.3,0,1.6,0,0.07,1,7.4,0,2.6,0
115604,94916.5529,0.2,0,2.1,0,0.07,1,0.4,0,0.07,1,1.4,0,0.07,1,5.2,0,1.8,0
115613,15221.3045,0.1,0,1.8,0,1.3,0,0.6,0,0.07,1,2.4,0,0.07,1,4.1,0,1.5,0
115614,36647.73545,1.1,0,0.4,0,0.2,0,1.4,0,0.5,0,2.6,0,0.07,1,5.9,0,0.8,0
115624,39028.8617,0.3,0,19.9,0,0.1,0,0.9,0,0.3,0,6.7,0,0.07,1,10,0,3.2,0
115649,0,,,,,,,,,,,,,,,,,,
115656,19905.60571,0.8,0,2,0,0.2,0,0.9,0,0.2,0,0.9,0,0.07,1,9.5,0,3.3,0
115663,24476.43524,0.2,0,1.2,0,0.4,0,0.6,0,0.1,0,1.3,0,0.07,1,3.2,0,3,0
115670,186734.2572,0.2,0,0.8,0,0.1,0,0.7,0,0.1,0,1.7,0,0.07,1,4.5,0,3.3,0
115671,65111.21551,0.8,0,3.4,0,0.6,0,1.6,0,0.4,0,1.3,0,0.07,1,14.1,0,2.9,0
115675,221370.4434,0.1,0,0.5,0,0.5,0,0.3,0,0.07,1,0.4,0,0.07,1,1.6,0,0.5,0
115679,103708.1081,0.2,0,0.3,0,0.2,0,0.6,0,0.1,0,2.1,0,0.07,1,3.3,0,0.9,0
115683,137959.2199,0.3,0,0.6,0,0.07,1,0.6,0,0.2,0,1.2,0,0.07,1,2,0,0.6,0
115698,141501.8868,0.1,0,0.5,0,0.07,1,0.9,0,0.1,0,0.8,0,0.07,1,1.7,0,0.6,0
115706,47109.01132,0.1,0,0.5,0,0.5,0,0.4,0,0.07,1,1.9,0,0.07,1,1.3,0,0.6,0
115709,95960.59468,0.7,0,1.6,0,0.4,0,1.1,0,0.4,0,1.3,0,0.07,1,13.8,0,2.5,0
115710,487003.2607,0.1,0,1.5,0,0.2,0,0.4,0,0.07,1,1,0,0.07,1,4,0,1.3,0
115712,47390.9358,0.2,0,0.4,0,0.07,1,0.4,0,0.1,0,1.2,0,0.07,1,2.5,0,0.8,0
115720,13091.48268,0.1,0,0.2,0,0.07,1,0.4,0,0.2,0,0.5,0,0.07,1,0.9,0,0.6,0
115727,52871.72077,0.2,0,2.1,0,0.07,1,0.5,0,0.1,0,2.5,0,0.07,1,4.5,0,1.6,0
115732,45091.74204,0.07,1,0.5,0,0.07,1,0.4,0,0.07,1,0.4,0,0.07,1,2.5,0,0.9,0
115740,8385.781276,0.4,0,5,0,0.3,0,0.9,0,0.2,0,1.3,0,0.07,1,14.6,0,4.3,0
115746,33549.58797,0.3,0,3.7,0,0.2,0,1.5,0,0.07,1,4.9,0,0.07,1,13.2,0,8.8,0
115753,193515.3698,0.3,0,4,0,0.2,0,1.1,0,0.1,0,2,0,0.07,1,13,0,4.6,0
115756,45671.30859,0.07,1,1.1,0,0.07,1,0.3,0,0.07,1,0.5,0,0.07,1,0.9,0,0.3,0
115760,166329.5444,0.07,1,0.2,0,0.07,1,0.07,1,0.07,1,0.2,0,0.07,1,0.2,0,0.2,0
115764,35726.66092,0.07,1,0.1,0,0.07,1,0.07,1,0.07,1,0.1,0,0.07,1,0.2,0,0.1,0
115767,19251.62443,0.2,0,0.6,0,0.07,1,0.07,1,0.1,0,0.9,0,0.07,1,0.7,0,0.2,0
115770,51093.92001,0.2,0,1.6,0,0.07,1,0.5,0,0.07,1,2,0,0.07,1,3.8,0,3.3,0
115780,49114.44287,0.2,0,0.4,0,0.3,0,0.6,0,0.07,1,0.7,0,0.07,1,1.4,0,0.3,0
115788,22195.54519,0.3,0,2.1,0,0.07,1,1.1,0,0.5,0,3.3,0,0.07,1,6.6,0,4,0
115791,24653.98606,0.3,0,1.4,0,0.1,0,0.7,0,0.2,0,1.9,0,0.07,1,7.3,0,3.5,0
115792,181734.5127,0.3,0,0.8,0,0.07,1,0.6,0,0.2,0,2,0,0.07,1,2.2,0,0.8,0
115806,46100.17982,0.2,0,0.7,0,0.1,0,0.4,0,0.2,0,1.1,0,0.07,1,1.7,0,0.7,0
115809,36109.28653,0.1,0,2.1,0,0.4,0,0.4,0,0.07,1,2.9,0,0.07,1,5.8,0,5.4,0
115811,22981.5177,0.07,1,0.1,0,0.07,1,0.2,0,0.07,1,0.6,0,0.07,1,0.7,0,0.3,0
115817,47205.29441,0.3,0,0.7,0,0.07,1,0.6,0,0.2,0,0.8,0,0.07,1,4.3,0,0.9,0
115822,14565.72124,5.8,0,1.5,0,0.2,0,2.3,0,1.6,0,2.3,0,0.07,1,88.4,0,16.5,0
115827,84178.00802,0.1,0,1.4,0,0.07,1,0.3,0,0.07,1,1,0,0.07,1,1.6,0,1.1,0
115829,53257.66443,0.1,0,0.2,0,0.1,0,0.2,0,0.07,1,0.4,0,0.07,1,0.9,0,0.3,0
115833,91675.13255,0.1,0,3.2,0,0.1,0,0.5,0,0.07,1,1.8,0,0.07,1,7.5,0,2.4,0
115842,22815.99927,0.1,0,0.9,0,0.07,1,0.3,0,0.07,1,1.6,0,0.07,1,1.8,0,0.4,0
115847,60403.69922,0.1,0,0.6,0,0.8,0,0.3,0,0.07,1,0.8,0,0.07,1,1.9,0,0.8,0
115849,56743.70631,0.2,0,0.9,0,0.07,1,0.5,0,0.07,1,2,0,0.07,1,1.6,0,0.7,0
115850,111676.292,0.07,1,2.2,0,0.07,1,0.8,0,0.07,1,1.2,0,0.07,1,2.9,0,1.8,0
115865,0,,,,,,,,,,,,,,,,,,
115867,0,,,,,,,,,,,,,,,,,,
115879,35305.23723,0.5,0,3.1,0,0.07,1,1.3,0,0.6,0,3.4,0,0.07,1,9.2,0,2.9,0
115880,55962.34163,0.6,0,1,0,0.07,1,1.1,0,0.07,1,2.4,0,0.07,1,2,0,0.7,0
115885,45594.09243,0.1,0,0.6,0,0.1,0,0.3,0,0.07,1,1,0,0.07,1,1.7,0,0.9,0
115887,140166.7368,0.3,0,1,0,0.1,0,1,0,0.3,0,1.8,0,0.07,1,7.1,0,1.9,0
115889,12981.14886,0.4,0,2,0,0.1,0,0.7,0,0.3,0,1.1,0,0.07,1,14.5,0,4.5,0
115891,212505.9827,0.07,1,0.2,0,0.07,1,0.07,1,0.07,1,0.3,0,0.07,1,0.2,0,0.07,1
115892,21162.46625,0.5,0,0.5,0,0.07,1,0.7,0,0.1,0,1.7,0,0.07,1,1.6,0,0.6,0
115907,35141.03393,0.2,0,2.8,0,0.07,1,0.5,0,0.1,0,1.4,0,0.2,0,3.4,0,2.4,0
115908,23781.58288,0.7,0,2.8,0,0.7,0,1.2,0,0.3,0,1.9,0,0.07,1,33.8,0,6.6,0
115909,12717.33096,0.07,1,0.2,0,0.07,1,0.2,0,0.07,1,0.5,0,0.07,1,1.4,0,0.5,0
115914,0,,,,,,,,,,,,,,,,,,
115936,117659.7465,0.2,0,1.1,0,0.2,0,1.4,0,0.1,0,0.5,0,0.07,1,4.3,0,1.8,0
115939,91608.29109,0.07,1,1.6,0,0.07,1,0.8,0,0.07,1,1.1,0,0.07,1,1.9,0,1.4,0
115943,141288.0387,0.07,1,0.1,0,0.5,0,0.2,0,0.07,1,0.7,0,0.07,1,0.6,0,0.3,0
115948,65380.07259,0.2,0,0.4,0,0.07,1,0.1,0,0.1,0,0.6,0,0.07,1,1.4,0,0.5,0
115950,89382.01015,0.2,0,0.8,0,0.1,0,0.2,0,0.07,1,0.9,0,0.07,1,1.5,0,0.5,0
115961,140318.8262,0.1,0,1.8,0,0.07,1,0.6,0,0.07,1,2,0,0.07,1,1.9,0,1.2,0
115963,61159.75089,0.1,0,0.7,0,0.1,0,0.07,1,0.07,1,0.5,0,0.07,1,0.9,0,0.6,0
115965,40971.51003,0.1,0,3.4,0,0.3,0,0.6,0,0.2,0,1.9,0,0.07,1,4.2,0,3,0
115975,0,,,,,,,,,,,,,,,,,,
115986,153844.5616,0.2,0,0.6,0,0.3,0,0.4,0,0.1,0,0.9,0,0.07,1,1.9,0,0.6,0
115993,273815.3874,0.3,0,3.9,0,0.3,0,1.1,0,0.4,0,1.4,0,0.07,1,9.3,0,2.7,0
115994,103543.5735,0.2,0,1.8,0,0.07,1,1.3,0,0.07,1,2.5,0,0.07,1,3.1,0,2.3,0
116003,134108.4265,0.2,0,0.3,0,0.1,0,0.2,0,0.2,0,0.5,0,0.07,1,1.1,0,0.4,0
116013,15591.26017,1.3,0,2.9,0,0.6,0,1.9,0,0.2,0,8.8,0,0.07,1,5.1,0,2.1,0
116016,386912.0187,0.07,1,0.9,0,0.07,1,0.3,0,0.07,1,1.5,0,0.07,1,1.8,0,1.8,0
116019,45597.5569,0.5,0,0.4,0,0.07,1,0.8,0,0.7,0,1.3,0,0.07,1,2.5,0,0.5,0
116021,54334.76077,0.07,1,1.4,0,0.07,1,0.3,0,0.07,1,0.8,0,0.07,1,3.4,0,3.1,0
116022,164331.1626,0.2,0,1.1,0,0.07,1,0.2,0,0.1,0,0.9,0,0.07,1,2.1,0,1.2,0
116027,249913.7447,0.3,0,1.9,0,0.07,1,0.9,0,0.1,0,2.4,0,0.07,1,8.1,0,3.1,0
116029,144458.0245,0.1,0,0.9,0,0.1,0,0.3,0,0.07,1,1.9,0,0.07,1,2.1,0,0.9,0
116030,14634.28696,0.1,0,0.6,0,0.07,1,0.4,0,0.1,0,0.4,0,0.07,1,1.1,0,0.4,0
116035,50643.54548,0.1,0,1.4,0,0.3,0,0.2,0,0.07,1,1.6,0,0.07,1,2.8,0,0.8,0
116036,360813.2232,1.1,0,2.1,0,0.8,0,1.4,0,0.4,0,1.4,0,0.07,1,17.6,0,1.9,0
116044,87274.18618,0.2,0,0.7,0,0.07,1,0.2,0,0.1,0,0.8,0,0.07,1,1.7,0,0.4,0
116050,40220.69434,0.2,0,3.6,0,0.07,1,0.2,0,0.1,0,2.9,0,0.07,1,2,0,0.8,0
116053,127030.5774,0.2,0,0.4,0,0.07,1,0.2,0,0.2,0,0.8,0,0.07,1,3.9,0,0.7,0
116054,64785.23224,0.2,0,2.2,0,0.2,0,0.5,0,0.1,0,1,0,0.07,1,2.7,0,0.9,0
116061,25263.15916,0.5,0,1.9,0,0.3,0,1.1,0,0.3,0,1.7,0,0.07,1,9.5,0,4.1,0
116065,13377.34243,0.2,0,2.5,0,0.07,1,0.8,0,0.07,1,2.8,0,0.07,1,5,0,2.3,0
116067,70735.32991,0.1,0,0.3,0,0.07,1,0.2,0,0.07,1,0.7,0,0.07,1,1,0,0.5,0
116071,489244.4101,0.6,0,1.5,0,0.2,0,0.8,0,0.5,0,2.5,0,0.07,1,6.1,0,1.9,0
116073,102009.5588,0.4,0,1.2,0,0.8,0,0.6,0,0.4,0,1,0,0.07,1,17.3,0,3.5,0
116075,62184.48332,0.2,0,0.6,0,0.07,1,0.4,0,0.2,0,1.1,0,0.07,1,3.3,0,0.7,0
116076,76574.8609,0.2,0,1.1,0,0.2,0,0.4,0,0.1,0,1.6,0,0.07,1,2.2,0,1.3,0
116077,116847.9132,0.2,0,1.8,0,0.2,0,0.7,0,0.1,0,2.1,0,0.07,1,5.2,0,3,0
116080,72450.9182,0.2,0,0.7,0,0.1,0,0.8,0,0.1,0,1,0,0.07,1,1.9,0,0.7,0
116090,42311.33999,0.2,0,0.3,0,0.07,1,0.1,0,0.3,0,0.6,0,0.07,1,1.1,0,0.3,0
116101,38143.98442,0.2,0,1.6,0,0.1,0,0.6,0,0.1,0,2.3,0,0.07,1,5.9,0,3.9,0
116102,0,,,,,,,,,,,,,,,,,,
116113,38348.63732,0.4,0,1.2,0,0.07,1,1,0,0.6,0,1.9,0,0.07,1,5.2,0,2.3,0
116114,116306.6652,0.2,0,0.4,0,0.07,1,0.2,0,0.1,0,0.5,0,0.07,1,1.3,0,0.5,0
116120,29772.65279,0.1,0,1.1,0,0.07,1,0.4,0,0.07,1,0.9,0,0.07,1,1.6,0,1.1,0
116121,24266.50794,0.7,0,0.7,0,0.2,0,1.2,0,0.4,0,1.9,0,0.07,1,4.1,0,0.6,0
116127,12769.27775,0.1,0,0.4,0,0.07,1,0.4,0,0.1,0,0.7,0,0.07,1,1.8,0,0.8,0
116131,37085.18095,0.2,0,3.7,0,0.07,1,1,0,0.2,0,1.4,0,0.07,1,8.2,0,2.1,0
116134,50722.70638,0.07,1,0.5,0,0.07,1,0.2,0,0.07,1,0.7,0,0.07,1,1.5,0,0.6,0
116150,191002.5742,0.5,0,2.6,0,0.07,1,0.9,0,0.3,0,2,0,0.07,1,11,0,2.9,0
116151,89385.8007,0.7,0,2.6,0,0.07,1,1.1,0,0.3,0,1.6,0,0.07,1,13.6,0,3.8,0
116159,45347.07964,0.07,1,0.2,0,0.07,1,0.3,0,0.07,1,0.4,0,0.1,0,1,0,0.5,0
116160,34514.19948,0.1,0,0.2,0,0.07,1,0.3,0,0.07,1,1.2,0,0.07,1,0.6,0,0.2,0
116164,412175.1647,0.1,0,0.5,0,0.1,0,0.4,0,0.1,0,0.6,0,0.07,1,1.2,0,0.8,0
116167,34538.1309,0.07,1,1.1,0,0.07,1,0.3,0,0.07,1,0.9,0,0.07,1,1.4,0,0.6,0
116178,38543.8513,0.1,0,2,0,0.4,0,0.4,0,0.07,1,1.4,0,0.2,0,2.7,0,0.8,0
116180,47357.37016,0.2,0,1,0,0.07,1,0.7,0,0.4,0,0.8,0,0.1,0,3.4,0,0.9,0
116182,10840.37572,0.1,0,1.7,0,0.07,1,0.4,0,0.07,1,3.9,0,0.07,1,1.6,0,0.6,0
116202,129975.7257,0.07,1,0.4,0,0.07,1,0.07,1,0.07,1,0.4,0,0.07,1,1.4,0,0.3,0
116206,364959.1665,0.3,0,2.9,0,0.1,0,0.6,0,0.2,0,1.7,0,0.07,1,7,0,4.5,0
116211,51483.66824,0.2,0,1,0,0.3,0,0.8,0,0.1,0,1.5,0,0.07,1,4.6,0,2.1,0
116221,56953.75166,0.1,0,0.5,0,0.07,1,0.6,0,0.1,0,0.9,0,0.2,0,1.2,0,0.3,0
116224,158372.8417,0.2,0,1.1,0,0.07,1,0.3,0,0.07,1,0.9,0,0.07,1,2.5,0,0.6,0
116226,950020.5347,0.2,0,0.7,0,0.2,0,0.3,0,0.2,0,0.9,0,0.1,0,2.4,0,0.9,0
116236,102406.4435,0.2,0,1.6,0,0.1,0,0.3,0,0.1,0,1.2,0,0.07,1,2.5,0,1,0
116237,41773.27932,0.5,0,0.2,0,0.07,1,0.9,0,0.4,0,0.7,0,0.07,1,3.8,0,0.4,0
116242,113594.1334,0.07,1,0.2,0,0.1,0,0.5,0,0.07,1,0.4,0,0.07,1,0.7,0,0.3,0
116243,107255.2782,0.2,0,2.4,0,0.1,0,0.6,0,0.2,0,2.7,0,0.07,1,3,0,2.1,0
116251,205922.5896,0.1,0,1.4,0,0.1,0,0.8,0,0.07,1,1,0,0.07,1,2.2,0,1,0
116265,111490.8366,0.5,0,2.2,0,0.1,0,0.7,0,0.2,0,1.2,0,0.07,1,9.2,0,2.1,0
116271,35740.27771,0.2,0,0.4,0,0.07,1,0.4,0,0.1,0,1.4,0,0.07,1,2.5,0,0.7,0
116286,22091.82118,0.07,1,0.3,0,0.1,0,0.07,1,0.07,1,0.6,0,0.07,1,0.6,0,0.3,0
116287,0,,,,,,,,,,,,,,,,,,
116291,32607.15133,2.3,0,11.9,0,0.07,1,1.9,0,2.2,0,6.2,0,0.07,1,26.6,0,4.4,0
116295,35050.77192,0.7,0,10.7,0,1,0,1.2,0,0.2,0,2.4,0,0.07,1,12.6,0,5.2,0
116302,39052.93397,0.3,0,3.3,0,0.3,0,0.6,0,0.1,0,3,0,0.07,1,6.1,0,3.5,0
116307,48792.70294,0.5,0,0.3,0,0.7,0,1,0,0.5,0,0.9,0,0.07,1,4.8,0,1.2,0
116313,126668.1098,0.2,0,0.9,0,0.1,0,0.4,0,0.2,0,0.9,0,0.07,1,2.2,0,0.7,0
116314,38132.66927,1.2,0,14.9,0,0.07,1,1.8,0,1.4,0,6.9,0,0.07,1,23.8,0,3.7,0
116318,95860.48531,0.2,0,0.3,0,0.07,1,0.4,0,0.07,1,1.8,0,0.07,1,1.3,0,0.5,0
116319,23351.89954,0.1,0,1.5,0,0.07,1,0.5,0,0.07,1,0.7,0,0.07,1,3.7,0,1.9,0
116324,0,,,,,,,,,,,,,,,,,,
116335,99802.25964,0.1,0,0.5,0,0.07,1,0.5,0,0.07,1,0.7,0,0.07,1,2.5,0,1.6,0
116336,120821.2914,0.2,0,0.3,0,0.1,0,0.2,0,0.2,0,0.4,0,0.07,1,0.9,0,0.3,0
116337,0,,,,,,,,,,,,,,,,,,
116342,0,,,,,,,,,,,,,,,,,,
116346,0,,,,,,,,,,,,,,,,,,
116348,590572.3467,0.07,1,0.3,0,0.07,1,0.2,0,0.07,1,0.8,0,0.07,1,0.7,0,0.4,0
116356,21273.35825,0.1,0,0.2,0,0.07,1,0.2,0,0.07,1,0.6,0,0.07,1,0.9,0,0.2,0
116361,33982.51858,0.1,0,1,0,0.2,0,0.4,0,0.07,1,1,0,0.07,1,1.7,0,0.7,0
116373,24015.80063,0.2,0,3.7,0,0.2,0,0.6,0,0.07,1,1.2,0,0.07,1,4,0,2.4,0
116375,573643.8671,0.2,0,0.7,0,0.2,0,0.8,0,0.1,0,1.1,0,0.07,1,5.6,0,3.6,0
116378,30367.19696,0.3,0,2.7,0,0.2,0,0.5,0,0.2,0,1.1,0,0.07,1,21.1,0,6.1,0
116381,162224.8225,0.1,0,2.3,0,0.3,0,1.3,0,0.07,1,4.6,0,0.07,1,4.8,0,3.7,0
116383,49820.86502,0.5,0,0.9,0,0.1,0,0.9,0,0.2,0,4.3,0,0.07,1,2.5,0,2,0
116389,164781.4887,0.07,1,3.4,0,0.1,0,0.07,1,0.07,1,1.2,0,0.07,1,2.3,0,1.1,0
116401,27175.64219,0.07,1,0.5,0,0.07,1,0.3,0,0.07,1,0.4,0,0.1,0,0.6,0,0.4,0
116404,54548.94289,0.2,0,0.6,0,0.07,1,0.6,0,0.2,0,1.6,0,0.07,1,1.9,0,0.7,0
116407,74687.18581,0.1,0,1.6,0,0.1,0,0.4,0,0.07,1,1.9,0,0.07,1,2.2,0,1,0
116415,39982.95088,0.07,1,0.8,0,0.1,0,1.5,0,0.07,1,0.9,0,0.07,1,1.3,0,0.7,0
116417,59547.33622,0.5,0,0.8,0,0.07,1,0.5,0,0.1,0,1.8,0,0.07,1,1.4,0,0.6,0
116423,28243.72528,0.3,0,1.6,0,0.07,1,1,0,0.2,0,2.1,0,0.07,1,3.4,0,0.9,0
116424,300165.5508,0.3,0,1.9,0,0.2,0,0.9,0,0.2,0,2,0,0.07,1,5.5,0,1.6,0
116428,270577.6714,0.2,0,1.2,0,0.1,0,0.5,0,0.07,1,1.5,0,0.07,1,4.1,0,2,0
116430,46881.39731,0.1,0,1.6,0,0.6,0,0.4,0,0.1,0,1.1,0,0.07,1,2.6,0,2.7,0
116432,76302.12672,0.4,0,0.5,0,0.07,1,0.9,0,0.2,0,6.7,0,0.2,0,5.6,0,1.2,0
116435,36707.35548,0.1,0,1,0,0.07,1,0.5,0,0.07,1,0.9,0,0.07,1,1.8,0,1,0
116436,36743.47542,0.2,0,0.4,0,0.07,1,0.2,0,0.2,0,0.6,0,0.07,1,0.9,0,0.5,0
116442,33984.69675,0.2,0,1.6,0,0.1,0,0.8,0,0.1,0,3.7,0,0.07,1,8.5,0,5.1,0
116447,248004.1374,0.2,0,0.7,0,0.2,0,1.2,0,0.07,1,1.1,0,0.07,1,3.6,0,1.5,0
116449,34215.64988,0.2,0,1.6,0,0.2,0,0.7,0,0.2,0,1.7,0,0.07,1,3.5,0,1.3,0
116454,79026.5313,0.9,0,1.6,0,0.07,1,2,0,0.7,0,2.5,0,0.07,1,7.9,0,1.2,0
116460,0,,,,,,,,,,,,,,,,,,
116461,104820.2031,0.4,0,1.3,0,0.1,0,1.2,0,0.3,0,1.1,0,0.07,1,9.6,0,3.9,0
116466,12159.11002,0.2,0,0.5,0,0.2,0,0.4,0,0.1,0,0.7,0,0.2,0,1.3,0,0.4,0
116467,74219.83728,0.6,0,2.3,0,0.2,0,1.5,0,0.2,0,1.9,0,0.07,1,9.2,0,2.2,0
116472,26208.14323,0.2,0,2.1,0,0.1,0,0.2,0,0.07,1,2.8,0,0.07,1,3.1,0,0.7,0
116475,46374.42827,0.3,0,0.9,0,0.5,0,0.7,0,0.2,0,1.7,0,0.07,1,4.4,0,1.5,0
116480,49935.80043,0.1,0,0.9,0,0.4,0,0.2,0,0.07,1,1.7,0,0.3,0,2.2,0,1,0
116486,18352.01753,0.07,1,0.3,0,0.1,0,0.3,0,0.07,1,0.5,0,0.07,1,1.5,0,0.7,0
116492,101979.7736,0.1,0,7.4,0,0.4,0,0.4,0,0.2,0,0.9,0,0.07,1,6.5,0,1.8,0
116506,80118.00493,0.07,1,0.5,0,0.07,1,0.3,0,0.07,1,0.7,0,0.07,1,0.6,0,0.7,0
116510,282046.9295,0.6,0,0.8,0,0.07,1,1,0,0.6,0,1.7,0,0.07,1,4.6,0,0.9,0
116515,0,,,,,,,,,,,,,,,,,,
116518,51916.79136,0.07,1,0.7,0,0.07,1,0.4,0,0.07,1,1.1,0,0.07,1,2.7,0,1.4,0
116525,37763.36902,0.3,0,1.1,0,0.07,1,1.4,0,0.2,0,1.1,0,0.07,1,3,0,0.7,0
116528,108016.2414,0.2,0,2,0,0.2,0,0.7,0,0.2,0,1.7,0,0.07,1,5.7,0,2.7,0
116531,30182.32535,1.1,0,1,0,0.3,0,1.5,0,1,0,1.8,0,0.07,1,63.1,0,4.4,0
116537,465520.846,0.2,0,2.1,0,0.07,1,0.8,0,0.1,0,2,0,0.07,1,5,0,2.2,0
116542,32187.45223,0.1,0,0.4,0,0.07,1,0.1,0,0.07,1,0.7,0,0.07,1,0.8,0,0.3,0
116550,0,,,,,,,,,,,,,,,,,,
116555,0,,,,,,,,,,,,,,,,,,
116560,56046.05324,1.3,0,1.1,0,0.07,1,2.1,0,1.4,0,1.9,0,0.07,1,11.8,0,2.5,0
116561,58182.13978,0.4,0,1.6,0,0.07,1,0.9,0,0.5,0,3.1,0,0.07,1,10.3,0,3.4,0
116569,162450.3513,0.07,1,1.6,0,0.1,0,0.4,0,0.07,1,1,0,0.07,1,1.2,0,0.8,0
116575,247995.2698,0.6,0,1,0,0.1,0,0.6,0,0.2,0,1.9,0,0.07,1,1.8,0,0.4,0
116577,47496.73345,0.1,0,0.4,0,0.07,1,0.2,0,0.07,1,0.5,0,0.2,0,0.8,0,0.4,0
116584,221715.8533,0.1,0,3,0,0.1,0,0.5,0,0.07,1,1.7,0,0.07,1,10.1,0,3.2,0
116587,34144.86448,0.2,0,1,0,0.1,0,0.5,0,0.1,0,1.8,0,0.07,1,2.1,0,0.7,0
116589,25629.32355,0.2,0,1.8,0,0.1,0,1.2,0,0.07,1,4.9,0,0.07,1,2,0,1.1,0
116593,34903.91021,0.3,0,0.3,0,0.07,1,0.7,0,0.07,1,0.7,0,0.07,1,1.2,0,0.3,0
116597,16853.12321,0.07,1,0.3,0,0.07,1,0.1,0,0.07,1,0.6,0,0.07,1,1,0,0.5,0
116600,10587.6604,0.4,0,1.5,0,0.4,0,0.7,0,0.2,0,2.5,0,0.07,1,7,0,3.2,0
116601,33958.76491,2.1,0,3,0,0.07,1,3.7,0,2.6,0,2.5,0,0.07,1,22.5,0,2.1,0
116605,37498.55569,1.2,0,2.9,0,0.1,0,2,0,0.7,0,4.2,0,0.07,1,16.8,0,3.3,0
116607,261606.8566,0.2,0,2.3,0,0.2,0,0.4,0,0.1,0,1.8,0,0.1,0,2.1,0,1.2,0
116642,241797.0709,0.3,0,2.7,0,0.3,0,0.5,0,0.2,0,1.2,0,0.07,1,7.2,0,1.9,0
116652,0,,,,,,,,,,,,,,,,,,
116656,280697.322,0.6,0,2.1,0,0.07,1,1.1,0,0.2,0,2.8,0,0.07,1,6.1,0,1.9,0
116659,13863.28584,0.2,0,0.6,0,0.07,1,0.4,0,0.2,0,0.6,0,0.07,1,2.2,0,0.5,0
116667,12708.36977,0.2,0,0.9,0,0.1,0,0.07,1,0.1,0,0.4,0,0.07,1,2.2,0,1,0
116668,144984.1044,0.07,1,0.4,0,0.07,1,0.07,1,0.07,1,0.2,0,0.07,1,0.7,0,0.3,0
116672,57566.93234,0.07,1,0.6,0,0.07,1,0.4,0,0.07,1,0.5,0,0.07,1,1.2,0,0.5,0
116675,18849.94731,0.07,1,0.5,0,0.07,1,0.3,0,0.07,1,0.8,0,0.07,1,1.9,0,1.1,0
116676,0,,,,,,,,,,,,,,,,,,
116677,99912.46984,0.1,0,2.6,0,0.07,1,0.3,0,0.07,1,1.4,0,0.07,1,2.9,0,1.4,0
116678,83294.43665,0.2,0,0.4,0,0.07,1,0.3,0,0.1,0,0.5,0,0.07,1,0.9,0,0.5,0
116683,0,,,,,,,,,,,,,,,,,,
116693,11620.01908,0.2,0,3.2,0,0.2,0,0.6,0,0.2,0,4.6,0,0.07,1,7.7,0,6.1,0
116699,0,,,,,,,,,,,,,,,,,,
116703,24310.08041,0.6,0,0.7,0,0.07,1,1.1,0,0.4,0,1,0,0.07,1,12.1,0,5.3,0
116707,22914.81737,0.2,0,1,0,0.2,0,0.6,0,0.07,1,1.8,0,0.07,1,2.1,0,1.4,0
116713,41397.30386,0.2,0,0.4,0,0.07,1,0.3,0,0.2,0,0.8,0,0.07,1,1.8,0,0.3,0
116715,0,,,,,,,,,,,,,,,,,,
116716,88321.28941,0.2,0,1.5,0,0.07,1,0.7,0,0.1,0,1.4,0,0.07,1,3.2,0,1.5,0
116720,48291.63147,0.07,1,0.3,0,0.07,1,0.2,0,0.07,1,0.4,0,0.07,1,0.8,0,0.3,0
116724,126419.8213,0.07,1,0.7,0,0.07,1,0.9,0,0.07,1,1.6,0,0.07,1,1.5,0,1.1,0
116727,26324.24606,0.1,0,0.2,0,0.07,1,0.3,0,0.2,0,0.6,0,0.07,1,1.6,0,0.4,0
116729,173022.6094,0.1,0,0.2,0,0.1,0,0.1,0,0.07,1,0.5,0,0.07,1,0.8,0,0.2,0
116734,61923.06804,0.3,0,0.5,0,0.07,1,0.4,0,0.2,0,1.5,0,0.07,1,29.9,0,7.2,0
116739,46620.23742,0.4,0,1.8,0,0.07,1,0.9,0,0.6,0,1.7,0,0.07,1,4.8,0,1.7,0
116744,32671.04913,0.1,0,0.4,0,0.2,0,0.2,0,0.2,0,1.1,0,0.07,1,2,0,0.6,0
116747,105385.1656,0.1,0,0.5,0,0.2,0,0.4,0,0.1,0,1,0,0.07,1,2.1,0,1,0
116756,70293.8258,0.2,0,1.1,0,0.07,1,0.5,0,0.2,0,0.9,0,0.07,1,3.3,0,1.4,0
116762,55005.93441,0.2,0,2,0,0.1,0,0.8,0,0.2,0,1.4,0,0.07,1,5.1,0,1.8,0
116774,98672.89057,0.07,1,0.6,0,0.2,0,0.3,0,0.07,1,1.7,0,0.07,1,1.8,0,0.6,0
116779,225632.0523,0.2,0,0.9,0,0.2,0,1.2,0,0.07,1,1,0,0.07,1,1.9,0,0.7,0
116780,72445.38586,0.2,0,1.4,0,0.3,0,0.07,1,0.07,1,0.7,0,0.07,1,4.8,0,2.6,0
116785,32504.24649,0.07,1,0.3,0,0.07,1,0.2,0,0.1,0,0.9,0,0.07,1,1.2,0,0.8,0
116791,45769.52316,0.3,0,0.7,0,0.07,1,1,0,0.2,0,1.1,0,0.07,1,3.6,0,1.8,0
116794,13771.49969,0.1,0,2.2,0,0.3,0,0.7,0,0.07,1,1.7,0,0.07,1,3.2,0,2.4,0
116806,25734.14191,0.1,0,0.8,0,0.07,1,0.2,0,0.07,1,0.5,0,0.07,1,2.3,0,0.8,0
116807,56725.51938,0.7,0,6.4,0,0.8,0,1.6,0,0.5,0,4.1,0,0.07,1,13.7,0,7.1,0
116813,164920.9498,0.3,0,1.6,0,0.07,1,0.2,0,0.1,0,1.8,0,0.07,1,1.7,0,0.5,0
116814,36566.85551,0.07,1,0.3,0,0.1,0,0.1,0,0.07,1,0.4,0,0.07,1,0.6,0,0.3,0
116826,31800.56278,0.2,0,0.5,0,0.07,1,0.3,0,0.07,1,1.2,0,0.07,1,3.3,0,1.5,0
116828,42651.87664,0.2,0,3.8,0,0.07,1,0.5,0,0.07,1,1.3,0,0.07,1,3.5,0,1.7,0
116834,59748.42036,0.1,0,1.6,0,0.1,0,0.3,0,0.07,1,2.1,0,0.07,1,2.6,0,1.5,0
116843,34102.40693,0.07,1,0.1,0,0.07,1,0.2,0,0.07,1,0.4,0,0.07,1,1.3,0,0.5,0
116846,23198.08381,0.5,0,3.2,0,0.07,1,0.6,0,0.3,0,1.8,0,0.07,1,8,0,2.6,0
116850,109989.7254,0.3,0,0.9,0,0.07,1,0.4,0,0.2,0,2.2,0,0.07,1,1.7,0,0.6,0
116857,17940.16222,0.9,0,5.3,0,0.1,0,2.2,0,0.5,0,11.2,0,0.07,1,11.9,0,3.9,0
116859,14597.64135,0.1,0,1.4,0,0.07,1,0.3,0,0.07,1,1.1,0,0.07,1,2.3,0,0.8,0
116864,25691.66025,0.9,0,2.6,0,0.07,1,1,0,0.7,0,1.3,0,0.07,1,7.7,0,2.6,0
116867,46251.21562,0.1,0,0.2,0,0.5,0,0.4,0,0.1,0,0.3,0,0.07,1,1,0,0.3,0
116886,147740.6069,0.3,0,1.3,0,0.07,1,0.7,0,0.2,0,1.3,0,0.07,1,3.7,0,0.9,0
116888,73739.70244,0.4,0,1.2,0,0.07,1,0.7,0,0.2,0,1.3,0,0.07,1,5.9,0,1.3,0
116890,27794.83893,0.07,1,0.4,0,0.1,0,0.2,0,0.07,1,0.7,0,0.07,1,1.3,0,0.6,0
116893,63872.15351,0.3,0,0.7,0,0.07,1,0.4,0,0.2,0,1.3,0,0.07,1,2.6,0,0.9,0
116894,19718.66159,0.1,0,1,0,0.4,0,0.4,0,0.07,1,1.2,0,0.07,1,2.4,0,1,0
116898,208963.8231,0.07,1,0.7,0,0.1,0,0.2,0,0.07,1,1.1,0,0.07,1,0.9,0,0.6,0
116901,293360.9656,0.07,1,1.6,0,0.07,1,0.4,0,0.07,1,1.6,0,0.07,1,1.4,0,1.2,0
116904,50348.97956,0.2,0,1.2,0,0.1,0,0.3,0,0.1,0,1,0,0.07,1,3.9,0,1.2,0
116907,140660.9466,0.5,0,2.2,0,0.1,0,1.3,0,0.3,0,2.2,0,0.07,1,10.2,0,4.4,0
116909,170580.6052,0.5,0,0.7,0,0.07,1,1,0,0.6,0,1,0,0.07,1,4.2,0,0.5,0
116911,29637.04866,0.9,0,2.2,0,0.2,0,1,0,0.6,0,1.1,0,0.07,1,28,0,4.2,0
116913,20027.15797,0.07,1,0.2,0,0.07,1,0.3,0,0.07,1,0.8,0,0.07,1,0.8,0,0.7,0
116914,0,,,,,,,,,,,,,,,,,,
116917,0,,,,,,,,,,,,,,,,,,
116931,148858.5517,0.2,0,0.6,0,0.07,1,0.4,0,0.07,1,1.3,0,0.07,1,2.7,0,1.4,0
116935,44915.20911,0.2,0,0.6,0,0.1,0,0.3,0,0.2,0,1.3,0,0.2,0,2.6,0,0.6,0
116940,34692.93841,0.07,1,0.07,1,0.07,1,0.07,1,0.07,1,0.3,0,0.07,1,0.3,0,0.1,0
116947,123013.696,0.1,0,0.6,0,0.07,1,3.4,0,0.1,0,0.5,0,0.07,1,2,0,0.5,0
116952,49879.3435,0.07,1,6.7,0,0.1,0,0.07,1,0.07,1,1.8,0,0.07,1,2.3,0,1.7,0
116960,0,,,,,,,,,,,,,,,,,,
116964,35736.88406,0.6,0,2.9,0,0.1,0,1.4,0,0.2,0,4.6,0,0.07,1,5.9,0,1.6,0
116966,38936.11055,1,0,2.1,0,0.3,0,2.3,0,0.6,0,3.1,0,0.2,0,21,0,4,0
116967,41210.20588,0.2,0,0.4,0,0.07,1,0.9,0,0.07,1,0.7,0,0.07,1,2.5,0,0.6,0
116971,11595.17785,0.2,0,1.1,0,0.07,1,0.2,0,0.1,0,1.2,0,0.07,1,1.8,0,0.6,0
116972,85162.31101,0.2,0,0.4,0,0.1,0,0.3,0,0.2,0,1.2,0,0.07,1,1.6,0,0.6,0
116980,588658.71,0.1,0,0.8,0,0.7,0,0.4,0,0.1,0,1.8,0,0.07,1,3,0,2,0
116991,65840.65888,0.1,0,3.1,0,0.2,0,0.2,0,0.07,1,1.4,0,0.07,1,3.3,0,1.9,0
116992,82518.05928,0.8,0,2.4,0,0.07,1,1,0,0.3,0,2.3,0,0.07,1,6.2,0,1.5,0
116994,52224.27308,0.3,0,7.3,0,0.07,1,0.8,0,0.2,0,1.3,0,0.07,1,6.2,0,4.8,0
116996,0,,,,,,,,,,,,,,,,,,
116997,0,,,,,,,,,,,,,,,,,,
116999,258140.3318,0.3,0,1.5,0,0.07,1,4.1,0,0.4,0,2.3,0,0.07,1,2.9,0,1.2,0
117003,85323.39915,0.1,0,0.4,0,0.4,0,0.4,0,0.07,1,1,0,0.07,1,1.4,0,0.8,0
117005,37820.21679,0.07,1,0.7,0,0.07,1,0.4,0,0.07,1,0.9,0,0.07,1,1.6,0,0.7,0
117013,149646.346,0.3,0,0.5,0,0.2,0,0.7,0,0.2,0,0.9,0,0.07,1,5.2,0,1.2,0
117017,276301.5266,0.9,0,1.2,0,0.2,0,1.6,0,0.3,0,3.7,0,0.07,1,1.8,0,0.8,0
117033,97545.65985,0.3,0,1,0,0.1,0,0.5,0,0.2,0,1.5,0,0.07,1,2.7,0,0.8,0
117035,57755.21652,0.07,1,0.5,0,0.07,1,0.3,0,0.07,1,1,0,0.07,1,0.6,0,0.4,0
117036,28406.08936,0.3,0,1.7,0,0.2,0,0.8,0,0.2,0,0.8,0,0.07,1,6.2,0,6.4,0
117037,27431.98178,0.2,0,1.3,0,0.2,0,0.5,0,0.2,0,1.9,0,0.07,1,2.5,0,1.3,0
117039,74884.08624,0.2,0,0.8,0,0.07,1,0.3,0,0.1,0,0.7,0,0.07,1,3.4,0,1.7,0
117042,27591.35349,0.2,0,0.4,0,0.1,0,0.4,0,0.07,1,1,0,0.07,1,0.7,0,0.5,0
117044,68395.31443,0.2,0,2,0,0.3,0,0.7,0,0.1,0,1.7,0,0.07,1,3.5,0,2.2,0
117061,61347.14255,0.1,0,1.9,0,0.2,0,0.2,0,0.07,1,1.5,0,0.07,1,2.9,0,1.2,0
117062,37882.65886,0.2,0,0.6,0,0.07,1,0.6,0,0.2,0,1.2,0,0.07,1,1.4,0,0.5,0
117069,0,,,,,,,,,,,,,,,,,,
117082,38483.20621,0.7,0,0.4,0,0.07,1,0.7,0,0.6,0,1,0,0.07,1,6.1,0,0.9,0
117085,51937.01202,0.1,0,0.6,0,0.1,0,0.07,1,0.07,1,0.8,0,0.1,0,0.9,0,0.4,0
117086,342272.2055,0.2,0,0.5,0,0.1,0,0.4,0,0.2,0,0.7,0,0.07,1,1.6,0,0.6,0
117091,53250.11777,0.4,0,1.3,0,0.1,0,0.6,0,0.2,0,1.5,0,0.07,1,3.4,0,0.8,0
117095,60977.43337,0.07,1,0.5,0,0.07,1,0.9,0,0.07,1,1.4,0,0.07,1,0.9,0,0.4,0
117100,65991.62197,0.2,0,1.2,0,0.07,1,0.5,0,0.1,0,0.9,0,0.07,1,7.6,0,1,0
117104,20427.26156,0.07,1,0.6,0,0.07,1,0.4,0,0.1,0,1.8,0,0.07,1,1.3,0,0.6,0
117105,157753.093,0.2,0,2.3,0,0.07,1,0.5,0,0.1,0,1.8,0,0.07,1,3.2,0,0.7,0
117116,66280.52652,0.07,1,1.2,0,0.4,0,0.2,0,0.07,1,1.2,0,0.07,1,1.1,0,0.6,0
117120,380964.2461,0.2,0,1.6,0,0.07,1,0.7,0,0.1,0,2,0,0.07,1,6.6,0,3.2,0
117131,33101.10736,1,0,4.2,0,0.07,1,2.4,0,0.3,0,4.3,0,0.07,1,12.4,0,5.1,0
117132,21726.87851,0.2,0,2.7,0,0.5,0,0.6,0,0.1,0,1.8,0,0.2,0,3.5,0,2,0
117133,60679.45679,0.07,1,1,0,0.1,0,0.07,1,0.07,1,0.9,0,0.07,1,0.6,0,0.7,0
117139,22273.61398,0.1,0,2.5,0,0.07,1,0.4,0,0.1,0,1.9,0,0.07,1,6.5,0,2.8,0
117144,0,,,,,,,,,,,,,,,,,,
117146,106646.6882,0.1,0,0.6,0,0.1,0,0.4,0,0.1,0,1.1,0,0.07,1,1.5,0,0.7,0
117161,56137.05147,0.1,0,0.6,0,0.3,0,0.3,0,0.1,0,0.8,0,0.07,1,1.4,0,0.6,0
117164,26137.32394,0.1,0,1.5,0,0.2,0,0.3,0,0.07,1,0.8,0,0.07,1,3.2,0,1.5,0
117165,13694.92669,1.1,0,1.8,0,0.07,1,1.1,0,0.6,0,2.2,0,0.07,1,18,0,2.8,0
117168,37428.36116,0.2,0,6.9,0,0.07,1,0.5,0,0.2,0,2.6,0,0.07,1,4,0,1.1,0
117171,21567.79703,0.2,0,1.6,0,0.1,0,0.8,0,0.07,1,1.8,0,0.07,1,9.8,0,8.2,0
117173,336958.9973,0.2,0,1,0,0.07,1,1.3,0,0.2,0,2.2,0,0.07,1,3,0,1.6,0
117177,24179.13661,0.1,0,0.8,0,0.07,1,0.5,0,0.07,1,1.4,0,0.07,1,2.1,0,1.1,0
117178,63975.41448,0.07,1,0.2,0,0.07,1,0.3,0,0.07,1,0.4,0,0.07,1,0.9,0,0.3,0
117182,59394.54981,0.1,0,1.8,0,0.1,0,0.4,0,0.1,0,2.6,0,0.07,1,1.7,0,0.7,0
117186,126568.0822,0.07,1,1.7,0,0.1,0,0.3,0,0.07,1,1.3,0,0.07,1,3.2,0,1.4,0
117191,96863.99952,0.07,1,0.5,0,0.07,1,0.9,0,0.1,0,0.6,0,0.07,1,1.1,0,0.3,0
117193,45332.24838,0.2,0,1.3,0,0.07,1,1.7,0,0.07,1,7.3,0,0.07,1,2.5,0,1.6,0
117195,98751.29739,0.07,1,0.2,0,0.1,0,0.2,0,0.07,1,0.2,0,0.07,1,0.6,0,0.3,0
117198,576370.4078,0.3,0,1.6,0,0.07,1,0.7,0,0.2,0,1.8,0,0.07,1,5.9,0,2.2,0
117200,265697.522,0.2,0,2.3,0,0.2,0,0.4,0,0.07,1,2,0,0.07,1,5.7,0,2.7,0
117204,213811.9385,0.2,0,1.2,0,0.2,0,1,0,0.1,0,1.4,0,0.07,1,2.4,0,1.4,0
117209,85499.93051,0.1,0,2.2,0,0.07,1,0.4,0,0.07,1,1.5,0,0.07,1,1.3,0,0.5,0
117212,64627.00161,0.1,0,2.7,0,0.07,1,0.6,0,0.07,1,4.5,0,0.07,1,1.2,0,0.8,0
117213,21389.42188,0.2,0,0.7,0,0.2,0,0.5,0,0.1,0,1.1,0,0.3,0,4.6,0,2.6,0
117216,32003.7223,0.4,0,0.5,0,0.07,1,0.4,0,0.3,0,0.6,0,0.07,1,2.9,0,0.5,0
117219,66177.18241,0.1,0,2.4,0,0.07,1,0.7,0,0.07,1,1.8,0,0.07,1,2.1,0,1,0
117220,63454.62761,0.3,0,3.6,0,0.2,0,0.8,0,0.1,0,1.9,0,0.07,1,8.7,0,7.4,0
117221,0,,,,,,,,,,,,,,,,,,
117226,75019.58773,0.2,0,3.2,0,0.3,0,0.3,0,0.2,0,2.1,0,0.07,1,3.7,0,1.7,0
117227,16202.97821,0.07,1,0.7,0,0.07,1,0.4,0,0.07,1,1.1,0,0.07,1,0.8,0,0.4,0
117231,143543.891,0.07,1,0.4,0,0.1,0,1,0,0.07,1,1,0,0.07,1,0.7,0,0.4,0
117233,0,,,,,,,,,,,,,,,,,,
117238,17228.35649,0.6,0,3.2,0,0.1,0,0.6,0,0.4,0,2.4,0,0.07,1,13.5,0,3.1,0
117241,52112.02353,0.1,0,0.6,0,0.2,0,0.4,0,0.1,0,1.2,0,0.07,1,2.4,0,1.2,0
117249,0,,,,,,,,,,,,,,,,,,
117250,199289.3369,0.2,0,1.2,0,0.07,1,0.9,0,0.2,0,2.8,0,0.07,1,5.1,0,4,0
117254,0,,,,,,,,,,,,,,,,,,
117260,43435.12808,0.07,1,0.3,0,0.2,0,0.07,1,0.07,1,0.2,0,0.1,0,0.7,0,0.4,0
117261,37775.31073,0.2,0,1.8,0,0.07,1,0.5,0,0.1,0,1.3,0,0.07,1,3.4,0,1.9,0
117265,47955.96353,0.2,0,1.4,0,0.1,0,0.5,0,0.2,0,1,0,0.07,1,9,0,4.2,0
117272,66811.78521,0.07,1,2.9,0,0.07,1,0.3,0,0.07,1,1.2,0,0.07,1,1.9,0,0.8,0
117275,52692.65373,0.2,0,0.7,0,0.07,1,0.3,0,0.07,1,1.6,0,0.07,1,0.8,0,0.7,0
117286,791441.3495,0.5,0,1.6,0,0.1,0,1.4,0,0.5,0,1.2,0,0.07,1,5.7,0,1.9,0
117292,26187.95754,0.2,0,4.2,0,0.2,0,0.5,0,0.2,0,3.5,0,0.07,1,10.8,0,5,0
117294,49934.89353,0.07,1,1.9,0,0.2,0,0.2,0,0.07,1,0.5,0,0.1,0,3,0,1.1,0
117297,48882.79885,0.1,0,0.8,0,0.4,0,0.4,0,0.07,1,1,0,0.07,1,1.5,0,0.7,0
117298,38387.70569,2.2,0,1.3,0,0.07,1,2.6,0,2.5,0,2,0,0.07,1,19,0,2.9,0
117308,22474.85091,0.2,0,2.1,0,0.07,1,0.5,0,0.1,0,1.2,0,0.07,1,2.5,0,1.1,0
117314,44717.83574,0.07,1,1,0,0.07,1,0.6,0,0.07,1,1.7,0,0.07,1,1.4,0,0.6,0
117316,37299.61544,0.4,0,0.5,0,0.07,1,0.8,0,0.3,0,1.4,0,0.07,1,5.1,0,1.1,0
117319,0,,,,,,,,,,,,,,,,,,
117320,75739.49878,0.2,0,1.3,0,0.2,0,0.5,0,0.2,0,1.6,0,0.07,1,2.2,0,1.3,0
117321,73813.99503,0.2,0,2,0,0.1,0,1,0,0.1,0,2.5,0,0.07,1,5.2,0,3,0
117334,95677.62555,0.07,1,0.07,1,0.07,1,0.4,0,0.07,1,0.2,0,0.07,1,0.1,0,0.07,1
117335,77010.07443,0.3,0,2.4,0,0.9,0,0.9,0,0.07,1,3.2,0,0.07,1,5.8,0,3,0
117336,48275.61078,0.1,0,0.9,0,0.07,1,0.3,0,0.07,1,1.2,0,0.07,1,1.2,0,0.9,0
117337,41370.1811,0.07,1,0.5,0,0.2,0,1,0,0.07,1,0.7,0,0.07,1,1,0,0.4,0
117344,50377.11085,0.1,0,1.2,0,0.3,0,0.4,0,0.07,1,0.8,0,0.07,1,2.1,0,1,0
117345,59822.36267,0.2,0,0.7,0,0.1,0,0.8,0,0.1,0,1.2,0,0.2,0,1.8,0,0.7,0
117348,0,,,,,,,,,,,,,,,,,,
117349,17885.46389,0.2,0,0.9,0,0.07,1,0.6,0,0.1,0,2.4,0,0.07,1,6.8,0,5.8,0
117351,0,,,,,,,,,,,,,,,,,,
117353,32424.00485,0.3,0,0.7,0,0.07,1,0.9,0,0.3,0,1.5,0,0.07,1,4.8,0,3.2,0
117358,100493.7048,0.3,0,1.1,0,0.1,0,0.5,0,0.2,0,1.9,0,0.07,1,3.2,0,1.1,0
117360,0,,,,,,,,,,,,,,,,,,
117367,141237.25,0.3,0,0.3,0,0.07,1,0.4,0,0.1,0,0.5,0,0.07,1,2.1,0,0.5,0
117385,24171.13544,0.6,0,1,0,0.2,0,1.1,0,0.5,0,2.6,0,0.07,1,12.1,0,1.4,0
117395,0,,,,,,,,,,,,,,,,,,
117396,45137.37493,0.3,0,0.8,0,0.07,1,1.6,0,0.07,1,1,0,0.07,1,6.3,0,0.8,0
117400,27800.16436,2.1,0,2.6,0,0.1,0,3,0,3.1,0,9.5,0,0.07,1,22.6,0,7.5,0
117412,115191.8467,0.1,0,1.8,0,0.1,0,0.2,0,0.07,1,0.7,0,0.07,1,2.7,0,0.9,0
117417,0,,,,,,,,,,,,,,,,,,
117419,24613.48907,1.1,0,2.1,0,0.1,0,1.4,0,0.4,0,1.8,0,0.07,1,11.7,0,2.1,0
117421,29650.70385,0.1,0,0.1,0,0.07,1,0.5,0,0.1,0,0.2,0,0.07,1,0.6,0,0.1,0
117429,33064.47973,0.1,0,0.07,1,0.07,1,0.2,0,0.07,1,0.3,0,0.07,1,0.9,0,0.2,0
117431,88431.76687,0.07,1,0.6,0,0.07,1,0.5,0,0.07,1,1.1,0,0.07,1,4.5,0,1,0
117432,25989.08451,0.1,0,2.7,0,0.1,0,0.7,0,0.07,1,2,0,0.07,1,1.9,0,0.9,0
117436,45213.58419,0.3,0,1.9,0,0.5,0,1.8,0,0.07,1,2.5,0,0.07,1,9,0,4.9,0
117442,39301.86801,0.07,1,0.07,1,0.07,1,0.1,0,0.07,1,0.1,0,0.07,1,0.2,0,0.07,1
117443,36694.57289,0.1,0,0.3,0,0.07,1,1,0,0.07,1,1,0,0.07,1,0.6,0,0.1,0
117450,379267.4113,0.2,0,1.4,0,0.1,0,0.4,0,0.1,0,0.9,0,0.07,1,2.7,0,1.2,0
117452,222580.6558,0.2,0,0.5,0,0.2,0,0.4,0,0.1,0,1.1,0,0.07,1,1.2,0,0.6,0
117457,31574.35407,0.4,0,1.2,0,0.07,1,0.9,0,0.3,0,1.8,0,0.07,1,5.4,0,0.9,0
117460,22852.60688,0.1,0,3,0,0.07,1,0.6,0,0.07,1,3.3,0,0.07,1,3.5,0,3.5,0
117464,599923.6777,0.2,0,2.1,0,0.07,1,0.5,0,0.1,0,1.4,0,0.07,1,4.5,0,1.6,0
117465,51420.82717,1,0,3.2,0,0.07,1,1.8,0,0.6,0,2.3,0,0.07,1,27.9,0,4.6,0
117468,176331.9377,0.2,0,0.5,0,0.07,1,0.2,0,0.1,0,0.6,0,0.07,1,2.5,0,0.7,0
117470,143321.7509,0.1,0,0.8,0,0.2,0,0.2,0,0.07,1,0.9,0,0.07,1,2.6,0,1,0
117473,43623.977,0.2,0,1.2,0,0.3,0,0.4,0,0.07,1,1.3,0,0.07,1,2,0,0.7,0
117475,13361.07331,0.07,1,1.2,0,0.07,1,0.3,0,0.07,1,1.6,0,0.07,1,2.3,0,2,0
117478,47006.39989,0.1,0,1.4,0,0.1,0,1.4,0,0.1,0,2.4,0,0.07,1,3.3,0,1.4,0
117479,22509.51347,0.1,0,0.4,0,0.1,0,0.2,0,0.07,1,0.7,0,0.07,1,0.5,0,0.4,0
117484,158296.8349,0.2,0,1.5,0,0.4,0,0.6,0,0.1,0,1.9,0,0.07,1,4.3,0,1.9,0
117491,164655.7903,0.1,0,0.7,0,0.1,0,0.6,0,0.07,1,0.7,0,0.07,1,2.3,0,0.9,0
117494,36500.20126,0.1,0,2.5,0,0.07,1,0.4,0,0.07,1,1.9,0,0.07,1,2.4,0,1.7,0
117498,57266.24455,0.2,0,2.7,0,1,0,0.9,0,0.2,0,3.3,0,0.1,0,3.4,0,3.8,0
117505,107679.2817,0.1,0,0.5,0,0.2,0,0.2,0,0.07,1,0.9,0,0.07,1,1.2,0,0.8,0
117509,94588.48025,0.07,1,0.5,0,0.07,1,0.07,1,0.07,1,0.6,0,0.07,1,0.7,0,0.5,0
117510,22265.18852,0.2,0,2.5,0,0.07,1,0.3,0,0.2,0,1.3,0,0.07,1,1.8,0,0.5,0
117514,119042.1936,0.1,0,0.8,0,0.2,0,0.1,0,0.07,1,1.2,0,0.07,1,1.9,0,0.5,0
117517,0,,,,,,,,,,,,,,,,,,
117529,61208.52119,1.2,0,1,0,0.07,1,0.9,0,0.5,0,1.2,0,0.07,1,19.8,0,1,0
117537,22362.01277,0.7,0,1.7,0,0.2,0,0.8,0,0.3,0,1.1,0,0.07,1,14.7,0,2.5,0
117540,490288.2296,0.2,0,2.9,0,0.5,0,0.6,0,0.1,0,3.4,0,0.07,1,8.5,0,4.1,0
117542,0,,,,,,,,,,,,,,,,,,
117548,40471.44723,0.2,0,2.7,0,0.2,0,1.8,0,0.1,0,1.6,0,0.07,1,3.2,0,1.3,0
117550,21139.60488,1.2,0,1.7,0,0.3,0,0.7,0,0.5,0,1,0,0.07,1,11.5,0,1.5,0
117551,20632.72085,0.7,0,4.2,0,0.07,1,1.7,0,0.2,0,5.7,0,0.07,1,8.2,0,1.8,0
117558,33997.97552,0.2,0,3.4,0,0.4,0,1,0,0.07,1,2.6,0,0.07,1,6.8,0,3.4,0
117559,105128.4196,0.3,0,0.07,1,0.07,1,0.2,0,0.1,0,0.8,0,0.07,1,0.7,0,0.1,0
117563,207231.0786,0.1,0,0.6,0,0.07,1,0.6,0,0.07,1,1,0,0.07,1,1.2,0,0.5,0
117573,150799.2155,0.2,0,1.4,0,0.07,1,0.5,0,0.07,1,1.6,0,0.07,1,4.1,0,3.6,0
117574,130649.3314,0.07,1,2.9,0,0.07,1,0.4,0,0.07,1,1.7,0,0.07,1,3.5,0,2,0
117577,120003.7008,0.2,0,1.3,0,0.4,0,0.5,0,0.07,1,1.2,0,0.07,1,4.8,0,3.7,0
117584,30262.15052,0.2,0,0.8,0,0.2,0,0.6,0,0.07,1,2.3,0,0.07,1,1.7,0,0.6,0
117589,525901.8647,0.4,0,1.4,0,0.07,1,1.3,0,0.3,0,3.3,0,0.07,1,4.9,0,1.9,0
117592,169400.3765,0.3,0,2.8,0,0.5,0,0.9,0,0.2,0,5.1,0,0.07,1,8.5,0,5.4,0
117598,150490.6489,0.07,1,0.7,0,0.07,1,0.3,0,0.07,1,0.7,0,0.07,1,5.1,0,1.6,0
117605,0,,,,,,,,,,,,,,,,,,
117606,68992.21778,0.07,1,0.07,1,0.07,1,0.07,1,0.07,1,0.07,1,0.07,1,0.07,1,0.07,1
117613,47867.64185,0.2,0,0.5,0,0.07,1,0.4,0,0.2,0,1,0,0.07,1,1.7,0,0.6,0
117622,23942.42429,3.1,0,2.5,0,0.1,0,5.1,0,1.6,0,4.6,0,0.07,1,35.3,0,1.9,0
117624,33203.22686,0.3,0,3.6,0,0.5,0,1.1,0,0.2,0,0.9,0,0.07,1,9.6,0,2.4,0
117625,218786.4354,0.3,0,0.6,0,0.07,1,0.6,0,0.2,0,1,0,0.07,1,7.4,0,0.8,0
117627,71658.02173,0.2,0,0.8,0,0.3,0,0.8,0,0.07,1,1.1,0,0.07,1,3.2,0,1.2,0
117629,84783.89077,0.3,0,0.4,0,0.1,0,0.4,0,0.2,0,1,0,0.07,1,2.6,0,0.6,0
117630,0,,,,,,,,,,,,,,,,,,
117632,69961.32856,0.2,0,1.2,0,0.07,1,0.4,0,0.07,1,1.8,0,0.07,1,2.6,0,1.1,0
117638,346657.4606,0.2,0,0.8,0,0.2,0,0.5,0,0.2,0,1.4,0,0.07,1,1.7,0,1,0
117643,0,,,,,,,,,,,,,,,,,,
117644,34343.47227,0.1,0,0.2,0,0.1,0,0.3,0,0.1,0,0.3,0,0.07,1,1.3,0,0.3,0
117645,0,,,,,,,,,,,,,,,,,,
117653,35834.3691,0.4,0,1.2,0,0.1,0,0.8,0,0.2,0,1.5,0,0.07,1,7.4,0,2.1,0
117654,23935.60003,0.3,0,0.7,0,0.07,1,0.8,0,0.2,0,3.8,0,0.07,1,5.7,0,3.1,0
117658,98147.30553,0.1,0,0.7,0,0.07,1,0.3,0,0.07,1,1,0,0.07,1,1.4,0,0.8,0
117660,165225.1416,0.2,0,1.5,0,0.2,0,0.5,0,0.2,0,1.2,0,0.07,1,5,0,2.5,0
117671,28707.92992,0.07,1,0.5,0,0.8,0,0.2,0,0.07,1,0.6,0,0.07,1,1.4,0,0.7,0
117672,75860.0222,0.1,0,0.6,0,0.1,0,0.2,0,0.07,1,0.8,0,0.07,1,1.1,0,0.8,0
117678,38635.0933,0.3,0,1.1,0,0.5,0,0.6,0,0.2,0,1.2,0,0.07,1,5.9,0,3,0
117683,0,,,,,,,,,,,,,,,,,,
117687,61311.3279,0.2,0,0.6,0,0.1,0,0.5,0,0.07,1,1.9,0,0.07,1,0.9,0,0.6,0
117695,18784.14559,0.8,0,1.7,0,0.07,1,1.5,0,0.4,0,2.6,0,0.1,0,11.7,0,4.2,0
117700,101864.7178,0.2,0,0.7,0,0.07,1,0.4,0,0.2,0,0.5,0,0.07,1,2,0,0.5,0
117703,27869.28703,0.2,0,0.8,0,0.07,1,0.4,0,0.07,1,1.3,0,0.07,1,3.8,0,2,0
117710,99344.93898,0.3,0,2.5,0,0.1,0,1.1,0,0.1,0,2.2,0,0.07,1,5.3,0,2.3,0
117714,73994.53005,1,0,1.2,0,0.4,0,1.5,0,0.5,0,1.6,0,0.07,1,11.5,0,1.4,0
117719,32816.96713,0.1,0,0.5,0,0.07,1,0.3,0,0.1,0,0.8,0,0.07,1,1.6,0,0.5,0
117727,193764.5807,0.3,0,1.9,0,0.07,1,0.5,0,0.07,1,3.5,0,0.07,1,2.1,0,1.4,0
117738,122367.2749,0.2,0,0.6,0,0.2,0,0.3,0,0.1,0,0.9,0,0.07,1,2.6,0,0.5,0
117739,0,,,,,,,,,,,,,,,,,,
117741,61811.76779,0.2,0,0.4,0,0.07,1,0.2,0,0.1,0,1.2,0,0.07,1,0.9,0,0.4,0
117743,58744.84993,0.07,1,0.4,0,0.07,1,0.2,0,0.07,1,1.1,0,0.07,1,0.6,0,0.3,0
117748,95154.33044,0.2,0,1.5,0,0.5,0,0.8,0,0.2,0,2.5,0,0.07,1,5.4,0,1.8,0
117750,0,,,,,,,,,,,,,,,,,,
117752,241821.8429,0.07,1,0.4,0,0.07,1,0.5,0,0.07,1,0.4,0,0.07,1,1,0,0.3,0
117753,40620.21792,0.5,0,1.3,0,0.2,0,0.8,0,0.5,0,2.4,0,0.07,1,4.1,0,1.1,0
117756,55948.53082,0.1,0,1.7,0,0.07,1,0.1,0,0.07,1,1.4,0,0.07,1,1.3,0,0.6,0
117765,174185.8707,0.07,1,0.6,0,0.07,1,1.4,0,0.07,1,1.6,0,0.07,1,0.8,0,0.5,0
117768,125433.044,0.1,0,1.1,0,0.07,1,0.1,0,0.07,1,1,0,0.07,1,1.8,0,0.8,0
117771,82778.8083,0.6,0,2.2,0,0.2,0,1.1,0,0.4,0,2.7,0,0.07,1,11.1,0,3.5,0
117773,17078.05555,0.1,0,12.7,0,0.1,0,0.4,0,0.07,1,4.7,0,0.07,1,4.9,0,1.9,0
117774,112192.7824,0.2,0,0.6,0,0.2,0,0.3,0,0.1,0,1,0,0.07,1,2.7,0,0.7,0
117775,25587.4149,0.3,0,1.8,0,0.1,0,0.6,0,0.2,0,3,0,0.4,0,3.3,0,1.5,0
117784,102926.4623,0.3,0,2.3,0,3.7,0,1.2,0,0.2,0,3.5,0,0.07,1,10.7,0,5.9,0
117800,58217.08681,0.3,0,5.2,0,1.1,0,0.8,0,0.2,0,1,0,0.07,1,14.4,0,4.9,0
117805,51539.30202,0.4,0,0.5,0,0.07,1,0.6,0,0.2,0,1.4,0,0.07,1,2.3,0,0.4,0
117806,18375.3996,0.07,1,0.5,0,0.07,1,0.3,0,0.07,1,0.8,0,0.07,1,2.1,0,1.2,0
117811,57216.32007,0.07,1,0.2,0,0.07,1,1,0,0.1,0,0.3,0,0.07,1,1.3,0,0.5,0
117814,0,,,,,,,,,,,,,,,,,,
117816,23356.32859,0.3,0,2,0,0.1,0,0.6,0,0.2,0,2.8,0,0.07,1,14.9,0,6,0
117818,47276.37792,0.1,0,1.8,0,3.1,0,0.6,0,0.07,1,1.8,0,0.07,1,6.8,0,2.7,0
117820,63496.24603,0.2,0,2.9,0,1.1,0,0.6,0,0.1,0,2.2,0,0.07,1,5.5,0,1.9,0
117822,54839.72336,0.1,0,2.9,0,0.1,0,0.4,0,0.07,1,2.5,0,0.07,1,1.3,0,1.1,0
117824,67817.58065,0.7,0,1,0,0.2,0,0.5,0,0.7,0,0.7,0,0.07,1,15,0,1.3,0
117840,41914.57883,0.07,1,0.07,1,0.07,1,0.1,0,0.07,1,0.5,0,0.07,1,0.9,0,0.1,0
117850,86429.14007,0.2,0,0.3,0,0.07,1,0.2,0,0.07,1,0.9,0,0.07,1,1.5,0,0.2,0
117851,58460.43701,0.4,0,0.3,0,0.07,1,0.5,0,0.4,0,0.8,0,0.07,1,7.1,0,0.8,0
117856,69701.05751,0.1,0,0.5,0,0.07,1,0.2,0,0.07,1,0.6,0,0.07,1,1.5,0,0.3,0
117857,57962.81802,0.3,0,3.1,0,0.07,1,0.8,0,0.2,0,1.5,0,0.07,1,2.9,0,0.8,0
117858,44236.46005,0.07,1,0.6,0,0.07,1,0.9,0,0.07,1,1.1,0,0.07,1,0.7,0,0.4,0
117873,25211.44445,0.2,0,0.8,0,0.07,1,0.3,0,0.2,0,0.8,0,0.2,0,1.6,0,1,0
117875,16528.13585,0.2,0,1.4,0,0.3,0,0.6,0,0.3,0,0.7,0,0.07,1,3.9,0,2,0
117879,92897.81135,0.1,0,1.6,0,0.07,1,1.1,0,0.1,0,1.5,0,0.07,1,2.2,0,0.9,0
117882,499886.6389,0.2,0,1.5,0,0.07,1,0.5,0,0.07,1,1.8,0,0.07,1,9.6,0,6.7,0
117884,28402.18113,0.2,0,5.8,0,0.07,1,0.5,0,0.1,0,2.2,0,0.07,1,2.3,0,1.2,0
117900,82187.87676,0.2,0,1.3,0,0.07,1,0.4,0,0.1,0,0.5,0,0.07,1,3.2,0,1.2,0
117901,65180.52506,0.07,1,0.07,1,0.07,1,0.07,1,0.07,1,0.07,1,0.07,1,0.07,1,0.07,1
117903,24725.29812,0.07,1,0.2,0,0.2,0,0.1,0,0.07,1,0.3,0,0.07,1,0.4,0,0.2,0
117907,36985.48198,0.6,0,0.6,0,0.1,0,0.4,0,0.3,0,1.2,0,0.07,1,9.8,0,1.1,0
117913,30324.55776,0.6,0,0.9,0,0.8,0,1.1,0,0.3,0,3.2,0,0.07,1,6,0,2.6,0
117927,15000.06396,0.1,0,0.7,0,0.07,1,0.3,0,0.07,1,0.8,0,0.07,1,2,0,0.6,0
117929,42185.33985,0.2,0,1,0,0.1,0,0.4,0,0.1,0,0.8,0,0.1,0,4.2,0,1.3,0
117931,29227.24425,0.3,0,0.9,0,0.9,0,0.7,0,0.3,0,0.9,0,0.07,1,6.6,0,2.1,0
117935,29400.60122,0.2,0,0.4,0,0.07,1,0.4,0,0.3,0,0.6,0,0.07,1,1.5,0,0.3,0
117938,29160.14399,0.1,0,1.4,0,0.07,1,1,0,0.1,0,1.2,0,0.07,1,3.5,0,1.3,0
117948,134177.3513,0.1,0,1.9,0,0.07,1,0.7,0,0.07,1,2.8,0,0.07,1,4.1,0,2,0
117950,23001.51685,1.9,0,0.5,0,0.4,0,2.7,0,1.7,0,1.2,0,0.07,1,27,0,1.7,0
117953,350810.2953,0.8,0,0.5,0,0.1,0,1,0,0.1,0,3.5,0,0.07,1,0.8,0,0.2,0
117957,30801.91881,1.1,0,0.9,0,0.1,0,1,0,1,0,0.7,0,0.07,1,10.7,0,1.7,0
117960,0,,,,,,,,,,,,,,,,,,
117962,17903.06386,1,0,1.6,0,0.2,0,1.3,0,0.5,0,3.3,0,0.07,1,10.3,0,4.7,0
117966,38643.48432,0.2,0,0.2,0,0.07,1,0.07,1,0.1,0,0.6,0,0.07,1,1,0,0.1,0
117990,52486.98857,0.2,0,0.3,0,0.07,1,0.3,0,0.07,1,0.5,0,0.07,1,0.8,0,0.3,0
117996,88852.5962,0.2,0,2.1,0,0.1,0,0.7,0,0.1,0,1.3,0,0.07,1,6.9,0,5.8,0
117997,52640.56772,0.2,0,0.9,0,0.3,0,0.4,0,0.07,1,1.6,0,0.07,1,2.7,0,1.7,0
117998,37174.49393,0.3,0,0.8,0,0.07,1,0.5,0,0.3,0,1.3,0,0.07,1,2.9,0,0.9,0
118002,281632.6665,0.2,0,0.8,0,0.1,0,3.6,0,0.2,0,1.6,0,0.07,1,1.3,0,0.7,0
118003,109364.7452,0.1,0,2.2,0,0.1,0,0.9,0,0.2,0,2.3,0,0.07,1,7,0,2.3,0
118004,0,,,,,,,,,,,,,,,,,,
118005,52531.5881,0.07,1,0.5,0,0.07,1,0.1,0,0.07,1,1,0,0.07,1,0.7,0,0.5,0
118006,47915.10358,0.2,0,1.5,0,0.07,1,0.5,0,0.1,0,1.2,0,0.07,1,2.5,0,1,0
118013,220737.8884,0.1,0,1.4,0,0.2,0,1.1,0,0.07,1,2.3,0,0.07,1,4.4,0,3.1,0
118017,103676.1131,0.2,0,0.8,0,0.3,0,0.5,0,0.2,0,1.3,0,0.07,1,2.9,0,1.3,0
118022,140728.5326,0.4,0,0.7,0,0.07,1,0.4,0,0.2,0,0.8,0,0.07,1,2.2,0,0.4,0
118029,54409.48651,1.8,0,0.5,0,0.07,1,2.4,0,0.4,0,10.3,0,0.07,1,1.2,0,0.5,0
118030,67618.29342,0.07,1,0.4,0,0.1,0,0.07,1,0.07,1,0.8,0,0.07,1,0.5,0,0.3,0
118033,37974.88628,0.1,0,9.5,0,0.07,1,0.3,0,0.07,1,3.6,0,0.2,0,3.1,0,1.2,0
118037,0,,,,,,,,,,,,,,,,,,
118043,27251.22577,0.2,0,4.3,0,0.1,0,0.3,0,0.07,1,2.1,0,0.1,0,2.6,0,1.5,0
118045,23877.00747,0.7,0,1.7,0,0.07,1,2,0,0.8,0,4.5,0,0.07,1,4.6,0,1.3,0
118046,0,,,,,,,,,,,,,,,,,,
118050,26518.80961,0.2,0,2.1,0,0.07,1,0.4,0,0.07,1,1.8,0,0.07,1,6,0,1.4,0
118051,29701.37781,0.1,0,1.2,0,0.07,1,0.3,0,0.07,1,1,0,0.07,1,4.5,0,2.6,0
118053,20264.21118,0.07,1,1,0,0.07,1,0.7,0,0.07,1,1.3,0,0.07,1,1.2,0,0.5,0
118057,52417.78064,0.1,0,0.7,0,0.1,0,0.1,0,0.07,1,0.6,0,0.07,1,1.5,0,0.5,0
118064,23248.05036,0.1,0,0.8,0,0.07,1,0.3,0,0.07,1,0.9,0,0.07,1,1.4,0,0.4,0
118067,10715.47773,0.2,0,2.2,0,0.07,1,0.4,0,0.07,1,1.9,0,0.07,1,1.8,0,0.4,0
118069,140300.5337,0.07,1,1.1,0,0.07,1,0.3,0,0.07,1,1.1,0,0.07,1,0.7,0,0.8,0
118071,26338.03912,0.2,0,1.8,0,0.07,1,0.7,0,0.07,1,4.8,0,0.07,1,3,0,1.2,0
118079,0,,,,,,,,,,,,,,,,,,
118083,13500.08459,0.2,0,1.7,0,0.07,1,0.6,0,0.1,0,2.3,0,0.07,1,3.1,0,1.2,0
118085,326616.7594,0.07,1,2.7,0,0.07,1,0.3,0,0.07,1,1.3,0,0.07,1,1.6,0,1.2,0
118096,69527.93156,0.2,0,1.1,0,0.2,0,0.6,0,0.1,0,1.4,0,0.07,1,2.8,0,1,0
118103,22584.21489,0.1,0,0.8,0,0.8,0,0.3,0,0.1,0,1.3,0,0.07,1,2.9,0,1.4,0
118105,25466.03957,0.2,0,3.1,0,0.1,0,0.6,0,0.1,0,4.5,0,0.07,1,4.6,0,2.8,0
118107,26664.05417,0.3,0,0.9,0,0.07,1,0.5,0,0.2,0,1,0,0.07,1,3.3,0,1.6,0
118108,14241.39614,0.3,0,0.8,0,0.07,1,1.3,0,0.3,0,1.3,0,0.07,1,6.7,0,1.6,0
118110,21672.82183,0.4,0,0.5,0,0.07,1,0.2,0,0.2,0,0.8,0,0.07,1,3.6,0,0.4,0
118112,35800.32672,0.07,1,1.5,0,0.07,1,1.5,0,0.07,1,1.3,0,0.07,1,1.8,0,0.8,0
118120,27967.03013,0.2,0,0.7,0,0.3,0,0.3,0,0.07,1,0.7,0,0.07,1,1.5,0,0.6,0
118121,37130.03527,0.3,0,0.7,0,0.07,1,0.7,0,0.3,0,0.9,0,0.07,1,3.4,0,1.1,0
118123,119594.2054,0.07,1,1.8,0,0.07,1,0.3,0,0.07,1,2.1,0,0.07,1,1.5,0,2,0
118124,24154.17956,0.2,0,1.3,0,0.07,1,1.8,0,0.2,0,1.6,0,0.07,1,2.5,0,1.3,0
118125,119840.1343,0.07,1,0.4,0,0.2,0,0.2,0,0.07,1,0.7,0,0.07,1,2.2,0,0.8,0
118132,0,,,,,,,,,,,,,,,,,,
118133,393277.1506,0.07,1,0.4,0,0.07,1,0.07,1,0.07,1,0.8,0,0.07,1,1,0,0.6,0
118136,73721.57574,0.1,0,1,0,0.07,1,0.4,0,0.07,1,1.8,0,0.07,1,1.8,0,0.9,0
118144,50365.36177,0.4,0,2.2,0,0.4,0,0.6,0,0.2,0,2.2,0,0.07,1,11.8,0,6,0
118150,150957.0198,0.2,0,1.1,0,0.07,1,0.5,0,0.07,1,1,0,0.07,1,3.2,0,1.4,0
118162,99657.52333,0.07,1,0.9,0,2,0,0.4,0,0.07,1,1,0,0.07,1,2.6,0,1.2,0
118179,137058.4042,0.07,1,0.5,0,0.2,0,1.3,0,0.07,1,0.6,0,0.07,1,0.9,0,0.3,0
118191,49450.02209,0.3,0,0.5,0,0.2,0,0.7,0,0.1,0,1.6,0,0.07,1,2.7,0,1.3,0
118194,22293.64153,0.3,0,0.4,0,0.1,0,1.6,0,0.07,1,0.5,0,0.07,1,2.9,0,2,0
118199,56597.94576,0.2,0,0.6,0,0.07,1,0.5,0,0.1,0,1.4,0,0.07,1,2.2,0,0.7,0
118200,66072.64226,0.2,0,0.2,0,0.07,1,0.4,0,0.07,1,0.8,0,0.07,1,0.6,0,0.3,0
118201,43479.82298,0.7,0,0.8,0,0.07,1,1.2,0,0.5,0,1.4,0,0.07,1,9.2,0,1.8,0
118205,78440.85809,0.07,1,0.5,0,0.07,1,0.6,0,0.07,1,1.5,0,0.07,1,1.1,0,0.8,0
118208,47109.01132,0.2,0,1.1,0,1.3,0,0.8,0,0.2,0,2.8,0,0.07,1,4.2,0,2.1,0
118210,0,,,,,,,,,,,,,,,,,,
118212,37581.62624,0.2,0,0.4,0,0.07,1,0.1,0,0.07,1,1.1,0,0.07,1,0.9,0,0.4,0
118216,167131.0153,0.3,0,0.6,0,0.1,0,0.6,0,0.07,1,2.3,0,0.2,0,2.3,0,0.6,0
118219,0,,,,,,,,,,,,,,,,,,
118226,310203.709,0.5,0,2.1,0,0.07,1,3.2,0,0.3,0,2.8,0,0.07,1,3.7,0,1.4,0
118228,9104.535866,0.3,0,1.6,0,0.07,1,0.7,0,0.07,1,3,0,0.07,1,3.2,0,1.9,0
118239,24911.71038,0.2,0,1.4,0,0.2,0,1.1,0,0.07,1,1.5,0,0.07,1,3.5,0,2.8,0
118240,17245.39087,0.2,0,1.5,0,0.1,0,0.5,0,0.1,0,0.6,0,0.07,1,5.4,0,1.5,0
118242,143039.1131,0.2,0,1.5,0,0.07,1,0.4,0,0.1,0,2,0,0.07,1,3.5,0,2.7,0
118244,168898.6223,0.1,0,0.9,0,0.07,1,1,0,0.07,1,1.9,0,0.07,1,1.3,0,0.7,0
118247,179908.6617,0.07,1,0.9,0,0.07,1,0.07,1,0.07,1,1,0,0.07,1,3.6,0,2.1,0
118250,266333.4987,0.3,0,1.9,0,0.8,0,0.9,0,0.4,0,2.3,0,0.07,1,6.4,0,5.8,0
118253,29458.60737,0.07,1,0.3,0,0.07,1,0.5,0,0.07,1,1.1,0,0.07,1,0.5,0,0.3,0
118254,82312.91285,0.07,1,0.9,0,0.1,0,0.7,0,0.07,1,1.1,0,0.07,1,1.2,0,0.7,0
118258,210752.5566,0.07,1,1.2,0,0.07,1,1,0,0.07,1,0.9,0,0.07,1,1.5,0,0.7,0
118263,117855.4831,0.2,0,1,0,0.5,0,0.5,0,0.2,0,1.3,0,0.07,1,2,0,0.9,0
118264,264298.5995,0.07,1,2.5,0,0.07,1,0.4,0,0.07,1,1.4,0,0.07,1,2.1,0,1.3,0
118270,0,,,,,,,,,,,,,,,,,,
118273,9603.538142,0.1,0,1.6,0,0.07,1,0.4,0,0.07,1,1.9,0,0.07,1,1.4,0,0.6,0
118275,206191.1464,0.2,0,3.7,0,0.5,0,0.5,0,0.1,0,1.7,0,0.07,1,4.5,0,2.8,0
118281,44812.64562,0.07,1,0.4,0,0.07,1,0.2,0,0.07,1,0.5,0,0.07,1,0.4,0,0.07,1
118288,14258.25449,0.2,0,0.7,0,0.07,1,0.4,0,0.1,0,1,0,0.07,1,2.9,0,0.8,0
118297,13395.06219,0.3,0,0.6,0,0.07,1,0.5,0,0.07,1,1.1,0,0.07,1,4.2,0,1.8,0
118301,0,,,,,,,,,,,,,,,,,,
118315,251802.7955,0.3,0,1.3,0,0.07,1,0.6,0,0.2,0,2,0,0.07,1,4,0,1.6,0
118318,0,,,,,,,,,,,,,,,,,,
118319,348017.9371,0.2,0,0.7,0,0.07,1,0.3,0,0.1,0,0.7,0,0.07,1,3.1,0,1,0
118326,69149.41191,0.2,0,2.4,0,0.07,1,0.7,0,0.1,0,1,0,0.07,1,2.2,0,0.7,0
118329,278063.4392,0.3,0,1.4,0,0.07,1,1,0,0.1,0,2.2,0,0.07,1,2.6,0,0.8,0
118332,13572.36202,0.07,1,0.9,0,0.1,0,0.1,0,0.07,1,0.7,0,0.07,1,2.1,0,0.8,0
118333,25433.59586,0.7,0,1.2,0,0.2,0,1.2,0,0.5,0,2.3,0,0.2,0,8.6,0,1.7,0
118338,93500.12794,0.07,1,0.9,0,0.6,0,0.9,0,0.2,0,1,0,0.07,1,2.6,0,1.6,0
118340,31585.5727,0.1,0,0.3,0,0.07,1,0.3,0,0.1,0,0.5,0,0.07,1,1.8,0,0.4,0
118344,52663.41163,0.1,0,8.3,0,0.07,1,0.4,0,0.07,1,0.5,0,0.07,1,5.4,0,2.9,0
118346,117281.252,0.2,0,0.4,0,0.07,1,0.6,0,0.2,0,1,0,0.07,1,1.7,0,0.4,0
118347,0,,,,,,,,,,,,,,,,,,
118351,64899.40362,0.2,0,1.7,0,0.3,0,0.3,0,0.07,1,2.6,0,0.07,1,4.1,0,1.9,0
118352,222891.243,0.1,0,0.6,0,0.07,1,0.3,0,0.1,0,1.4,0,0.07,1,1,0,0.5,0
118353,0,,,,,,,,,,,,,,,,,,
118355,233509.7773,0.1,0,2.4,0,0.1,0,0.2,0,0.07,1,0.8,0,0.07,1,2.6,0,0.8,0
118358,484913.5146,0.2,0,2.4,0,0.07,1,0.9,0,0.1,0,1.6,0,0.07,1,5.1,0,1.6,0
118359,43622.66957,0.07,1,0.6,0,0.07,1,0.7,0,0.07,1,1.1,0,0.07,1,2.1,0,0.9,0
118361,60486.35684,0.07,1,3.7,0,0.07,1,0.4,0,0.07,1,1.9,0,0.07,1,2.3,0,1.9,0
118367,15830.26604,0.1,0,0.4,0,0.07,1,0.1,0,0.1,0,0.7,0,0.07,1,0.8,0,0.3,0
118373,86050.96943,0.2,0,0.3,0,0.07,1,0.3,0,0.1,0,1.1,0,0.07,1,1.2,0,0.3,0
118381,26720.62711,0.3,0,0.5,0,0.2,0,0.4,0,0.2,0,1.2,0,0.07,1,4.3,0,1.3,0
118387,55831.41641,0.2,0,2.5,0,1.4,0,0.8,0,0.1,0,1,0,0.07,1,4.4,0,2.2,0
118391,14460.73135,0.6,0,0.3,0,0.07,1,0.8,0,0.5,0,1.3,0,0.07,1,3.4,0,0.4,0
118392,109772.971,0.07,1,0.4,0,0.07,1,1,0,0.07,1,0.5,0,0.07,1,0.7,0,0.2,0
118393,0,,,,,,,,,,,,,,,,,,
118396,37426.03562,0.2,0,1.4,0,0.1,0,0.2,0,0.07,1,0.8,0,0.07,1,1.3,0,0.6,0
118408,41210.20588,0.2,0,0.6,0,0.07,1,1.3,0,0.07,1,0.5,0,0.07,1,2,0,0.8,0
118409,210939.5523,0.1,0,1,0,0.1,0,0.07,1,0.07,1,0.9,0,0.07,1,3.2,0,0.9,0
118418,126541.1097,0.1,0,2.6,0,0.1,0,0.3,0,0.07,1,2.1,0,0.07,1,2.3,0,1.6,0
118432,16835.67589,0.07,1,4,0,0.2,0,0.2,0,0.07,1,1.5,0,0.07,1,1.7,0,0.9,0
118437,21123.74838,0.07,1,0.5,0,0.07,1,0.2,0,0.07,1,0.5,0,0.07,1,1.5,0,0.6,0
118440,90935.18963,0.1,0,1,0,0.4,0,0.5,0,0.1,0,0.6,0,0.07,1,1.8,0,0.6,0
118442,61165.9538,0.1,0,1.4,0,0.07,1,0.3,0,0.07,1,1.2,0,0.07,1,3.2,0,1.7,0
118450,945941.5832,0.3,0,0.9,0,0.1,0,0.6,0,0.3,0,1.5,0,0.2,0,2.5,0,0.8,0
118462,12781.80885,1.7,0,6,0,0.07,1,1.5,0,0.7,0,2.7,0,0.07,1,31.7,0,4.5,0
118465,26255.39039,0.5,0,2.4,0,0.07,1,1,0,0.6,0,4.1,0,0.3,0,8.2,0,4,0
118471,34451.74291,1.5,0,2.9,0,1,0,1.9,0,0.5,0,1.1,0,0.07,1,59.9,0,7.9,0
118472,72525.90456,0.1,0,0.5,0,0.2,0,0.5,0,0.07,1,0.8,0,0.07,1,1.9,0,0.6,0
118475,0,,,,,,,,,,,,,,,,,,
118478,17342.85478,0.4,0,5.3,0,0.3,0,0.7,0,0.2,0,1.3,0,0.2,0,7.2,0,1.5,0
118479,33481.80421,0.2,0,0.8,0,0.1,0,0.5,0,0.2,0,1.5,0,0.07,1,2.9,0,1.5,0
118482,117490.9278,0.1,0,0.4,0,0.07,1,0.2,0,0.1,0,0.7,0,0.07,1,1.5,0,0.8,0
118484,57292.84708,0.2,0,1.1,0,0.1,0,0.5,0,0.1,0,1.6,0,0.07,1,3.6,0,1.5,0
118489,39401.10892,0.2,0,2.3,0,0.07,1,0.9,0,0.07,1,2.8,0,0.07,1,2.8,0,1.2,0
118490,0,,,,,,,,,,,,,,,,,,
118493,0,,,,,,,,,,,,,,,,,,
118502,31376.60576,0.2,0,1,0,0.1,0,0.3,0,0.07,1,2.2,0,0.07,1,2,0,0.9,0
118504,57399.76982,0.2,0,2.5,0,0.7,0,0.4,0,0.07,1,2.7,0,0.07,1,3.7,0,2.1,0
118515,28438.27605,0.4,0,2.5,0,0.3,0,0.8,0,0.3,0,2,0,0.07,1,11.5,0,3.7,0
118517,195830.2174,0.07,1,0.5,0,0.1,0,0.5,0,0.07,1,1.2,0,0.07,1,1.1,0,0.4,0
118523,49345.5031,0.07,1,0.3,0,0.07,1,0.2,0,0.07,1,0.4,0,0.07,1,1,0,0.3,0
118525,99218.05724,0.2,0,1.7,0,0.4,0,0.7,0,0.2,0,2.1,0,0.07,1,5.9,0,3,0
118548,60022.47814,0.3,0,1.9,0,0.07,1,1.6,0,0.2,0,2.1,0,0.07,1,2.6,0,1,0
118552,43153.99192,0.3,0,2.5,0,0.07,1,0.9,0,0.4,0,2.1,0,0.07,1,7.6,0,2.2,0
118567,0,,,,,,,,,,,,,,,,,,
118575,51482.50296,0.1,0,7.8,0,0.07,1,0.1,0,0.07,1,1.6,0,0.07,1,4,0,1.1,0
118578,52866.25984,0.4,0,1.8,0,0.07,1,0.4,0,0.1,0,2.2,0,0.07,1,4.5,0,2.4,0
118585,155897.578,0.2,0,1.8,0,0.1,0,0.5,0,0.1,0,2.7,0,0.07,1,2.8,0,4.1,0
118586,103042.6806,0.1,0,0.2,0,0.07,1,0.07,1,0.07,1,0.2,0,0.07,1,0.8,0,0.2,0
118589,43852.81969,0.1,0,0.5,0,0.07,1,0.6,0,0.07,1,0.5,0,0.07,1,2.7,0,1,0
118592,1308993.858,0.1,0,0.4,0,0.2,0,0.2,0,0.07,1,0.7,0,0.07,1,1.3,0,0.6,0
118598,23445.01007,0.2,0,1.2,0,0.2,0,0.7,0,0.1,0,2.8,0,0.07,1,2.9,0,1.9,0
118602,38871.16743,0.2,0,0.9,0,0.07,1,0.8,0,0.1,0,0.9,0,0.07,1,1.6,0,1.1,0
118609,85528.01962,0.1,0,0.4,0,0.07,1,0.2,0,0.07,1,1.2,0,0.07,1,0.5,0,0.4,0
118610,0,,,,,,,,,,,,,,,,,,
118623,35535.38483,0.5,0,2.2,0,0.2,0,0.8,0,0.2,0,2.9,0,0.07,1,12.8,0,4.9,0
118626,42498.67151,0.2,0,4.7,0,0.07,1,1.4,0,0.2,0,2.8,0,0.07,1,2.6,0,1,0
118630,0,,,,,,,,,,,,,,,,,,
118632,0,,,,,,,,,,,,,,,,,,
118636,20624.67744,0.2,0,1.3,0,0.2,0,0.5,0,0.07,1,1.4,0,0.07,1,2.7,0,1.1,0
118641,47261.24875,0.2,0,0.3,0,0.1,0,0.4,0,0.4,0,1,0,0.1,0,1.5,0,0.4,0
118648,48284.74201,0.5,0,2.7,0,0.07,1,0.9,0,0.2,0,2.5,0,0.07,1,5.6,0,1.3,0
118650,96990.20051,0.2,0,1.7,0,0.2,0,0.3,0,0.1,0,1.7,0,0.07,1,2.6,0,1.8,0
118651,56666.81295,0.2,0,0.7,0,0.07,1,0.2,0,0.1,0,1,0,0.1,0,2,0,0.8,0
118656,55609.83217,0.1,0,1.2,0,0.2,0,0.6,0,0.07,1,0.8,0,0.07,1,3.7,0,2.2,0
118664,0,,,,,,,,,,,,,,,,,,
118670,0,,,,,,,,,,,,,,,,,,
118675,0,,,,,,,,,,,,,,,,,,
118676,67615.69348,0.3,0,0.9,0,0.1,0,0.7,0,0.2,0,2.8,0,0.07,1,4,0,2.2,0
118684,94344.40008,0.07,1,1.4,0,0.1,0,0.2,0,0.07,1,0.7,0,0.07,1,1.6,0,1.2,0
118697,66582.51638,0.5,0,3.4,0,0.07,1,0.5,0,0.2,0,1.1,0,0.07,1,2.1,0,0.6,0
118701,28921.50417,0.2,0,0.4,0,0.07,1,0.3,0,0.2,0,0.8,0,0.07,1,2.6,0,0.7,0
118711,71459.66774,0.2,0,0.4,0,0.07,1,0.4,0,0.3,0,0.6,0,0.07,1,2.5,0,0.7,0
118727,19193.26579,0.6,0,1.7,0,0.07,1,1.1,0,0.4,0,1.6,0,0.07,1,7.5,0,2,0
118735,55924.36668,0.07,1,2,0,0.5,0,0.5,0,0.07,1,1.8,0,0.07,1,3,0,1.9,0
118736,199289.3369,0.2,0,0.9,0,0.07,1,0.6,0,0.07,1,1.4,0,0.07,1,3.3,0,2.2,0
118737,49362.66142,0.07,1,0.5,0,0.1,0,0.07,1,0.07,1,0.4,0,0.07,1,0.6,0,0.4,0
118740,167493.1826,0.3,0,1.8,0,0.2,0,1.2,0,0.2,0,2.1,0,0.07,1,3.5,0,1.6,0
118745,28818.27548,0.07,1,0.07,1,0.07,1,0.1,0,0.07,1,0.1,0,0.07,1,0.4,0,0.07,1
118746,0,,,,,,,,,,,,,,,,,,
118753,25160.36423,1.2,0,1.4,0,0.07,1,0.8,0,0.5,0,1.3,0,0.07,1,13.3,0,1.1,0
118754,37798.46601,0.07,1,1.5,0,0.4,0,1.5,0,0.07,1,0.9,0,0.07,1,1.6,0,0.9,0
118756,164797.3984,0.1,0,0.7,0,0.1,0,0.07,1,0.07,1,0.6,0,0.07,1,2.4,0,0.9,0
118762,22314.58645,0.07,1,0.07,1,0.07,1,0.1,0,0.07,1,0.1,0,0.07,1,0.3,0,0.07,1
118764,175934.3698,0.07,1,1.2,0,0.07,1,0.4,0,0.07,1,1.8,0,0.07,1,0.9,0,1,0
118767,47020.35001,0.6,0,2,0,0.1,0,1.3,0,0.9,0,2.8,0,0.07,1,8.9,0,1.1,0
118769,0,,,,,,,,,,,,,,,,,,
118776,47138.2682,0.3,0,2.4,0,0.07,1,0.2,0,0.1,0,1.7,0,0.07,1,4.4,0,0.9,0
118781,47025.07189,0.1,0,1.9,0,0.07,1,0.9,0,0.07,1,1.7,0,0.07,1,3.7,0,1.6,0
118798,52606.01749,0.07,1,1.7,0,0.07,1,0.2,0,0.07,1,1,0,0.07,1,1.1,0,0.6,0
118804,41732.01132,0.2,0,0.7,0,0.07,1,0.9,0,0.1,0,0.7,0,0.07,1,2.1,0,0.8,0
118805,232224.7147,0.4,0,1.4,0,0.07,1,1.1,0,0.3,0,2.3,0,0.07,1,4.1,0,2.2,0
118827,25825.33794,0.2,0,1.3,0,0.07,1,0.5,0,0.1,0,0.8,0,0.07,1,3.6,0,1.1,0
118828,29748.07758,0.4,0,0.4,0,0.2,0,0.4,0,0.2,0,1.2,0,0.07,1,1.6,0,0.6,0
118829,0,,,,,,,,,,,,,,,,,,
118831,137852.253,0.3,0,1,0,0.07,1,0.5,0,0.2,0,1.6,0,0.07,1,4.4,0,3,0
118834,190789.1162,0.1,0,1.1,0,0.07,1,0.3,0,0.07,1,1.4,0,0.07,1,2.8,0,2,0
118839,291330.9008,0.3,0,1.5,0,0.7,0,1,0,0.3,0,1.6,0,0.07,1,5.3,0,2.6,0
118842,97189.8084,0.2,0,2.2,0,1,0,1.5,0,0.07,1,4.4,0,0.07,1,9.9,0,5.7,0
118848,144050.882,0.07,1,0.5,0,0.07,1,0.9,0,0.07,1,0.8,0,0.07,1,1.3,0,0.6,0
118853,42298.92409,0.07,1,1,0,0.07,1,0.5,0,0.07,1,0.9,0,0.07,1,1.2,0,0.6,0
118863,202989.4729,0.7,0,1.2,0,0.2,0,1,0,0.2,0,4.7,0,0.07,1,3.8,0,1.6,0
118866,8907.285349,0.07,1,3,0,0.07,1,0.1,0,0.07,1,0.8,0,0.07,1,1.1,0,0.5,0
118870,23094.29407,0.2,0,0.4,0,0.1,0,0.2,0,0.07,1,1.1,0,0.07,1,1.3,0,0.4,0
118871,241218.3175,0.1,0,1.9,0,0.1,0,0.4,0,0.07,1,2,0,0.07,1,4,0,3,0
118873,32761.51374,0.2,0,5.8,0,0.1,0,0.3,0,0.1,0,1.6,0,0.07,1,2.3,0,2,0
118875,35513.3302,0.5,0,0.4,0,0.07,1,0.3,0,0.5,0,0.9,0,0.07,1,3.6,0,0.3,0
118887,20894.77186,0.07,1,1.2,0,0.6,0,0.5,0,0.07,1,0.8,0,0.07,1,2.5,0,1.1,0
118902,35481.20561,0.2,0,1.1,0,0.1,0,0.3,0,0.2,0,0.9,0,0.07,1,1.7,0,0.5,0
118908,86646.48122,0.1,0,0.5,0,0.07,1,0.5,0,0.07,1,1.3,0,0.07,1,2.3,0,0.9,0
118913,164666.4787,0.2,0,1.4,0,0.07,1,0.8,0,0.2,0,2.7,0,0.07,1,4.1,0,1.6,0
118921,79712.54753,0.2,0,4.5,0,0.07,1,1.2,0,0.07,1,1.1,0,0.07,1,14.1,0,5.5,0
118922,45492.1231,0.2,0,4.7,0,0.4,0,0.8,0,0.1,0,3.9,0,0.07,1,12,0,8.1,0
118930,214205.5546,0.4,0,7.1,0,0.1,0,0.9,0,0.4,0,1.8,0,0.07,1,8.6,0,2.1,0
118931,49980.17157,0.1,0,2.8,0,0.2,0,0.5,0,0.07,1,1,0,0.2,0,7,0,3.4,0
118934,52131.52631,0.2,0,0.6,0,0.1,0,0.3,0,0.1,0,0.9,0,0.07,1,1.5,0,0.5,0
118939,114193.0305,0.3,0,0.5,0,0.07,1,0.4,0,0.3,0,1.3,0,0.07,1,1.1,0,0.4,0
118940,0,,,,,,,,,,,,,,,,,,
118943,29694.33395,0.2,0,1.6,0,0.1,0,0.4,0,0.1,0,1.6,0,0.1,0,3.4,0,2.2,0
118947,27645.75714,0.2,0,0.4,0,0.07,1,0.2,0,0.07,1,0.9,0,0.07,1,1,0,0.7,0
118951,0,,,,,,,,,,,,,,,,,,
118956,0,,,,,,,,,,,,,,,,,,
118958,40952.17622,0.2,0,17,0,0.4,0,0.7,0,0.2,0,2.9,0,0.07,1,10.4,0,4.1,0
118967,375925.733,0.1,0,1.2,0,1,0,0.2,0,0.07,1,1.1,0,0.07,1,1.6,0,0.7,0
118977,0,,,,,,,,,,,,,,,,,,
118982,33391.81333,0.1,0,3,0,0.07,1,0.2,0,0.07,1,1.4,0,0.07,1,1.9,0,0.7,0
118991,109502.9845,0.1,0,1,0,0.07,1,0.4,0,0.1,0,1.2,0,0.07,1,2.8,0,1,0
118992,131200.0185,2.4,0,3.4,0,0.07,1,3.8,0,0.9,0,6.8,0,0.07,1,42.7,0,8.9,0
118994,283033.1409,0.1,0,1.3,0,0.07,1,0.9,0,0.07,1,0.9,0,0.07,1,2.3,0,0.9,0
118997,74651.26166,0.3,0,1,0,0.07,1,0.5,0,0.1,0,0.7,0,0.07,1,4.2,0,1.3,0
118999,41882.90158,0.2,0,1.7,0,0.2,0,0.7,0,0.07,1,1.9,0,0.07,1,1.8,0,0.9,0
119000,45434.31564,0.2,0,2.9,0,0.07,1,1.1,0,0.2,0,2.7,0,0.07,1,6.7,0,3.9,0
119003,54252.91308,0.3,0,1.4,0,0.07,1,1.2,0,0.2,0,1.3,0,0.07,1,2.9,0,0.7,0
119006,86333.218,0.1,0,0.6,0,0.1,0,1.7,0,0.07,1,2.1,0,0.07,1,2.8,0,1.1,0
119012,46918.44014,0.07,1,0.7,0,0.07,1,0.2,0,0.07,1,0.8,0,0.07,1,2,0,0.7,0
119031,23910.21166,0.3,0,1.3,0,0.07,1,0.6,0,0.1,0,1.4,0,0.07,1,6.9,0,2.4,0
119033,68027.69727,0.2,0,0.8,0,0.1,0,0.7,0,0.07,1,1.3,0,0.07,1,2.5,0,1,0
119040,186695.433,0.4,0,5.8,0,0.07,1,0.9,0,0.2,0,3.1,0,0.07,1,8.1,0,3.8,0
119049,78488.91801,0.07,1,0.07,1,0.4,0,0.3,0,0.07,1,0.2,0,0.2,0,0.5,0,0.2,0
119051,36846.95366,0.07,1,0.5,0,0.07,1,0.07,1,0.07,1,0.9,0,0.07,1,1.6,0,0.7,0
119055,51637.99366,0.9,0,2.8,0,0.2,0,1.6,0,0.6,0,2,0,0.07,1,19.6,0,3.2,0
119056,74539.58861,1,0,1,0,0.2,0,1.8,0,0.4,0,3.5,0,0.2,0,9.4,0,3.2,0
119059,44839.38958,0.07,1,1.5,0,0.07,1,0.3,0,0.07,1,1.6,0,0.07,1,0.7,0,0.4,0
119060,33877.79206,0.07,1,2.1,0,0.6,0,0.4,0,0.07,1,2.3,0,0.07,1,2.8,0,1.6,0
119070,241414.7712,0.3,0,0.6,0,0.07,1,0.3,0,0.2,0,0.8,0,0.07,1,3,0,0.5,0
119076,20493.11429,1,0,1.5,0,0.2,0,0.9,0,0.5,0,1.4,0,0.07,1,22.8,0,5.1,0
119077,153200.3975,0.3,0,1.3,0,0.1,0,0.5,0,0.2,0,1.1,0,0.07,1,11.7,0,2.3,0
119079,0,,,,,,,,,,,,,,,,,,
119085,503563.0212,0.4,0,0.4,0,0.07,1,0.6,0,0.4,0,0.8,0,0.07,1,3.1,0,0.6,0
119086,63035.91286,0.3,0,0.3,0,0.07,1,0.4,0,0.3,0,0.9,0,0.07,1,2.5,0,0.4,0
119097,31925.91137,0.4,0,0.3,0,0.3,0,0.3,0,0.2,0,0.5,0,0.07,1,2,0,0.7,0
119103,57059.72665,0.3,0,0.9,0,0.1,0,1,0,0.4,0,2,0,0.07,1,2.5,0,0.9,0
119105,85184.62604,0.2,0,1.6,0,1.9,0,0.7,0,0.07,1,1.4,0,0.07,1,7.7,0,2.7,0
119110,32730.99032,0.07,1,1.7,0,0.07,1,0.6,0,0.07,1,0.8,0,0.07,1,0.9,0,0.3,0
119112,61050.64977,0.1,0,0.8,0,0.07,1,0.3,0,0.07,1,1.5,0,0.07,1,2,0,0.4,0
119120,21805.47502,0.1,0,0.3,0,0.07,1,0.2,0,0.07,1,0.3,0,0.07,1,1.1,0,0.5,0
119123,41248.71357,0.1,0,0.4,0,0.3,0,0.3,0,0.07,1,0.5,0,0.07,1,2.2,0,1,0
119126,40698.51378,0.1,0,1.3,0,0.3,0,0.2,0,0.07,1,2.9,0,0.07,1,3,0,2.6,0
119137,25255.1049,0.1,0,0.7,0,0.07,1,0.2,0,0.1,0,1.1,0,0.07,1,1.2,0,0.4,0
119139,44189.17207,0.2,0,2.2,0,0.4,0,0.9,0,0.1,0,3.8,0,0.07,1,4.9,0,1.4,0
119142,11596.13748,0.2,0,1.6,0,0.3,0,0.3,0,0.1,0,1,0,0.07,1,3.3,0,1.8,0
119147,0,,,,,,,,,,,,,,,,,,
119148,0,,,,,,,,,,,,,,,,,,
119152,31283.94329,0.2,0,2,0,0.1,0,0.4,0,0.1,0,2.5,0,0.07,1,5.7,0,3,0
119158,0,,,,,,,,,,,,,,,,,,
119161,32360.81123,0.07,1,0.2,0,0.2,0,0.2,0,0.07,1,0.4,0,0.07,1,0.8,0,0.3,0
119175,36190.26667,0.2,0,0.6,0,0.2,0,0.8,0,0.2,0,2.2,0,0.07,1,2,0,0.7,0
119176,56266.15694,0.3,0,0.8,0,0.07,1,0.6,0,0.2,0,1.4,0,0.07,1,5,0,1.2,0
119183,46378.27227,0.07,1,1.5,0,0.07,1,0.2,0,0.07,1,0.8,0,0.07,1,1.8,0,0.7,0
119184,60591.22576,0.2,0,1.5,0,0.07,1,0.5,0,0.1,0,1.2,0,0.07,1,5.1,0,2.1,0
119189,11911.60949,0.5,0,0.9,0,0.1,0,1,0,0.2,0,2.1,0,0.07,1,12.3,0,2,0
119191,40323.49306,0.07,1,0.2,0,0.07,1,0.2,0,0.07,1,0.9,0,0.07,1,0.8,0,0.4,0
119192,44522.03695,0.2,0,0.5,0,0.1,0,0.5,0,0.2,0,1.2,0,0.3,0,2.6,0,1.2,0
119193,18168.35717,0.9,0,0.3,0,0.07,1,0.5,0,0.4,0,0.6,0,0.07,1,14.1,0,0.9,0
119194,65692.90962,0.1,0,1,0,0.07,1,0.2,0,0.07,1,0.8,0,0.07,1,3.4,0,1.1,0
119198,14503.53973,0.1,0,0.3,0,0.1,0,0.07,1,0.07,1,0.6,0,0.07,1,0.4,0,0.2,0
119201,78958.49004,0.1,0,1.3,0,0.1,0,0.3,0,0.07,1,1,0,0.07,1,1.3,0,0.4,0
119206,197425.6748,0.1,0,1.1,0,0.1,0,0.4,0,0.07,1,1.3,0,0.07,1,3.8,0,2.2,0
119210,20040.21031,0.6,0,3.6,0,0.07,1,1,0,0.4,0,1.7,0,0.07,1,13.3,0,5.2,0
119211,27102.30472,1.5,0,1.4,0,0.2,0,1,0,0.6,0,1.4,0,0.07,1,27.4,0,2.8,0
119215,0,,,,,,,,,,,,,,,,,,
119222,0,,,,,,,,,,,,,,,,,,
119223,37977.59239,1.4,0,1.9,0,0.1,0,3.9,0,0.9,0,2.6,0,0.07,1,14.8,0,3.6,0
119242,33824.66349,0.2,0,1,0,0.2,0,0.4,0,0.07,1,0.6,0,0.07,1,2.7,0,1.8,0
119248,52455.83086,0.2,0,1,0,0.1,0,0.5,0,0.07,1,1.9,0,0.07,1,2.7,0,2.7,0
119252,52942.86605,0.2,0,3,0,0.1,0,0.5,0,0.1,0,0.9,0,0.07,1,3,0,0.9,0
119254,77195.82466,1,0,3.9,0,0.07,1,3.9,0,0.6,0,2.9,0,0.07,1,27.3,0,3.2,0
119261,51081.68899,0.1,0,0.8,0,0.2,0,0.4,0,0.07,1,1,0,0.07,1,1.9,0,1,0
119269,38902.66206,0.2,0,0.6,0,0.1,0,0.2,0,0.07,1,0.5,0,0.07,1,2.1,0,1,0
119270,47088.42649,0.07,1,0.1,0,0.1,0,0.07,1,0.07,1,0.2,0,0.07,1,0.4,0,0.07,1
119271,0,,,,,,,,,,,,,,,,,,
119274,79244.53038,0.2,0,1.3,0,0.7,0,0.5,0,0.1,0,1.4,0,0.3,0,6.2,0,2.1,0
119284,78297.83441,0.2,0,1.4,0,0.9,0,0.5,0,0.1,0,1,0,0.07,1,4.4,0,1.2,0
119290,27207.45684,0.6,0,0.8,0,0.1,0,1.5,0,0.2,0,5.1,0,0.07,1,2,0,0.8,0
119291,124609.7636,0.3,0,2.1,0,0.2,0,0.9,0,0.3,0,3.2,0,0.07,1,6.1,0,5.1,0
119296,0,,,,,,,,,,,,,,,,,,
119299,47818.48118,0.4,0,0.9,0,0.2,0,0.4,0,0.3,0,1,0,0.07,1,9.1,0,1.1,0
119312,81317.07878,0.1,0,0.1,0,0.07,1,0.2,0,0.07,1,0.3,0,0.07,1,0.6,0,0.2,0
119314,68933.86952,0.3,0,2.3,0,0.1,0,0.8,0,0.4,0,2.5,0,0.07,1,4.5,0,3.9,0
119316,83070.37201,0.8,0,1.2,0,0.07,1,1.2,0,0.2,0,1.9,0,0.07,1,12.8,0,2.5,0
119319,27207.45684,0.3,0,1.1,0,0.1,0,0.8,0,0.1,0,2,0,0.07,1,3.2,0,1.6,0
119321,0,,,,,,,,,,,,,,,,,,
119322,0,,,,,,,,,,,,,,,,,,
119323,0,,,,,,,,,,,,,,,,,,
119324,17234.20058,0.1,0,0.8,0,0.07,1,0.4,0,0.07,1,1.3,0,0.07,1,1.8,0,0.9,0
119328,94869.94216,0.07,1,1.4,0,0.07,1,0.07,1,0.07,1,1,0,0.07,1,1.3,0,0.6,0
119342,0,,,,,,,,,,,,,,,,,,
119348,0,,,,,,,,,,,,,,,,,,
119349,79710.3533,0.1,0,1.2,0,0.2,0,0.5,0,0.07,1,0.8,0,0.2,0,3.3,0,1.9,0
119350,49613.87268,0.2,0,1.4,0,0.07,1,0.4,0,0.1,0,0.8,0,0.07,1,5.3,0,2.6,0
119353,19916.99922,0.2,0,0.9,0,0.07,1,0.7,0,0.1,0,1.3,0,0.07,1,5.3,0,1,0
119358,14363.10765,0.5,0,1.5,0,0.07,1,0.5,0,0.07,1,1.4,0,0.07,1,2.4,0,0.8,0
119360,10913.83732,0.3,0,0.9,0,0.07,1,0.6,0,0.2,0,0.9,0,0.07,1,5.4,0,1.1,0
119362,25552.82593,0.07,1,0.4,0,0.07,1,0.2,0,0.07,1,0.7,0,0.07,1,1.5,0,0.3,0
119382,584868.4692,0.07,1,0.3,0,0.5,0,0.07,1,0.07,1,0.3,0,0.07,1,0.5,0,0.2,0
119383,162974.0627,0.2,0,1.7,0,0.2,0,0.5,0,0.1,0,1.2,0,0.07,1,5,0,3,0
119385,59883.53009,0.07,1,0.4,0,0.07,1,0.7,0,0.07,1,0.5,0,0.07,1,1.2,0,0.4,0
119386,40020.15851,0.6,0,0.3,0,0.07,1,0.7,0,0.2,0,3.8,0,0.07,1,0.9,0,0.3,0
119393,30332.35054,0.2,0,0.5,0,0.3,0,0.4,0,0.2,0,0.8,0,0.07,1,3,0,0.8,0
119399,102630.1593,0.4,0,0.8,0,0.8,0,1.4,0,0.07,1,2.2,0,0.07,1,5,0,2.2,0
119403,74754.05734,0.07,1,1.7,0,0.07,1,0.2,0,0.07,1,0.5,0,0.07,1,1.8,0,1,0
119405,189750.2201,0.2,0,0.9,0,0.7,0,0.4,0,0.1,0,1,0,0.07,1,5,0,1.3,0
119409,29163.72963,0.2,0,0.5,0,0.1,0,0.3,0,0.1,0,1.2,0,0.07,1,1.6,0,0.3,0
119413,0,,,,,,,,,,,,,,,,,,
119418,52468.62405,0.2,0,0.3,0,0.07,1,0.4,0,0.2,0,0.7,0,0.07,1,1.3,0,0.6,0
119424,24432.5052,0.07,1,0.6,0,0.3,0,0.1,0,0.07,1,0.5,0,0.07,1,2,0,0.8,0
119434,29472.72127,0.1,0,3.3,0,0.07,1,0.2,0,0.07,1,0.9,0,0.07,1,1.8,0,1.2,0
119436,32051.05601,0.07,1,0.8,0,0.07,1,1.8,0,0.07,1,0.9,0,0.07,1,0.9,0,0.7,0
119441,61746.56876,0.1,0,1.1,0,0.07,1,0.6,0,0.07,1,1.7,0,0.07,1,1.3,0,0.9,0
119444,0,,,,,,,,,,,,,,,,,,
119450,27047.34719,0.1,0,4,0,0.1,0,0.2,0,0.1,0,1.1,0,0.1,0,5.6,0,2.2,0
119451,45409.92503,0.3,0,7.7,0,0.2,0,1,0,0.1,0,4.1,0,0.07,1,6.1,0,2.5,0
119461,21236.98505,0.07,1,1.7,0,0.07,1,0.5,0,0.07,1,1.9,0,0.07,1,0.7,0,0.5,0
119467,151722.3271,0.2,0,0.5,0,0.5,0,0.2,0,0.2,0,0.7,0,0.07,1,2,0,0.8,0
119470,22118.11444,0.7,0,0.8,0,0.07,1,1.1,0,0.1,0,3.3,0,0.07,1,1,0,0.5,0
119485,81995.90651,0.2,0,0.5,0,0.07,1,0.2,0,0.07,1,1.1,0,0.07,1,1.5,0,0.6,0
119488,111417.7368,0.07,1,3.8,0,0.07,1,0.6,0,0.07,1,1.5,0,0.07,1,1.4,0,1.2,0
119494,50184.56921,0.2,0,0.3,0,0.07,1,0.1,0,0.1,0,0.4,0,0.1,0,1.7,0,0.4,0
119497,155470.5464,0.2,0,0.8,0,0.07,1,0.5,0,0.2,0,1.5,0,0.07,1,3.3,0,1.2,0
119499,83220.47154,0.2,0,1.3,0,0.07,1,0.4,0,0.07,1,1.3,0,0.07,1,4.5,0,1.5,0
119500,84002.21279,0.2,0,1.9,0,0.1,0,0.4,0,0.1,0,1,0,0.07,1,5.2,0,4.5,0
119501,59431.65607,0.1,0,1,0,0.07,1,0.2,0,0.07,1,1.1,0,0.07,1,2,0,1,0
119504,82425.5991,0.07,1,3.5,0,0.07,1,0.2,0,0.07,1,1.1,0,0.07,1,2.8,0,2.2,0
119507,43551.33771,0.2,0,3.5,0,0.07,1,0.5,0,0.1,0,2.1,0,0.07,1,4,0,2.6,0
119512,38496.89256,0.2,0,1.4,0,0.1,0,0.4,0,0.1,0,1.3,0,0.07,1,5.3,0,2.3,0
119519,18019.09477,0.3,0,1.2,0,0.3,0,1.2,0,0.2,0,1.8,0,0.07,1,3.9,0,1.5,0
119521,0,,,,,,,,,,,,,,,,,,
119526,0,,,,,,,,,,,,,,,,,,
119532,19372.9626,0.5,0,4.6,0,0.1,0,1.1,0,0.3,0,3,0,0.3,0,13.5,0,4,0
119533,0,,,,,,,,,,,,,,,,,,
119534,27555.72281,0.07,1,0.3,0,0.1,0,0.3,0,0.07,1,0.7,0,0.07,1,1,0,0.4,0
119537,156307.1738,0.1,0,1.9,0,0.07,1,0.07,1,0.07,1,1.1,0,0.07,1,1.9,0,0.9,0
119539,116491.6413,0.1,0,0.8,0,0.2,0,1,0,0.1,0,1.4,0,0.07,1,3.3,0,1.6,0
119540,37632.67635,0.3,0,2.3,0,0.1,0,1.1,0,0.2,0,1.6,0,0.07,1,6.3,0,5.1,0
119541,89466.32014,0.1,0,2.4,0,0.07,1,0.7,0,0.07,1,3.7,0,0.07,1,2.3,0,1.1,0
119545,23588.18119,0.5,0,6.1,0,0.07,1,1.5,0,0.4,0,2.5,0,0.07,1,9.6,0,3.7,0
119546,66944.73999,0.1,0,0.7,0,0.2,0,0.2,0,0.07,1,0.7,0,0.07,1,1.9,0,0.7,0
119547,30685.99639,0.1,0,1.8,0,0.2,0,0.6,0,0.1,0,1.9,0,0.07,1,8.2,0,3.7,0
119554,108184.3054,0.2,0,1.4,0,0.2,0,0.4,0,0.2,0,1.5,0,0.07,1,4.5,0,2.2,0
119557,82026.73315,0.2,0,3.4,0,0.3,0,0.3,0,0.1,0,1.2,0,0.07,1,2.8,0,1.2,0
119563,30034.41661,0.2,0,1.2,0,0.07,1,0.4,0,0.07,1,1.7,0,0.07,1,1.6,0,0.8,0
119566,25346.07511,0.07,1,0.07,1,0.07,1,0.2,0,0.07,1,0.1,0,0.07,1,0.3,0,0.3,0
119572,49215.64622,0.4,0,2.8,0,0.07,1,0.9,0,0.4,0,3.3,0,0.07,1,6.5,0,2.7,0
119575,44411.30074,0.2,0,1.1,0,0.07,1,0.4,0,0.1,0,1.1,0,0.07,1,2.2,0,0.8,0
119579,72550.73196,0.07,1,0.3,0,0.07,1,0.1,0,0.07,1,0.4,0,0.07,1,0.4,0,0.2,0
119581,23753.39327,0.2,0,1.4,0,0.3,0,0.5,0,0.07,1,1.9,0,0.07,1,4.7,0,2.6,0
119583,21134.58978,0.07,1,0.5,0,0.2,0,0.3,0,0.07,1,0.7,0,0.07,1,1.3,0,0.7,0
119587,42134.74964,0.2,0,0.8,0,0.3,0,0.4,0,0.2,0,2.3,0,0.07,1,3.6,0,1.9,0
119594,31364.91278,0.4,0,2.3,0,0.07,1,0.6,0,0.5,0,1.1,0,0.07,1,8.8,0,1.6,0
119596,0,,,,,,,,,,,,,,,,,,
119598,19787.73602,0.07,1,0.8,0,0.07,1,0.6,0,0.07,1,0.9,0,0.07,1,1.5,0,0.8,0
119600,166976.4518,0.2,0,0.4,0,0.3,0,0.4,0,0.07,1,0.9,0,0.07,1,1.1,0,0.4,0
119619,97197.27588,0.4,0,3.7,0,0.07,1,2.2,0,0.2,0,4.3,0,0.07,1,6.6,0,3.7,0
119626,55164.94155,0.3,0,1.5,0,0.6,0,0.6,0,0.07,1,3.4,0,0.07,1,4.4,0,2.2,0
119631,269711.9796,0.1,0,0.6,0,0.4,0,0.4,0,0.1,0,1.3,0,0.07,1,4.8,0,1.9,0
119632,35043.45521,0.3,0,1.5,0,0.2,0,0.9,0,0.2,0,2.3,0,0.07,1,4.8,0,2.9,0
119634,21334.38731,0.8,0,0.8,0,0.6,0,1.2,0,0.4,0,1.6,0,0.07,1,13.4,0,2.7,0
119636,18720.58142,0.07,1,3.8,0,0.07,1,0.4,0,0.07,1,0.8,0,0.07,1,1.9,0,1,0
119640,90675.92252,0.3,0,0.9,0,0.2,0,1.1,0,0.2,0,1.2,0,0.07,1,4.7,0,2.3,0
119641,87836.54487,0.2,0,0.7,0,0.1,0,0.3,0,0.1,0,1.3,0,0.07,1,1.2,0,0.8,0
119646,422955.6064,0.07,1,0.3,0,0.07,1,0.07,1,0.07,1,0.6,0,0.07,1,1,0,0.4,0
119660,193584.8155,0.3,0,1.4,0,0.2,0,0.5,0,0.1,0,2.2,0,0.07,1,7.6,0,4.6,0
119664,14614.78994,0.1,0,1.7,0,0.07,1,0.3,0,0.1,0,2,0,0.07,1,3.1,0,2.3,0
119670,85044.1362,0.1,0,0.8,0,0.07,1,0.4,0,0.07,1,1.5,0,0.07,1,2.3,0,1.1,0
119672,51593.08367,0.1,0,0.5,0,0.2,0,0.1,0,0.1,0,0.4,0,0.07,1,1.5,0,0.3,0
119678,21558.35345,0.4,0,9,0,0.7,0,1.1,0,0.2,0,2.8,0,0.07,1,8.1,0,3.8,0
119679,88484.42933,0.07,1,0.7,0,0.07,1,0.6,0,0.07,1,0.5,0,0.07,1,0.3,0,0.2,0
119691,52195.59928,0.1,0,0.6,0,0.2,0,0.4,0,0.1,0,0.9,0,0.07,1,1,0,0.5,0
119696,54925.15953,0.07,1,0.2,0,0.07,1,0.2,0,0.1,0,0.4,0,0.07,1,0.9,0,0.2,0
119700,63279.50873,0.1,0,0.4,0,0.07,1,0.2,0,0.07,1,0.5,0,0.07,1,1.5,0,0.7,0
119702,46319.77308,0.07,1,0.6,0,0.07,1,0.3,0,0.07,1,0.6,0,0.07,1,1.8,0,0.9,0
119708,12201.09802,0.1,0,1.2,0,0.2,0,0.4,0,0.1,0,1.6,0,0.07,1,3.5,0,2.2,0
119711,14562.39216,0.4,0,4.8,0,0.1,0,1.1,0,0.3,0,4.2,0,0.07,1,10,0,5.6,0
119742,203742.4202,0.07,1,1.2,0,0.07,1,0.2,0,0.1,0,2,0,0.07,1,2.2,0,1.4,0
119744,0,,,,,,,,,,,,,,,,,,
119746,91318.19522,0.2,0,0.7,0,0.8,0,0.8,0,0.1,0,1.8,0,0.07,1,1.9,0,1,0
119748,61779.70261,0.1,0,0.2,0,0.1,0,0.07,1,0.07,1,0.4,0,0.07,1,0.5,0,0.2,0
119761,69589.52063,0.2,0,1.1,0,0.1,0,0.5,0,0.1,0,1.2,0,0.07,1,1.8,0,1.1,0
119763,50308.82056,0.2,0,0.3,0,0.2,0,0.4,0,0.2,0,0.6,0,0.07,1,0.9,0,0.5,0
119772,184512.728,0.8,0,1.5,0,0.07,1,0.9,0,0.5,0,1.9,0,0.07,1,5,0,1.6,0
119775,23231.19543,1.1,0,2.8,0,0.1,0,1.2,0,1.1,0,1.7,0,0.07,1,10.2,0,1.8,0
119780,56095.17578,0.07,1,0.2,0,0.07,1,0.07,1,0.07,1,0.6,0,0.07,1,0.5,0,0.2,0
119787,109983.3205,0.5,0,3,0,0.2,0,1.6,0,0.2,0,3.6,0,0.07,1,14.7,0,4.6,0
119791,15069.28932,0.3,0,0.9,0,0.2,0,0.4,0,0.2,0,1.3,0,0.07,1,3.7,0,1.2,0
119797,0,,,,,,,,,,,,,,,,,,
119800,386912.0187,0.07,1,0.7,0,0.2,0,0.5,0,0.07,1,1.4,0,0.07,1,2.9,0,2.2,0
119801,35020.72221,0.07,1,0.2,0,0.07,1,0.07,1,0.07,1,0.4,0,0.07,1,0.6,0,0.3,0
119805,0,,,,,,,,,,,,,,,,,,
119806,159647.1578,0.3,0,1.3,0,0.1,0,0.6,0,0.3,0,1.2,0,0.07,1,6.2,0,1.6,0
119807,43349.68558,0.2,0,1.3,0,0.1,0,0.4,0,0.1,0,1.3,0,0.07,1,3.5,0,1.8,0
119810,113034.7378,0.07,1,0.7,0,0.8,0,0.3,0,0.07,1,0.5,0,0.1,0,1.7,0,0.8,0
119829,154122.5247,0.3,0,0.6,0,0.07,1,0.5,0,0.2,0,1.2,0,0.07,1,3.2,0,0.6,0
119830,46570.68185,0.1,0,0.2,0,0.2,0,0.2,0,0.07,1,0.4,0,0.07,1,1.3,0,0.5,0
119833,381448.6839,0.1,0,2.9,0,0.3,0,0.4,0,0.07,1,0.9,0,0.07,1,5.1,0,2.3,0
119834,70950.7278,0.3,0,1.1,0,0.1,0,0.7,0,0.1,0,3.1,0,0.07,1,5.4,0,5.6,0
119838,565655.3237,0.2,0,0.4,0,0.1,0,0.3,0,0.1,0,0.6,0,0.07,1,2.2,0,0.6,0
119843,72465.26553,0.1,0,0.7,0,0.2,0,0.3,0,0.1,0,1,0,0.07,1,2.4,0,1.4,0
119845,0,,,,,,,,,,,,,,,,,,
119848,87444.4036,0.2,0,0.6,0,0.07,1,0.5,0,0.1,0,1,0,0.07,1,1.7,0,1,0
119850,20643.33926,0.1,0,0.5,0,0.1,0,0.3,0,0.1,0,0.7,0,0.1,0,1.1,0,0.4,0
119851,75900.67708,0.07,1,0.3,0,0.07,1,0.5,0,0.07,1,0.4,0,0.07,1,1,0,0.4,0
119869,0,,,,,,,,,,,,,,,,,,
119870,22667.78541,0.2,0,2.1,0,0.07,1,0.5,0,0.2,0,1.2,0,0.07,1,13.7,0,2.5,0
119873,63940.18552,0.1,0,2.1,0,0.2,0,0.4,0,0.07,1,1.1,0,0.07,1,4.3,0,1.2,0
119875,54624.27482,0.07,1,0.6,0,0.07,1,0.3,0,0.07,1,1.4,0,0.07,1,0.9,0,0.5,0
119878,31052.05122,0.6,0,0.4,0,0.07,1,0.4,0,0.9,0,0.4,0,0.07,1,6.2,0,0.8,0
119880,58332.76839,0.1,0,0.3,0,0.07,1,0.3,0,0.1,0,0.5,0,0.07,1,1.1,0,0.3,0
119882,16143.48753,0.2,0,0.4,0,0.2,0,0.3,0,0.1,0,0.6,0,0.07,1,2.2,0,0.6,0
119885,33811.72958,0.2,0,1,0,0.3,0,0.7,0,0.07,1,1.6,0,0.07,1,3.8,0,2.3,0
119892,114570.6611,0.1,0,0.2,0,0.1,0,0.07,1,0.1,0,0.2,0,0.07,1,1.1,0,0.2,0
119895,33905.31169,0.07,1,0.5,0,0.07,1,0.2,0,0.07,1,0.8,0,0.07,1,0.6,0,0.3,0
119897,139653.5672,0.3,0,1.6,0,0.07,1,0.5,0,0.3,0,1.4,0,0.07,1,6.8,0,2.2,0
119898,19802.80842,0.2,0,1.4,0,0.1,0,0.4,0,0.1,0,1,0,0.07,1,3.1,0,0.7,0
119899,310258.3059,0.2,0,1.4,0,0.2,0,0.6,0,0.2,0,1.1,0,0.07,1,3.6,0,1.5,0
119901,57241.29387,0.2,0,0.9,0,0.2,0,0.4,0,0.1,0,1.3,0,0.07,1,4.1,0,1.2,0
119903,25006.99977,0.07,1,1.2,0,0.1,0,0.3,0,0.07,1,1.1,0,0.07,1,1.2,0,0.4,0
119907,61116.12104,0.07,1,0.3,0,0.07,1,0.4,0,0.07,1,0.6,0,0.07,1,1.4,0,0.5,0
119911,89423.90452,0.3,0,3.1,0,0.07,1,0.8,0,0.1,0,3.2,0,0.07,1,7,0,2.8,0
119913,95660.88547,0.2,0,2.4,0,0.3,0,1.1,0,0.2,0,3.4,0,0.1,0,6.4,0,5.6,0
119928,0,,,,,,,,,,,,,,,,,,
119929,175940.5462,0.07,1,1.4,0,0.07,1,1.5,0,0.07,1,0.7,0,0.07,1,2.2,0,0.8,0
119939,38211.27333,0.4,0,1.7,0,0.07,1,1.2,0,0.6,0,2.7,0,0.07,1,4,0,1.7,0
119946,73229.0547,0.1,0,0.7,0,0.1,0,0.3,0,0.07,1,1,0,0.07,1,1.6,0,1.1,0
119947,45008.10928,0.2,0,1,0,0.07,1,0.5,0,0.1,0,0.7,0,0.07,1,3.1,0,1.6,0
119948,294395.1894,0.4,0,2.1,0,0.2,0,1.1,0,0.2,0,2.7,0,0.07,1,13.1,0,8.4,0
119949,60312.0534,0.6,0,0.3,0,0.07,1,0.3,0,0.2,0,0.4,0,0.1,0,5.9,0,0.6,0
119951,30889.22713,0.8,0,2.6,0,0.9,0,2.2,0,0.2,0,6.6,0,0.07,1,10.4,0,11.2,0
119952,43745.30912,0.07,1,0.5,0,0.07,1,0.3,0,0.07,1,0.7,0,0.07,1,0.9,0,0.5,0
119954,0,,,,,,,,,,,,,,,,,,
119957,67022.27924,0.1,0,0.3,0,0.1,0,0.2,0,0.1,0,0.7,0,0.07,1,1.4,0,0.6,0
119958,101134.6468,0.07,1,1.3,0,0.07,1,0.07,1,0.07,1,1.7,0,0.07,1,2.2,0,1.2,0
119959,77322.05428,0.3,0,5.8,0,0.2,0,0.7,0,0.2,0,3.6,0,0.07,1,6.1,0,5.3,0
119961,108175.9555,0.1,0,1.1,0,0.07,1,0.5,0,0.07,1,1.2,0,0.07,1,1.5,0,0.8,0
119965,82011.97018,0.1,0,1,0,0.2,0,0.4,0,0.07,1,1.2,0,0.07,1,3.8,0,1.8,0
119966,46167.07924,0.2,0,1.5,0,0.1,0,0.4,0,0.1,0,1.9,0,0.07,1,7.7,0,2.8,0
119969,0,,,,,,,,,,,,,,,,,,
119972,87744.53317,0.7,0,6.4,0,1.3,0,1.9,0,0.3,0,3.3,0,0.07,1,16.1,0,5.3,0
119981,61891.34507,0.1,0,0.2,0,0.07,1,0.1,0,0.2,0,0.5,0,0.07,1,1.1,0,0.2,0
119985,37885.60899,0.2,0,1.2,0,1.2,0,0.6,0,0.07,1,1.3,0,0.2,0,5,0,3.1,0
119988,13899.07633,0.07,1,0.8,0,0.07,1,1.3,0,0.07,1,0.7,0,0.07,1,1.6,0,0.6,0
119989,42565.0344,0.2,0,1.2,0,0.07,1,0.4,0,0.3,0,1.4,0,0.07,1,3.1,0,1.4,0
120000,38003.75173,0.1,0,0.2,0,0.07,1,0.3,0,0.1,0,0.3,0,0.1,0,0.7,0,0.2,0
120005,57691.3262,0.2,0,1.4,0,0.07,1,1.5,0,0.2,0,1.8,0,0.07,1,5.4,0,2.2,0
120012,65251.56205,0.2,0,0.4,0,0.1,0,0.4,0,0.1,0,0.7,0,0.07,1,2.4,0,0.6,0
120017,18091.22416,2.1,0,1,0,0.07,1,0.9,0,1.5,0,1,0,0.07,1,27.3,0,4.2,0
120021,47860.96062,0.2,0,1.2,0,0.07,1,0.7,0,0.2,0,1.2,0,0.07,1,3.7,0,1.1,0
120022,47920.45896,1,0,1.1,0,0.2,0,1.9,0,0.2,0,7.3,0,0.07,1,2.9,0,1.1,0
120023,0,,,,,,,,,,,,,,,,,,
120025,112571.6751,0.07,1,1,0,0.07,1,0.4,0,0.07,1,0.8,0,0.07,1,0.9,0,0.4,0
120026,46153.52779,0.4,0,0.5,0,0.07,1,1.2,0,0.5,0,3.1,0,0.07,1,3.4,0,0.5,0
120040,11184.93151,5.4,0,2.5,0,0.07,1,3.1,0,1.7,0,1.7,0,0.07,1,95.1,0,15,0
120047,102728.1398,0.3,0,1.1,0,0.5,0,0.8,0,0.2,0,1.6,0,0.07,1,5,0,2.5,0
120048,84099.20192,0.3,0,0.3,0,0.07,1,0.6,0,0.3,0,1,0,0.07,1,1.2,0,0.3,0
120049,29196.52457,0.3,0,3,0,0.4,0,0.8,0,0.2,0,3.6,0,0.07,1,14.1,0,9.8,0
120054,32598.02646,0.2,0,1.2,0,0.2,0,1,0,0.1,0,2.3,0,0.07,1,2.5,0,1.9,0
120068,23864.66548,0.07,1,1.4,0,0.07,1,0.2,0,0.07,1,1,0,0.07,1,1.1,0,0.4,0
120074,0,,,,,,,,,,,,,,,,,,
120076,88399.4418,0.1,0,2.1,0,0.07,1,0.3,0,0.07,1,1,0,0.07,1,4.6,0,0.9,0
120080,26541.85091,0.2,0,1.3,0,0.07,1,1,0,0.1,0,2,0,0.07,1,2.2,0,1.7,0
120085,75403.44792,0.2,0,0.6,0,0.1,0,0.4,0,0.1,0,1,0,0.07,1,3.2,0,0.9,0
120089,48837.40612,0.3,0,1.2,0,0.07,1,1,0,0.3,0,2.2,0,0.07,1,3.3,0,1.3,0
120091,61347.68555,2.4,0,6.1,0,0.5,0,5.1,0,2.3,0,5.6,0,0.07,1,26.7,0,7.4,0
120094,40418.71474,0.07,1,1.8,0,0.07,1,0.6,0,0.07,1,3.7,0,0.07,1,3,0,2.6,0
120096,65130.94927,0.5,0,1.8,0,0.4,0,1.5,0,0.3,0,1.7,0,0.07,1,9.1,0,2.4,0
120097,35970.9776,0.1,0,1,0,0.07,1,0.3,0,0.2,0,2.4,0,0.07,1,2.5,0,1.1,0
120099,66682.30393,0.07,1,0.6,0,0.07,1,0.2,0,0.07,1,0.4,0,0.07,1,1.4,0,0.3,0
120107,78423.12798,0.3,0,1.4,0,0.1,0,1.4,0,0.2,0,1.4,0,0.07,1,7.8,0,1.6,0
120110,25915.8899,0.07,1,0.6,0,0.2,0,0.2,0,0.07,1,1.2,0,0.07,1,1,0,0.3,0
120114,80291.4241,0.1,0,0.6,0,0.1,0,0.3,0,0.07,1,0.9,0,0.07,1,1.1,0,0.4,0
120120,58227.76138,0.2,0,1.3,0,0.07,1,2.1,0,0.1,0,1.1,0,0.07,1,2.7,0,1.8,0
120122,59790.90344,0.9,0,2.6,0,0.3,0,2.4,0,0.6,0,1.8,0,0.07,1,27.7,0,7.6,0
120123,38011.33966,0.4,0,1.5,0,0.4,0,1,0,0.4,0,2.4,0,0.07,1,6.3,0,2.8,0
120127,31769.30574,0.2,0,0.3,0,0.07,1,0.2,0,0.2,0,0.7,0,0.07,1,0.8,0,0.3,0
120129,208153.1399,0.3,0,1.1,0,0.1,0,0.7,0,0.2,0,2.6,0,0.07,1,2.4,0,1.2,0
120141,44771.90916,0.2,0,2,0,0.3,0,0.7,0,0.1,0,2.1,0,0.07,1,11.8,0,5.7,0
120145,48139.62677,0.1,0,3,0,0.07,1,0.6,0,0.07,1,1.8,0,0.07,1,1.9,0,0.7,0
120148,12449.0314,0.3,0,2.9,0,0.4,0,0.6,0,0.2,0,6.6,0,0.07,1,12.9,0,7,0
120149,776766.2474,0.2,0,0.6,0,0.07,1,0.1,0,0.07,1,1,0,0.07,1,2.5,0,1.2,0
120153,32071.88524,0.1,0,0.2,0,0.07,1,0.1,0,0.07,1,0.3,0,0.07,1,1.3,0,0.3,0
120155,0,,,,,,,,,,,,,,,,,,
120158,11898.45487,0.8,0,2.2,0,0.4,0,2,0,0.6,0,1.5,0,0.07,1,11.6,0,3.6,0
120159,36708.28838,0.2,0,2.2,0,0.5,0,0.7,0,0.2,0,1.8,0,0.07,1,4.9,0,3.3,0
120163,32607.15133,2.4,0,6.5,0,0.07,1,2.2,0,1.9,0,5.1,0,0.2,0,28,0,3.6,0
120169,17333.0734,0.4,0,6.4,0,0.1,0,1.5,0,0.3,0,2.4,0,0.07,1,5.2,0,1.8,0
120171,52989.15562,0.2,0,1,0,0.07,1,0.3,0,0.1,0,1.7,0,0.07,1,1,0,0.3,0
120177,42561.2375,1.2,0,1.8,0,0.1,0,2.1,0,1.2,0,1.7,0,0.07,1,14.5,0,2.5,0
120178,17173.8516,0.2,0,1,0,0.07,1,1.2,0,0.1,0,1,0,0.07,1,2.6,0,1.4,0
120179,122961.0882,0.3,0,0.6,0,0.07,1,0.6,0,0.3,0,1,0,0.07,1,2.3,0,0.9,0
120180,212542.6268,0.1,0,1.1,0,0.1,0,0.3,0,0.07,1,1.4,0,0.07,1,2.1,0,1.5,0
120181,73092.98375,0.2,0,0.8,0,0.1,0,0.07,1,0.07,1,1.5,0,0.07,1,1.7,0,0.4,0
120185,0,,,,,,,,,,,,,,,,,,
120188,73111.31165,0.1,0,2.9,0,0.1,0,1.1,0,0.07,1,1.8,0,0.2,0,5.1,0,2.1,0
120190,184727.7966,0.2,0,2.3,0,0.2,0,0.5,0,0.1,0,0.9,0,0.07,1,10.3,0,3.1,0
120193,8514.259766,0.3,0,0.4,0,0.07,1,0.4,0,0.2,0,0.8,0,0.1,0,1.9,0,0.9,0
120194,42641.76854,0.07,1,0.7,0,0.1,0,0.4,0,0.07,1,0.8,0,0.07,1,1,0,0.3,0
120195,245789.1431,0.2,0,1.7,0,0.07,1,1.1,0,0.1,0,1.4,0,0.07,1,2,0,1.1,0
120196,152795.8165,0.2,0,0.8,0,0.2,0,0.6,0,0.2,0,1.9,0,0.07,1,2.4,0,1,0
120198,49627.41299,0.1,0,0.7,0,0.2,0,0.3,0,0.07,1,1.2,0,0.07,1,1.8,0,1.1,0
120206,33600.92588,0.1,0,1.5,0,0.07,1,0.3,0,0.1,0,1.2,0,0.07,1,4.1,0,2.6,0
120207,0,,,,,,,,,,,,,,,,,,
120210,27268.90091,0.07,1,0.9,0,0.07,1,0.3,0,0.07,1,1.3,0,0.07,1,0.9,0,0.5,0
120211,32815.78419,0.3,0,0.07,1,0.07,1,0.4,0,0.3,0,0.2,0,0.07,1,2.3,0,0.4,0
120214,414973.6339,0.2,0,1.4,0,0.1,0,0.7,0,0.1,0,2.1,0,0.07,1,3.1,0,1.8,0
120217,0,,,,,,,,,,,,,,,,,,
120219,0,,,,,,,,,,,,,,,,,,
120223,24058.32122,0.3,0,1.6,0,0.3,0,1,0,0.4,0,2.9,0,0.07,1,8.6,0,3.7,0
120228,24282.59819,0.8,0,1.9,0,0.07,1,2.1,0,1.4,0,2.3,0,0.07,1,10.5,0,1.8,0
120244,38313.0224,0.2,0,3,0,0.07,1,0.5,0,0.1,0,1.6,0,0.07,1,2.8,0,1.5,0
120248,35942.22571,0.1,0,2.4,0,0.5,0,0.6,0,0.07,1,3.2,0,0.07,1,4,0,4.2,0
120249,206109.2579,0.07,1,2.7,0,0.1,0,0.6,0,0.07,1,1.7,0,0.07,1,2.9,0,1.6,0
120252,320449.1715,0.3,0,0.9,0,0.3,0,1.1,0,0.2,0,1.7,0,0.07,1,6.5,0,1.9,0
120255,121147.1616,0.1,0,0.5,0,0.1,0,0.2,0,0.07,1,0.8,0,0.07,1,0.7,0,0.4,0
120256,40669.61527,0.07,1,1.7,0,0.3,0,0.1,0,0.07,1,0.7,0,0.07,1,2.5,0,0.8,0
120257,163739.0065,0.3,0,3.9,0,0.07,1,5.2,0,0.07,1,2.5,0,0.07,1,9.3,0,6.4,0
120260,130881.5222,0.2,0,0.9,0,0.07,1,0.9,0,0.07,1,0.7,0,0.07,1,1.7,0,0.8,0
120264,16092.98793,0.1,0,0.3,0,0.07,1,0.4,0,0.07,1,0.5,0,0.07,1,0.8,0,0.4,0
120278,27557.23781,0.07,1,2.6,0,0.07,1,0.07,1,0.07,1,1.8,0,0.2,0,2.2,0,1.3,0
120285,32376.54845,0.2,0,2,0,0.5,0,0.7,0,0.2,0,2.2,0,0.07,1,6.3,0,3.1,0
120286,17255.03191,0.2,0,1.1,0,0.2,0,0.4,0,0.1,0,0.9,0,0.07,1,2.1,0,1.1,0
120287,107078.6615,0.2,0,2.8,0,0.2,0,1.8,0,0.1,0,2.2,0,0.07,1,5,0,2.1,0
120290,15183.47874,0.1,0,0.6,0,0.07,1,0.3,0,0.07,1,1,0,0.07,1,1.6,0,0.7,0
120292,26480.79499,1.8,0,1.1,0,0.1,0,1.9,0,1.7,0,1.8,0,0.07,1,26.2,0,3.4,0
120310,47573.28369,0.3,0,1.4,0,0.4,0,0.7,0,0.2,0,1.6,0,0.07,1,3.6,0,1.3,0
120313,21821.29296,0.1,0,1.1,0,0.07,1,0.3,0,0.1,0,1.1,0,0.07,1,1.7,0,0.6,0
120315,16627.75643,0.2,0,1.1,0,0.07,1,0.6,0,0.07,1,1.3,0,0.07,1,5.5,0,1.9,0
120316,0,,,,,,,,,,,,,,,,,,
120318,86313.13005,0.1,0,0.5,0,0.07,1,0.4,0,0.07,1,0.7,0,0.07,1,3.3,0,0.5,0
120324,0,,,,,,,,,,,,,,,,,,
120325,64679.97317,0.1,0,0.8,0,0.07,1,1.5,0,0.07,1,0.9,0,0.07,1,1.2,0,0.6,0
120326,0,,,,,,,,,,,,,,,,,,
120331,131589.9777,0.3,0,2,0,0.07,1,0.8,0,0.2,0,1.5,0,0.07,1,7.5,0,1.2,0
120334,204352.1899,0.2,0,0.6,0,0.2,0,0.3,0,0.07,1,1.3,0,0.07,1,2,0,0.8,0
120335,48796.55558,0.2,0,0.7,0,0.07,1,0.5,0,0.2,0,1.5,0,0.07,1,1.3,0,0.6,0
120336,79573.20756,0.2,0,1.6,0,0.5,0,0.4,0,0.1,0,1.4,0,0.07,1,8.1,0,3.3,0
120339,0,,,,,,,,,,,,,,,,,,
120346,49034.73436,0.1,0,1,0,0.07,1,0.5,0,0.1,0,0.7,0,0.07,1,1.6,0,0.5,0
120350,193023.0194,0.07,1,0.7,0,0.07,1,0.6,0,0.07,1,2.6,0,0.07,1,2.3,0,1.1,0
120353,48405.63444,0.07,1,1.6,0,0.4,0,0.4,0,0.07,1,1.9,0,0.07,1,3.3,0,3,0
120354,53332.70613,0.1,0,19.6,0,0.5,0,0.5,0,0.07,1,5.7,0,0.07,1,7.7,0,2.6,0
120355,31038.29836,0.2,0,0.4,0,0.1,0,1,0,0.3,0,0.6,0,0.07,1,1.4,0,0.5,0
120356,0,,,,,,,,,,,,,,,,,,
120358,64659.40664,0.2,0,1.2,0,0.2,0,0.4,0,0.2,0,0.9,0,0.07,1,6,0,2,0
120365,39155.15454,0.1,0,1,0,0.07,1,0.5,0,0.07,1,1.3,0,0.07,1,1.4,0,0.6,0
120367,200507.4578,0.2,0,3.2,0,0.07,1,0.5,0,0.1,0,1.1,0,0.07,1,5.1,0,2.3,0
120372,0,,,,,,,,,,,,,,,,,,
120378,44986.46132,0.1,0,2.5,0,0.07,1,0.4,0,0.1,0,1.5,0,0.07,1,2.4,0,1.5,0
120380,137866.8636,0.07,1,0.9,0,0.5,0,0.3,0,0.07,1,1.3,0,0.07,1,1.7,0,1,0
120387,124640.8034,0.4,0,2.7,0,0.2,0,1,0,1,0,2,0,0.07,1,5.3,0,3.2,0
120396,22772.67348,0.5,0,3.5,0,0.6,0,1,0,0.4,0,2.8,0,0.07,1,6.6,0,3,0
120404,158918.6782,0.3,0,3.4,0,0.2,0,0.5,0,0.4,0,0.9,0,0.07,1,2.5,0,0.8,0
120411,34139.70546,0.4,0,0.5,0,0.07,1,0.5,0,0.3,0,0.6,0,0.07,1,4.8,0,0.8,0
120413,43172.07031,0.07,1,0.5,0,0.07,1,0.07,1,0.07,1,1,0,0.07,1,1.1,0,0.5,0
120415,97309.64957,0.6,0,2.1,0,0.2,0,1.2,0,0.3,0,2.5,0,0.07,1,6.7,0,1.5,0
120418,54798.16917,0.1,0,0.9,0,0.1,0,0.6,0,0.07,1,1.3,0,0.07,1,3.6,0,1.7,0
120419,35810.48431,0.5,0,1.5,0,4.4,0,1.3,0,0.3,0,3.2,0,0.07,1,12.8,0,6.6,0
120420,155556.4033,0.2,0,1.8,0,0.07,1,0.5,0,0.2,0,1.6,0,0.07,1,5,0,1.8,0
120426,31076.41838,0.1,0,0.3,0,0.1,0,0.1,0,0.1,0,0.4,0,0.07,1,1,0,0.4,0
120427,21642.99454,0.1,0,2.6,0,0.07,1,0.3,0,0.07,1,1.6,0,0.07,1,1.3,0,0.5,0
120431,0,,,,,,,,,,,,,,,,,,
120435,26660.08226,0.07,1,2.4,0,0.3,0,0.5,0,0.07,1,1.4,0,0.07,1,2.2,0,1.6,0
120440,45463.28359,0.4,0,2.4,0,0.07,1,0.5,0,0.2,0,2.1,0,0.07,1,3.4,0,1.1,0
120443,175765.3527,0.07,1,0.7,0,0.1,0,0.8,0,0.07,1,1.2,0,0.07,1,1.4,0,0.5,0
120444,36149.93571,0.3,0,0.5,0,0.07,1,1,0,0.2,0,3.2,0,0.07,1,2.5,0,0.7,0
120461,58548.97364,0.1,0,1,0,0.2,0,0.1,0,0.07,1,1.5,0,0.07,1,2.8,0,1.1,0
120465,21187.4668,0.2,0,2,0,0.07,1,0.7,0,0.2,0,1.6,0,0.07,1,7.6,0,2.8,0
120466,0,,,,,,,,,,,,,,,,,,
120467,48863.07356,0.3,0,1.2,0,0.07,1,0.7,0,0.07,1,4,0,0.2,0,3.4,0,1.8,0
120471,39110.03402,0.07,1,0.9,0,0.8,0,0.7,0,0.07,1,1.2,0,0.07,1,1.8,0,1.1,0
120475,115694.2046,0.2,0,1.6,0,0.2,0,1.3,0,0.07,1,1.7,0,0.07,1,3.2,0,1.5,0
120483,228940.4314,0.07,1,2,0,4.1,0,0.2,0,0.07,1,4.2,0,0.07,1,2.7,0,0.9,0
120490,72109.35435,0.1,0,0.8,0,0.07,1,0.4,0,0.07,1,0.7,0,0.07,1,1.2,0,0.6,0
120500,37353.94856,0.07,1,0.6,0,0.07,1,0.2,0,0.07,1,0.6,0,0.07,1,9.4,0,0.7,0
120501,0,,,,,,,,,,,,,,,,,,
120503,47560.45813,0.1,0,0.6,0,0.07,1,0.2,0,0.1,0,0.9,0,0.07,1,1.4,0,0.6,0
120505,27527.57961,0.1,0,1.4,0,0.2,0,0.3,0,0.07,1,0.9,0,0.07,1,1.9,0,0.7,0
120517,0,,,,,,,,,,,,,,,,,,
120522,29911.0255,0.3,0,4.7,0,0.07,1,0.9,0,0.1,0,1.5,0,0.07,1,5.2,0,5.7,0
120531,49023.72747,0.5,0,1,0,0.4,0,0.8,0,0.3,0,1.9,0,0.07,1,12.2,0,2.2,0
120535,14353.68433,0.2,0,1,0,0.6,0,0.5,0,0.2,0,0.4,0,0.07,1,4,0,1.6,0
120536,0,,,,,,,,,,,,,,,,,,
120555,0,,,,,,,,,,,,,,,,,,
120556,276398.9904,0.2,0,1.4,0,0.07,1,1.6,0,0.07,1,2.7,0,0.07,1,3.5,0,1.4,0
120558,19574.13596,0.07,1,2.6,0,0.07,1,0.3,0,0.07,1,0.9,0,0.07,1,4.6,0,2.2,0
120560,0,,,,,,,,,,,,,,,,,,
120563,11967.82117,0.3,0,1.6,0,0.1,0,0.8,0,0.2,0,1.2,0,0.07,1,5.7,0,1,0
120566,14602.01118,0.07,1,0.3,0,0.07,1,0.1,0,0.1,0,0.2,0,0.07,1,1.6,0,0.3,0
120571,39523.11122,1.3,0,1.2,0,0.3,0,2.4,0,1.1,0,2.3,0,0.07,1,12.9,0,2.5,0
120573,37240.32243,0.2,0,0.1,0,0.07,1,0.2,0,0.2,0,0.3,0,0.07,1,1.5,0,0.2,0
120583,0,,,,,,,,,,,,,,,,,,
120593,22360.64356,0.1,0,2.5,0,0.07,1,0.5,0,0.1,0,3,0,0.07,1,7.4,0,5.2,0
120600,33988.58433,0.2,0,8.4,0,0.8,0,0.7,0,0.1,0,3.2,0,0.07,1,7.5,0,5.6,0
120609,140794.7881,0.2,0,1.9,0,0.3,0,0.7,0,0.07,1,1.4,0,0.07,1,4.8,0,2.2,0
120610,30142.08338,0.2,0,1,0,0.07,1,0.6,0,0.2,0,1.1,0,0.07,1,3.2,0,1.5,0
120611,141195.4732,0.2,0,0.4,0,0.6,0,0.3,0,0.2,0,0.9,0,0.07,1,1.7,0,0.6,0
120616,16502.91466,0.3,0,0.8,0,0.07,1,0.6,0,0.2,0,0.2,0,0.07,1,7.3,0,1.7,0
120625,51859.25568,0.2,0,3.1,0,0.1,0,0.4,0,0.2,0,0.4,0,0.07,1,6.9,0,1.6,0
120629,0,,,,,,,,,,,,,,,,,,
120635,35794.35402,0.2,0,2.1,0,0.07,1,0.6,0,0.1,0,1.3,0,0.07,1,1.9,0,0.7,0
120636,43330.81287,0.1,0,1.3,0,0.07,1,0.4,0,0.07,1,1.5,0,0.07,1,1,0,0.9,0
120640,20027.15797,0.2,0,0.7,0,0.07,1,0.8,0,0.2,0,1.2,0,0.07,1,1.3,0,0.6,0
120647,63437.78523,0.3,0,3.4,0,0.1,0,1.7,0,0.2,0,2.3,0,0.07,1,5.6,0,2.6,0
120648,110875.6969,0.2,0,1,0,0.1,0,0.6,0,0.1,0,2.9,0,0.07,1,3.2,0,1.3,0
120649,22472.05983,0.2,0,0.6,0,0.07,1,0.6,0,0.2,0,1.3,0,0.07,1,2,0,0.3,0
120652,15074.44436,1.1,0,0.4,0,0.07,1,0.4,0,0.5,0,0.9,0,0.07,1,13.8,0,0.7,0
120658,125614.3061,0.1,0,0.4,0,0.2,0,0.2,0,0.07,1,0.4,0,0.07,1,1.6,0,0.5,0
120659,0,,,,,,,,,,,,,,,,,,
120675,116839.4602,0.1,0,0.4,0,0.07,1,0.2,0,0.1,0,0.6,0,0.07,1,1.3,0,0.5,0
120676,158944.0531,0.1,0,0.3,0,0.07,1,0.4,0,0.07,1,1.7,0,0.07,1,0.7,0,0.3,0
120688,52177.42476,0.07,1,0.07,1,0.1,0,0.07,1,0.07,1,0.07,1,0.07,1,0.07,1,0.07,1
120694,60618.7781,0.2,0,2.3,0,0.07,1,0.5,0,0.07,1,3,0,0.07,1,4.6,0,4,0
120695,48254.54993,0.07,1,1.1,0,0.6,0,1,0,0.1,0,1.7,0,0.07,1,3.4,0,1.5,0
120709,27481.35987,0.1,0,0.5,0,0.07,1,0.3,0,0.07,1,0.9,0,0.07,1,1.7,0,0.9,0
120717,29568.0289,0.5,0,0.3,0,0.07,1,0.5,0,0.3,0,0.6,0,0.07,1,3.8,0,0.6,0
120718,83815.02027,0.2,0,3.2,0,0.8,0,1,0,0.1,0,2.3,0,0.07,1,15.4,0,6.8,0
120720,87133.88785,0.2,0,1,0,0.07,1,0.5,0,0.2,0,0.8,0,0.07,1,2.7,0,1,0
120727,207181.028,0.3,0,0.1,0,0.07,1,0.2,0,0.2,0,0.3,0,0.07,1,4.2,0,0.3,0
120730,63192.00646,0.8,0,1.4,0,0.07,1,2.4,0,0.4,0,2.9,0,0.07,1,16.1,0,2.3,0
120731,27131.79879,0.1,0,0.7,0,0.2,0,0.1,0,0.1,0,0.8,0,0.07,1,0.9,0,0.5,0
120733,18901.99072,0.4,0,2.5,0,0.1,0,1.1,0,0.1,0,3.4,0,0.07,1,12.7,0,4.6,0
120742,15140.69333,0.2,0,0.9,0,0.1,0,0.5,0,0.07,1,2,0,0.07,1,3,0,2,0
120746,0,,,,,,,,,,,,,,,,,,
120747,20370.63618,0.1,0,9.6,0,0.07,1,0.8,0,0.07,1,1.4,0,0.07,1,8.8,0,3.6,0
120748,34963.54639,0.2,0,1.3,0,0.07,1,0.5,0,0.07,1,1.7,0,0.1,0,3.2,0,1.8,0
120756,16533.4903,0.07,1,0.3,0,0.1,0,0.1,0,0.07,1,0.5,0,0.07,1,0.3,0,0.3,0
120762,59780.36085,0.2,0,0.8,0,0.07,1,0.4,0,0.2,0,1,0,0.07,1,4,0,1.9,0
120763,0,,,,,,,,,,,,,,,,,,
120769,51545.8175,0.2,0,0.8,0,0.07,1,0.4,0,0.2,0,1.5,0,0.07,1,2.7,0,0.8,0
120770,0,,,,,,,,,,,,,,,,,,
120786,47457.96696,0.1,0,0.6,0,0.07,1,0.6,0,0.07,1,1.4,0,0.07,1,1,0,0.4,0
120790,25612.17338,0.2,0,1.1,0,0.1,0,0.4,0,0.07,1,2.7,0,0.07,1,1.4,0,0.5,0
120791,15140.69333,0.3,0,0.9,0,0.1,0,0.4,0,0.1,0,1,0,0.07,1,3.7,0,1.6,0
120793,19977.70478,3.7,0,1.4,0,0.2,0,3.2,0,1,0,1.9,0,0.07,1,23.1,0,5.9,0
120796,33529.39865,0.2,0,0.8,0,0.2,0,0.3,0,0.1,0,0.9,0,0.07,1,3,0,1.3,0
120805,48771.10913,0.07,1,0.3,0,0.07,1,0.3,0,0.07,1,0.6,0,0.07,1,0.5,0,0.3,0
120810,172353.8544,0.2,0,0.3,0,0.07,1,0.6,0,0.2,0,1.7,0,0.07,1,1.8,0,0.6,0
120814,0,,,,,,,,,,,,,,,,,,
120820,52565.31773,0.1,0,0.3,0,0.07,1,0.3,0,0.07,1,1,0,0.07,1,1.3,0,0.4,0
120825,40200.10751,0.1,0,0.2,0,0.07,1,0.5,0,0.1,0,0.8,0,0.07,1,1.7,0,0.4,0
120828,75633.86311,0.2,0,2.1,0,0.07,1,1.4,0,0.1,0,3.6,0,0.07,1,2.6,0,1.7,0
120838,14748.90461,0.07,1,0.6,0,0.07,1,0.07,1,0.07,1,0.5,0,0.2,0,0.2,0,0.2,0
120842,83879.7799,0.07,1,0.07,1,0.07,1,0.07,1,0.07,1,0.1,0,0.07,1,0.3,0,0.07,1
120843,39579.64259,0.6,0,1.4,0,0.1,0,1.8,0,0.6,0,1.9,0,0.07,1,4.6,0,1.8,0
120847,27228.43509,1.1,0,5.5,0,0.8,0,3.2,0,0.9,0,3.4,0,0.07,1,16.5,0,3.9,0
120849,225758.1537,0.2,0,7.1,0,0.07,1,0.5,0,0.1,0,1.3,0,0.07,1,5,0,1.5,0
120852,622968.8468,0.3,0,1.1,0,1.5,0,0.9,0,0.1,0,2.9,0,0.07,1,6.1,0,4.5,0
120862,30305.55352,0.2,0,2,0,0.7,0,0.6,0,0.2,0,0.5,0,0.07,1,19.2,0,3.8,0
120864,0,,,,,,,,,,,,,,,,,,
120871,257531.1172,0.1,0,0.4,0,0.2,0,0.4,0,0.07,1,1,0,0.07,1,1.2,0,0.6,0
120872,18665.11335,0.5,0,3.9,0,0.7,0,1.4,0,0.2,0,11.5,0,0.07,1,29,0,16.5,0
120877,60403.69922,0.2,0,2,0,0.2,0,0.3,0,0.07,1,1.2,0,0.07,1,2.1,0,0.8,0
120878,36336.39633,0.2,0,3.8,0,0.07,1,0.6,0,0.1,0,3.2,0,0.07,1,4.6,0,1.9,0
120879,20140.63154,0.3,0,0.4,0,0.07,1,0.5,0,0.2,0,1,0,0.07,1,1.4,0,0.3,0
120880,67022.27924,0.1,0,0.2,0,0.1,0,0.1,0,0.2,0,0.5,0,0.07,1,1,0,0.3,0
120885,62296.0114,0.7,0,0.6,0,0.07,1,0.7,0,0.8,0,1.1,0,0.07,1,6.6,0,0.8,0
120890,42835.22672,0.3,0,0.4,0,0.1,0,0.4,0,0.3,0,1,0,0.07,1,2.7,0,0.7,0
120897,22332.90574,2.2,0,0.3,0,0.3,0,0.6,0,0.7,0,0.8,0,0.07,1,14.6,0,0.9,0
120908,130550.9801,0.07,1,0.5,0,0.07,1,0.07,1,0.07,1,0.6,0,0.07,1,0.8,0,0.3,0
120909,55518.04222,1.1,0,1.5,0,0.2,0,1.7,0,0.6,0,2,0,0.07,1,10.8,0,2.6,0
120921,75617.35562,0.1,0,1.2,0,0.07,1,0.3,0,0.2,0,0.8,0,0.07,1,2.8,0,0.8,0
120922,71899.44791,1,0,1.6,0,0.2,0,1.4,0,1,0,1,0,0.07,1,11.6,0,1.6,0
120926,248703.8767,0.3,0,1.4,0,0.4,0,0.7,0,0.2,0,2.5,0,0.07,1,5.9,0,3.6,0
120934,0,,,,,,,,,,,,,,,,,,
120935,40515.55712,0.07,1,0.4,0,0.07,1,0.07,1,0.07,1,0.5,0,0.07,1,0.7,0,0.3,0
120936,55817.93313,0.1,0,1.5,0,0.07,1,0.3,0,0.07,1,0.9,0,0.07,1,3.7,0,1.5,0
120941,20204.20639,0.2,0,1.1,0,0.07,1,0.4,0,0.07,1,1.6,0,0.07,1,2.1,0,1.1,0
120947,53711.64094,0.2,0,0.7,0,0.2,0,0.6,0,0.1,0,2.3,0,0.07,1,2.5,0,1.4,0
120950,53349.86073,0.2,0,0.9,0,0.07,1,0.6,0,0.1,0,1,0,0.07,1,2.3,0,1.9,0
120964,212604.061,0.4,0,1.1,0,0.6,0,0.7,0,0.4,0,2.2,0,0.1,0,3.1,0,1.8,0
120967,127597.9504,0.1,0,1.7,0,0.07,1,0.5,0,0.1,0,3.5,0,0.07,1,3.1,0,2.9,0
120972,0,,,,,,,,,,,,,,,,,,
120974,0,,,,,,,,,,,,,,,,,,
120978,43419.13005,0.1,0,1,0,0.07,1,0.3,0,0.07,1,1,0,0.07,1,1.5,0,0.8,0
120980,40194.9908,0.07,1,0.4,0,0.07,1,0.07,1,0.07,1,0.7,0,0.07,1,0.7,0,0.4,0
120982,100778.9463,0.1,0,0.7,0,0.07,1,0.3,0,0.07,1,1,0,0.07,1,4,0,0.8,0
120983,42552.36233,0.2,0,2.7,0,0.07,1,0.5,0,0.07,1,2.4,0,0.07,1,2.4,0,1.1,0
120984,340829.0624,0.07,1,0.3,0,0.1,0,0.07,1,0.07,1,0.4,0,0.07,1,0.8,0,0.5,0
120992,0,,,,,,,,,,,,,,,,,,
120995,51558.30079,0.1,0,1.1,0,0.1,0,0.1,0,0.07,1,1,0,0.07,1,1,0,0.5,0
120999,18562.26198,0.3,0,0.8,0,0.4,0,0.4,0,0.1,0,0.5,0,0.07,1,4,0,0.9,0
121000,113011.1427,0.1,0,1.4,0,0.07,1,0.4,0,0.1,0,1.3,0,0.07,1,2.5,0,1.4,0
121004,23776.10629,0.07,1,0.7,0,0.07,1,0.5,0,0.07,1,0.6,0,0.07,1,0.5,0,0.2,0
121005,72710.54701,0.2,0,0.7,0,0.8,0,0.5,0,0.1,0,0.8,0,0.07,1,5,0,2.3,0
121014,58420.12013,0.07,1,0.5,0,0.4,0,0.1,0,0.07,1,0.7,0,0.07,1,2.2,0,0.5,0
121022,205618.5508,0.3,0,1,0,0.1,0,0.4,0,0.07,1,1.7,0,0.07,1,3.8,0,1.7,0
121029,22806.2105,0.5,0,10.3,0,0.3,0,2.2,0,0.2,0,3.8,0,0.07,1,9.5,0,5.3,0
121041,13656.51996,0.1,0,1,0,0.07,1,2.1,0,0.07,1,1,0,0.07,1,1.9,0,1.4,0
121048,0,,,,,,,,,,,,,,,,,,
121060,58092.65508,0.2,0,1.8,0,0.07,1,0.3,0,0.2,0,1.8,0,0.07,1,2.5,0,1.7,0
121061,30290.3144,0.1,0,0.4,0,0.4,0,0.07,1,0.2,0,0.2,0,0.07,1,0.7,0,0.07,1
121063,42542.99934,0.07,1,0.07,1,0.07,1,0.3,0,0.1,0,0.5,0,0.07,1,0.8,0,0.2,0
121064,124057.0339,0.07,1,0.07,1,0.07,1,0.07,1,0.07,1,0.2,0,0.07,1,0.4,0,0.07,1
121067,26406.21617,0.2,0,1.7,0,0.07,1,0.9,0,0.2,0,2.2,0,0.07,1,3.8,0,2.3,0
121068,100315.95,0.1,0,0.5,0,0.1,0,0.3,0,0.1,0,0.4,0,0.1,0,1.7,0,1.4,0
121070,31589.25715,0.1,0,0.2,0,0.07,1,0.2,0,0.1,0,0.6,0,0.07,1,0.4,0,0.07,1
121072,38970.8768,0.07,1,2.4,0,0.2,0,0.6,0,0.07,1,1.1,0,0.07,1,3,0,1.8,0
121073,93077.29059,0.8,0,2.9,0,0.3,0,1.7,0,0.3,0,2.6,0,0.07,1,29.5,0,7.5,0
121077,63037.87197,0.4,0,1.3,0,0.07,1,0.9,0,0.2,0,1.4,0,0.07,1,11.1,0,1.7,0
121082,79280.11466,0.07,1,0.5,0,0.07,1,1.5,0,0.07,1,0.5,0,0.07,1,1.3,0,0.4,0
121092,14738.04065,0.1,0,0.5,0,0.1,0,0.3,0,0.07,1,1.1,0,0.07,1,1.9,0,0.9,0
121099,71791.47007,0.2,0,1.3,0,0.4,0,1.5,0,0.07,1,2.1,0,0.07,1,4.3,0,3.6,0
121106,33736.32499,0.5,0,2.2,0,0.07,1,1,0,0.5,0,2.6,0,0.2,0,8.6,0,1.9,0
121111,220259.9288,0.2,0,2.3,0,0.07,1,0.6,0,0.2,0,2.3,0,0.2,0,5.3,0,1.8,0
121114,31279.72069,0.2,0,0.8,0,0.5,0,1.6,0,0.1,0,0.8,0,0.07,1,1.6,0,0.5,0
121115,15673.64946,0.3,0,1.8,0,0.07,1,0.7,0,0.1,0,1,0,0.07,1,6.5,0,2.6,0
121119,32033.80202,0.07,1,0.7,0,0.07,1,0.1,0,0.07,1,0.7,0,0.07,1,0.8,0,0.2,0
121122,0,,,,,,,,,,,,,,,,,,
121134,59263.82898,0.07,1,0.9,0,0.1,0,0.1,0,0.07,1,0.7,0,0.07,1,3.1,0,2.3,0
121135,507934.1217,0.2,0,0.8,0,0.07,1,0.2,0,0.1,0,1.1,0,0.07,1,1.3,0,0.9,0
121144,0,,,,,,,,,,,,,,,,,,
121150,0,,,,,,,,,,,,,,,,,,
121154,19153.22143,0.2,0,0.2,0,0.1,0,0.4,0,0.1,0,0.8,0,0.07,1,1.6,0,0.4,0
121157,41459.54523,0.3,0,1.7,0,0.6,0,0.5,0,0.2,0,1.4,0,0.07,1,8.3,0,3.2,0
121165,212658.736,0.2,0,1.4,0,0.2,0,0.4,0,0.1,0,1.2,0,0.07,1,3.2,0,1.2,0
121171,16514.23003,0.1,0,0.8,0,0.07,1,0.3,0,0.07,1,1.1,0,0.07,1,0.9,0,0.4,0
121175,32853.22024,0.1,0,1.1,0,0.07,1,0.6,0,0.1,0,0.7,0,0.07,1,4.1,0,1.1,0
121176,25663.74699,0.1,0,2.3,0,0.07,1,0.6,0,0.07,1,2.1,0,0.07,1,3.8,0,4.2,0
121192,109605.0317,0.07,1,0.6,0,0.07,1,0.2,0,0.07,1,0.8,0,0.07,1,0.9,0,0.5,0
121197,21420.79241,0.6,0,1.1,0,0.07,1,0.8,0,0.5,0,0.2,0,0.07,1,15,0,2.5,0
121199,71843.98543,0.07,1,2,0,0.07,1,0.3,0,0.07,1,1.3,0,0.07,1,1.3,0,0.7,0
121215,47699.44147,0.07,1,0.2,0,0.07,1,0.07,1,0.07,1,0.3,0,0.07,1,0.5,0,0.2,0
121225,25578.62487,0.07,1,0.7,0,0.07,1,0.5,0,0.07,1,1.1,0,0.07,1,0.7,0,0.3,0
121227,0,,,,,,,,,,,,,,,,,,
121236,0,,,,,,,,,,,,,,,,,,
121245,39615.2112,0.5,0,1.3,0,0.07,1,0.6,0,0.2,0,2,0,0.07,1,3.8,0,1.1,0
121247,41334.40972,0.6,0,0.8,0,0.07,1,0.6,0,0.3,0,1.4,0,0.07,1,5.7,0,0.9,0
121253,134131.0867,0.2,0,0.6,0,0.07,1,0.4,0,0.1,0,1.8,0,0.07,1,1.6,0,0.8,0
121259,96216.62413,0.2,0,0.7,0,0.07,1,0.3,0,0.2,0,0.8,0,0.07,1,3.1,0,0.5,0
121262,74024.59864,0.2,0,1.5,0,0.2,0,0.6,0,0.07,1,3.2,0,0.07,1,8.9,0,5.1,0
121279,207956.8715,0.2,0,1,0,0.07,1,0.4,0,0.2,0,1.5,0,0.07,1,3.3,0,1,0
121284,23095.39299,0.4,0,3,0,0.1,0,0.9,0,0.07,1,4.1,0,0.07,1,5.2,0,3.3,0
121291,232739.5317,0.3,0,8.4,0,0.2,0,0.8,0,0.2,0,1.4,0,0.07,1,13.5,0,4.5,0
121294,27303.61464,0.3,0,2.1,0,0.9,0,0.8,0,0.07,1,3.1,0,0.07,1,2.9,0,1.1,0
121295,97338.33365,0.3,0,1.3,0,0.1,0,0.7,0,0.2,0,2.7,0,0.07,1,4.9,0,1.3,0
121304,91294.91924,0.3,0,1.1,0,0.07,1,0.5,0,0.3,0,2.1,0,0.07,1,2.6,0,1.3,0
121319,206009.4961,0.3,0,1.7,0,0.1,0,0.4,0,0.07,1,1.4,0,0.1,0,5.1,0,1.9,0
121323,53987.52354,0.2,0,2.8,0,0.07,1,0.8,0,0.1,0,3.6,0,0.07,1,7.3,0,7.5,0
121326,53894.3523,1.2,0,2.3,0,0.1,0,2.7,0,1.1,0,3,0,0.07,1,10.2,0,2.7,0
121330,0,,,,,,,,,,,,,,,,,,
121334,81757.97095,1.8,0,5,0,0.2,0,2.6,0,0.7,0,8.9,0,0.07,1,10.4,0,2.7,0
121335,148227.1175,0.07,1,0.8,0,0.07,1,0.2,0,0.07,1,0.9,0,0.07,1,2,0,1.1,0
121336,383651.6951,0.1,0,1.2,0,0.1,0,0.2,0,0.1,0,1.5,0,0.07,1,1.6,0,1.2,0
121341,10802.85681,0.2,0,2.3,0,0.07,1,0.3,0,0.1,0,0.9,0,0.07,1,3.6,0,1.8,0
121342,43269.80757,0.2,0,0.6,0,0.1,0,0.5,0,0.07,1,1.2,0,0.07,1,3.1,0,1.3,0
121346,62511.50737,0.1,0,1.2,0,0.07,1,0.2,0,0.07,1,2.4,0,0.4,0,2.5,0,1.2,0
121350,51098.12338,0.1,0,0.7,0,0.1,0,0.2,0,0.07,1,0.9,0,0.07,1,0.8,0,0.4,0
121351,502425.5933,0.1,0,1.9,0,0.07,1,0.3,0,0.07,1,0.8,0,0.1,0,3.4,0,1.4,0
121353,58739.30892,0.2,0,0.5,0,0.3,0,0.2,0,0.1,0,0.4,0,0.07,1,2.2,0,0.7,0
121361,76596.76059,0.1,0,1,0,0.1,0,0.3,0,0.1,0,0.8,0,0.07,1,1.5,0,0.6,0
121367,30037.57106,0.1,0,0.8,0,0.1,0,0.4,0,0.1,0,1.9,0,0.07,1,3.9,0,2.1,0
121371,121718.0958,0.2,0,0.3,0,0.07,1,0.07,1,0.1,0,0.5,0,0.07,1,1,0,0.3,0
121380,88066.64567,0.1,0,1.7,0,0.2,0,0.2,0,0.1,0,0.8,0,0.07,1,2.1,0,0.8,0
121381,201740.0733,0.2,0,0.7,0,0.1,0,0.3,0,0.1,0,0.8,0,0.1,0,2,0,0.6,0
121382,48624.32853,0.1,0,0.2,0,0.07,1,0.07,1,0.1,0,0.3,0,0.07,1,1.9,0,0.3,0
121384,0,,,,,,,,,,,,,,,,,,
121386,60595.1829,0.1,0,2.1,0,0.4,0,0.3,0,0.1,0,1.3,0,0.07,1,3.7,0,1.9,0
121390,47452.55801,0.2,0,1.1,0,0.1,0,0.7,0,0.07,1,1.3,0,0.07,1,2.6,0,1.6,0
121395,74395.78623,0.07,1,0.9,0,0.07,1,0.2,0,0.07,1,0.8,0,0.07,1,1.4,0,0.8,0
121398,53869.7256,0.4,0,2.3,0,0.1,0,1.6,0,0.3,0,2.7,0,0.07,1,6.6,0,3.9,0
121400,29929.9215,0.2,0,0.4,0,0.07,1,0.4,0,0.3,0,0.6,0,0.07,1,1.4,0,0.3,0
121401,103404.4785,0.1,0,0.2,0,0.07,1,0.07,1,0.07,1,0.5,0,0.07,1,0.7,0,0.3,0
121405,120723.0214,0.1,0,0.4,0,0.3,0,0.2,0,0.1,0,0.7,0,0.1,0,1.7,0,0.6,0
121412,20414.7569,0.1,0,11.6,0,0.07,1,0.3,0,0.07,1,1.1,0,0.07,1,3.9,0,1.2,0
121413,0,,,,,,,,,,,,,,,,,,
121414,13527.32836,0.3,0,1,0,0.07,1,0.6,0,0.3,0,0.6,0,0.07,1,3.2,0,1.1,0
121420,118110.9105,0.07,1,1.3,0,0.07,1,0.1,0,0.07,1,0.7,0,0.07,1,2.8,0,2,0
121422,35794.35402,0.07,1,0.5,0,0.07,1,0.4,0,0.1,0,0.6,0,0.07,1,0.7,0,0.2,0
121427,24158.13475,0.2,0,0.3,0,0.3,0,1.4,0,0.1,0,1.3,0,0.07,1,2.4,0,1.4,0
121432,94503.59568,0.07,1,3.5,0,0.07,1,1,0,0.07,1,0.9,0,0.07,1,2.6,0,0.9,0
121433,41714.6991,0.1,0,3,0,0.2,0,0.5,0,0.07,1,1.9,0,0.2,0,2.7,0,1.4,0
121435,47098.07331,0.1,0,3.1,0,0.4,0,0.5,0,0.07,1,2.1,0,0.07,1,3.2,0,1.4,0
121437,90233.24373,0.1,0,0.7,0,0.07,1,0.5,0,0.1,0,0.9,0,0.07,1,3.2,0,0.9,0
121438,0,,,,,,,,,,,,,,,,,,
121441,17353.70289,0.07,1,0.3,0,0.2,0,1.7,0,0.07,1,0.4,0,0.07,1,0.7,0,0.2,0
121443,0,,,,,,,,,,,,,,,,,,
121444,93697.64085,0.1,0,1.2,0,0.07,1,0.2,0,0.07,1,0.7,0,0.07,1,3.5,0,1.6,0
121453,20643.33926,0.2,0,1,0,0.1,0,0.3,0,0.1,0,1.5,0,0.2,0,1.5,0,0.7,0
121457,15906.02076,0.4,0,8.2,0,0.1,0,1.8,0,0.07,1,13.8,0,0.07,1,7.3,0,6.4,0
121459,10884.52295,0.2,0,1.9,0,0.07,1,0.6,0,0.1,0,1.8,0,0.07,1,2.6,0,1.4,0
121460,27661.03443,0.2,0,0.3,0,0.1,0,0.5,0,0.1,0,0.7,0,0.07,1,2.5,0,0.5,0
121462,48946.80156,0.3,0,1.1,0,0.2,0,0.7,0,0.3,0,1.5,0,0.07,1,3.9,0,2.6,0
121473,421308.4891,0.07,1,1.9,0,0.07,1,0.6,0,0.07,1,1.9,0,0.07,1,5.2,0,2.5,0
121474,189065.3218,0.07,1,3.6,0,0.1,0,0.8,0,0.07,1,1,0,0.07,1,2.4,0,0.7,0
121476,180747.3861,0.3,0,0.4,0,0.2,0,0.3,0,0.2,0,0.4,0,0.07,1,9.2,0,1.2,0
121488,38910.5716,0.07,1,0.2,0,0.07,1,0.2,0,0.07,1,0.1,0,0.07,1,1.1,0,0.4,0
121491,83977.36317,0.1,0,0.9,0,0.2,0,0.3,0,0.07,1,0.7,0,0.07,1,1.7,0,0.5,0
121493,0,,,,,,,,,,,,,,,,,,
121499,0,,,,,,,,,,,,,,,,,,
121500,87351.5927,0.1,0,0.7,0,0.07,1,0.3,0,0.07,1,0.9,0,0.07,1,1.3,0,0.6,0
121505,114425.5072,0.07,1,0.4,0,0.07,1,0.07,1,0.07,1,0.5,0,0.07,1,1.8,0,0.8,0
121506,40807.45284,0.2,0,2.1,0,0.07,1,1.3,0,0.1,0,1.3,0,0.07,1,3.5,0,1.8,0
121508,44561.58825,0.5,0,1,0,1.5,0,1.2,0,0.5,0,2.3,0,0.07,1,5.4,0,2.3,0
121515,497325.0103,0.2,0,0.5,0,0.07,1,0.1,0,0.1,0,0.5,0,0.07,1,1.9,0,0.6,0
121519,81216.49188,0.2,0,1.4,0,0.2,0,0.5,0,0.1,0,0.9,0,0.07,1,4.6,0,1.9,0
121521,56223.82065,0.07,1,0.4,0,0.07,1,0.07,1,0.07,1,1,0,0.07,1,0.6,0,0.2,0
121524,26771.5707,0.2,0,2.7,0,0.3,0,0.4,0,0.07,1,1.4,0,0.07,1,2.8,0,1.1,0
121528,124498.2321,0.4,0,0.9,0,0.2,0,0.5,0,0.2,0,0.7,0,0.07,1,9.8,0,1.3,0
121530,110506.4453,0.2,0,0.7,0,0.07,1,0.2,0,0.07,1,0.9,0,0.07,1,1.9,0,0.8,0
121535,36508.16666,0.6,0,3.2,0,0.1,0,1.4,0,0.7,0,4.4,0,0.07,1,13.1,0,6.4,0
121538,76259.35315,0.2,0,2,0,0.2,0,0.5,0,0.07,1,2.1,0,0.2,0,3.5,0,2,0
121540,49322.44823,0.2,0,1.7,0,0.07,1,0.6,0,0.1,0,1.5,0,0.07,1,4.7,0,3.2,0
121550,468788.3936,0.07,1,0.5,0,0.07,1,0.3,0,0.07,1,1.5,0,0.07,1,1.1,0,0.7,0
121555,54244.72505,0.07,1,3,0,0.8,0,0.7,0,0.07,1,1.3,0,0.07,1,3.3,0,2.1,0
121559,40137.3549,0.3,0,0.5,0,0.1,0,0.7,0,0.3,0,1.8,0,0.07,1,3.1,0,0.5,0
121576,166835.457,0.3,0,1.3,0,0.2,0,0.7,0,0.1,0,2.4,0,0.07,1,8.4,0,3.1,0
121577,20026.55119,0.07,1,0.5,0,0.07,1,0.1,0,0.2,0,1,0,0.07,1,1.6,0,0.5,0
121579,364217.1229,0.07,1,0.2,0,0.07,1,0.3,0,0.07,1,0.6,0,0.07,1,0.8,0,0.4,0
121580,24014.38374,0.4,0,0.7,0,0.2,0,1.2,0,0.2,0,1.5,0,0.07,1,4.1,0,1.4,0
121585,40085.38508,0.2,0,2.4,0,0.07,1,0.6,0,0.07,1,1.5,0,0.07,1,1.9,0,0.9,0
121587,35954.93303,0.5,0,2.3,0,0.2,0,0.4,0,0.2,0,1.1,0,0.07,1,9.2,0,1,0
121588,0,,,,,,,,,,,,,,,,,,
121590,46264.23396,0.4,0,0.7,0,0.07,1,0.8,0,0.3,0,1.3,0,0.07,1,5.3,0,1.2,0
121591,0,,,,,,,,,,,,,,,,,,
121594,14503.58608,0.07,1,0.4,0,0.07,1,0.2,0,0.07,1,0.2,0,0.07,1,0.2,0,0.1,0
121595,0,,,,,,,,,,,,,,,,,,
121611,63823.70116,0.1,0,0.5,0,0.4,0,0.1,0,0.07,1,0.7,0,0.07,1,1.7,0,0.7,0
121617,45967.83761,0.2,0,1.2,0,0.07,1,0.6,0,0.07,1,2.3,0,0.07,1,1.8,0,0.8,0
121628,18412.99021,0.1,0,16.5,0,0.1,0,0.4,0,0.07,1,5.7,0,0.07,1,5.4,0,1.9,0
121634,125103.1306,0.2,0,1,0,0.4,0,0.4,0,0.3,0,0.8,0,0.07,1,3.8,0,1.5,0
121637,33247.96487,0.3,0,1.7,0,0.1,0,1,0,0.2,0,3.1,0,0.07,1,4.7,0,3.2,0
121647,18980.52771,0.2,0,0.7,0,0.4,0,0.6,0,0.07,1,2.2,0,0.07,1,3.6,0,2.1,0
121649,16363.78647,0.2,0,1.9,0,0.07,1,0.8,0,0.3,0,2.2,0,0.07,1,4,0,2.1,0
121650,95215.87986,0.3,0,1.2,0,0.07,1,0.5,0,0.1,0,1.3,0,0.07,1,6.2,0,2.1,0
121671,29944.04043,0.07,1,0.5,0,0.07,1,0.2,0,0.07,1,0.7,0,0.07,1,1.3,0,0.6,0
121674,40069.42673,0.2,0,0.6,0,0.2,0,0.4,0,0.2,0,2.9,0,0.07,1,1.3,0,0.5,0
121681,210038.1137,0.1,0,8.6,0,0.1,0,0.4,0,0.07,1,2,0,0.07,1,5.3,0,2.3,0
121693,55353.70931,0.5,0,3.9,0,0.1,0,1.4,0,0.3,0,2.2,0,0.07,1,7.4,0,5.7,0
121694,44965.80257,0.6,0,1.8,0,0.2,0,1.8,0,0.4,0,3.2,0,0.07,1,17.3,0,6.6,0
121695,45008.10928,0.1,0,1.8,0,0.1,0,0.6,0,0.07,1,1,0,0.07,1,5.7,0,2.7,0
121699,337007.8516,0.2,0,0.2,0,0.2,0,0.1,0,0.1,0,0.3,0,0.07,1,1.3,0,0.3,0
121702,37796.733,0.07,1,0.07,1,0.07,1,0.1,0,0.07,1,0.1,0,0.07,1,1.2,0,0.1,0
121708,26003.40852,0.3,0,0.9,0,0.2,0,1.1,0,0.2,0,2,0,0.07,1,2.6,0,1.4,0
121710,134661.6351,0.07,1,2.2,0,0.07,1,0.4,0,0.07,1,1.3,0,0.07,1,3,0,1.4,0
121711,112875.999,0.07,1,0.4,0,0.07,1,0.1,0,0.07,1,0.9,0,0.07,1,1,0,0.7,0
121714,32003.7223,0.2,0,0.3,0,0.07,1,0.4,0,0.3,0,1,0,0.07,1,1.5,0,0.4,0
121719,264502.462,0.2,0,0.5,0,0.1,0,0.6,0,0.2,0,0.9,0,0.07,1,1.5,0,1,0
121722,0,,,,,,,,,,,,,,,,,,
121727,42944.79988,0.2,0,1.2,0,0.07,1,0.6,0,0.1,0,2.7,0,0.1,0,3,0,4.8,0
121728,60836.64003,0.3,0,2.1,0,0.2,0,0.6,0,0.1,0,2.3,0,0.07,1,12.3,0,2.7,0
121735,35265.34983,0.2,0,0.5,0,0.5,0,0.6,0,0.3,0,0.8,0,0.07,1,2.7,0,1.2,0
121737,58366.33625,0.2,0,3.7,0,0.1,0,0.5,0,0.07,1,2.1,0,0.07,1,2.6,0,0.9,0
121741,84073.58121,0.3,0,1.6,0,0.07,1,1,0,0.1,0,3,0,0.07,1,7.3,0,3.5,0
121747,256250.1829,0.3,0,0.8,0,0.3,0,2.3,0,0.4,0,2.4,0,0.07,1,3.1,0,1.3,0
121749,12299.77208,1,0,2.1,0,0.07,1,1.2,0,0.6,0,1.8,0,0.07,1,14,0,2.5,0
121751,56378.18962,0.3,0,2.3,0,0.07,1,1.1,0,0.1,0,1.8,0,0.07,1,10,0,3.7,0
121758,224702.3255,0.3,0,0.3,0,0.3,0,0.4,0,0.2,0,0.6,0,0.07,1,3.5,0,0.4,0
121760,36986.16508,0.07,1,3.2,0,0.07,1,0.8,0,0.07,1,1.7,0,0.07,1,1.9,0,1,0
121762,0,,,,,,,,,,,,,,,,,,
121771,46683.83721,0.07,1,0.9,0,0.07,1,0.07,1,0.07,1,1.2,0,0.07,1,1,0,0.6,0
121773,59279.30937,0.07,1,0.4,0,0.1,0,0.07,1,0.07,1,0.6,0,0.07,1,1.1,0,0.6,0
121784,53641.89866,0.1,0,0.7,0,0.6,0,0.2,0,0.07,1,1.1,0,0.07,1,1.7,0,0.9,0
121786,36654.27043,0.07,1,1.3,0,0.6,0,0.2,0,0.07,1,0.6,0,0.07,1,2.3,0,1,0
121787,0,,,,,,,,,,,,,,,,,,
121791,25964.22554,2.4,0,2.6,0,0.1,0,2.5,0,0.7,0,2.8,0,0.07,1,32.8,0,3.9,0
121793,45421.52211,0.07,1,0.1,0,0.2,0,0.5,0,0.07,1,0.5,0,0.07,1,0.6,0,0.2,0
121796,50097.74864,0.07,1,1.3,0,0.07,1,0.6,0,0.07,1,0.8,0,0.07,1,0.8,0,0.4,0
121799,69135.91776,0.07,1,0.3,0,0.07,1,0.07,1,0.07,1,0.3,0,0.07,1,0.3,0,0.2,0
121808,39365.72293,0.2,0,0.8,0,0.2,0,0.3,0,0.2,0,1.6,0,0.07,1,2,0,0.5,0
121810,231290.0988,0.2,0,0.9,0,0.07,1,0.3,0,0.07,1,1.2,0,0.07,1,1.9,0,0.9,0
121821,39627.56712,0.07,1,0.3,0,0.07,1,0.07,1,0.07,1,0.4,0,0.07,1,0.4,0,0.2,0
121826,0,,,,,,,,,,,,,,,,,,
121827,119330.9981,0.2,0,0.9,0,0.07,1,1,0,0.2,0,1.8,0,0.07,1,3.1,0,1.9,0
121833,68904.20939,1.4,0,2.4,0,0.07,1,1.6,0,0.4,0,2,0,0.07,1,19.2,0,2.3,0
121840,31738.63976,0.1,0,0.7,0,0.07,1,0.2,0,0.1,0,0.5,0,0.5,0,2.1,0,1.2,0
121841,75369.66062,0.1,0,0.5,0,0.07,1,0.07,1,0.07,1,0.5,0,0.07,1,1.6,0,0.9,0
121843,133631.9577,0.1,0,0.8,0,0.07,1,0.2,0,0.07,1,0.9,0,0.07,1,1.7,0,0.6,0
121844,107173.2271,1.1,0,2.2,0,0.2,0,2.3,0,0.4,0,4.4,0,0.07,1,9.7,0,3.9,0
121845,141146.6298,0.1,0,0.3,0,0.07,1,0.2,0,0.1,0,0.4,0,0.1,0,1.3,0,0.3,0
121848,190997.3356,0.2,0,1.5,0,0.1,0,0.5,0,0.1,0,0.8,0,0.07,1,5.5,0,2.1,0
121855,36943.78519,0.3,0,0.5,0,0.07,1,0.2,0,0.1,0,1.1,0,0.07,1,1.5,0,0.6,0
121872,390925.1234,0.3,0,2,0,0.2,0,0.8,0,0.2,0,4.1,0,0.07,1,8.9,0,6.2,0
121873,0,,,,,,,,,,,,,,,,,,
121878,0,,,,,,,,,,,,,,,,,,
121885,152747.5147,0.2,0,0.3,0,0.9,0,0.3,0,0.1,0,0.5,0,0.07,1,1.2,0,0.6,0
121887,9132.323349,0.2,0,0.6,0,0.1,0,0.7,0,0.07,1,3,0,0.07,1,1.2,0,0.6,0
121892,0,,,,,,,,,,,,,,,,,,
121893,273155.2985,0.3,0,3.3,0,0.1,0,0.7,0,0.2,0,2.1,0,0.3,0,6.7,0,3.4,0
121895,113668.7988,0.2,0,2.2,0,0.1,0,0.8,0,0.1,0,1.5,0,0.07,1,3.8,0,1.8,0
121896,41267.07027,0.2,0,5.2,0,0.3,0,0.6,0,0.1,0,1.7,0,0.07,1,6.3,0,3.4,0
121897,33648.75861,0.1,0,1.7,0,0.07,1,0.2,0,0.07,1,1.7,0,0.2,0,2.1,0,1,0
121899,26901.33461,0.3,0,2.8,0,0.07,1,0.6,0,0.2,0,2.1,0,0.07,1,6.1,0,2,0
121902,55426.66399,0.07,1,0.3,0,0.07,1,0.07,1,0.07,1,0.5,0,0.07,1,0.8,0,0.3,0
121910,68708.18799,0.2,0,1.2,0,0.3,0,0.4,0,0.2,0,0.8,0,0.07,1,5.9,0,1.8,0
121921,105583.6241,0.2,0,0.7,0,0.3,0,0.6,0,0.2,0,1.1,0,0.07,1,1.7,0,1.6,0
121923,42741.33122,0.3,0,3.3,0,0.07,1,1.1,0,0.2,0,1.5,0,0.07,1,6.4,0,3.4,0
121924,15456.66495,0.2,0,0.3,0,0.07,1,0.3,0,0.2,0,0.7,0,0.07,1,1,0,0.3,0
121926,0,,,,,,,,,,,,,,,,,,
121928,76368.88929,0.2,0,1.1,0,0.07,1,0.7,0,0.07,1,0.9,0,0.07,1,2.4,0,1.1,0
121937,30069.60964,0.2,0,3.8,0,0.07,1,0.4,0,0.1,0,2,0,0.07,1,5.4,0,1.5,0
121939,52757.9151,0.07,1,1.1,0,0.1,0,0.2,0,0.07,1,3.5,0,0.07,1,0.9,0,0.6,0
121951,0,,,,,,,,,,,,,,,,,,
121958,342286.623,0.1,0,2.2,0,0.1,0,0.3,0,0.07,1,1.3,0,0.07,1,1.3,0,0.7,0
121959,97735.31642,0.07,1,0.4,0,0.07,1,0.3,0,0.07,1,1,0,0.07,1,0.7,0,0.3,0
121961,208396.7145,0.6,0,2.9,0,0.07,1,0.9,0,0.3,0,1.1,0,0.07,1,12.4,0,3.1,0
121964,76137.36085,0.2,0,0.4,0,0.1,0,0.4,0,0.1,0,1.6,0,0.07,1,1.9,0,0.7,0
121972,38981.17022,0.9,0,1.2,0,0.07,1,2,0,0.7,0,1.5,0,0.07,1,18.1,0,1.8,0
121974,50330.47569,0.2,0,7.3,0,0.07,1,0.8,0,0.07,1,5.3,0,0.07,1,2.4,0,2.2,0
121975,49182.42129,1.3,0,1.6,0,0.1,0,1.3,0,1.2,0,1.6,0,0.1,0,39.8,0,6.9,0
121987,37290.71489,0.1,0,2.2,0,0.07,1,0.4,0,0.07,1,1.5,0,0.07,1,2.3,0,1.6,0
121989,42155.30583,1.1,0,2.5,0,0.1,0,1.1,0,0.8,0,1.7,0,0.07,1,27,0,2.8,0
121993,61068.09604,0.1,0,0.9,0,0.07,1,0.7,0,0.07,1,0.9,0,0.07,1,2.2,0,1.2,0
121997,68761.88775,0.2,0,0.9,0,0.07,1,0.2,0,0.1,0,1.4,0,0.07,1,2.3,0,0.8,0
121999,0,,,,,,,,,,,,,,,,,,
122001,74145.64375,0.07,1,0.4,0,0.07,1,0.07,1,0.07,1,0.6,0,0.07,1,0.6,0,0.3,0
122004,172747.9249,0.3,0,0.5,0,0.07,1,0.5,0,0.1,0,1.2,0,0.07,1,1.3,0,0.6,0
122011,48732.33361,0.07,1,0.5,0,0.07,1,0.1,0,0.07,1,0.5,0,0.07,1,1.4,0,0.5,0
122012,169194.2872,0.2,0,0.9,0,0.07,1,0.4,0,0.1,0,1.3,0,0.07,1,2.7,0,0.7,0
122015,66358.64891,0.2,0,2.1,0,0.07,1,0.3,0,0.07,1,2.3,0,0.07,1,2.1,0,0.8,0
122021,92518.4858,0.3,0,0.4,0,0.07,1,0.6,0,0.3,0,1.4,0,0.07,1,3.2,0,0.6,0
122032,27859.62126,0.2,0,1.2,0,0.2,0,0.4,0,0.1,0,1.3,0,0.07,1,2.8,0,1.4,0
122033,276731.2617,0.07,1,2.3,0,0.2,0,0.7,0,0.1,0,1.4,0,0.07,1,2.3,0,1,0
122035,35001.34639,1,0,1.5,0,0.07,1,1.2,0,0.1,0,4.8,0,0.07,1,2,0,0.8,0
122041,21237.48228,0.1,0,0.3,0,0.07,1,0.2,0,0.1,0,0.2,0,0.07,1,1.4,0,0.3,0
122048,258407.9893,0.2,0,1.6,0,0.1,0,0.6,0,0.1,0,1,0,0.07,1,5.4,0,2.3,0
122049,206191.1464,0.2,0,2.3,0,0.5,0,0.6,0,0.1,0,2.3,0,0.07,1,4.1,0,2,0
122053,104562.7711,1.4,0,2.5,0,0.07,1,1.6,0,0.7,0,5,0,0.07,1,20.3,0,4,0
122054,36402.07063,0.1,0,0.7,0,0.07,1,0.4,0,0.1,0,0.6,0,0.07,1,1.8,0,0.9,0
122056,37993.65319,0.6,0,0.9,0,0.07,1,0.8,0,0.2,0,1.2,0,0.07,1,4.1,0,1.6,0
122065,32201.64554,0.2,0,0.5,0,0.07,1,0.5,0,0.07,1,1.6,0,0.1,0,1.2,0,0.5,0
122070,14120.85184,0.4,0,1.7,0,0.07,1,0.7,0,0.2,0,1.1,0,0.07,1,9.5,0,1.8,0
122074,22374.12271,0.3,0,2.1,0,0.1,0,0.7,0,0.2,0,1.6,0,0.07,1,3.1,0,2.6,0
122077,41084.49034,0.07,1,1.4,0,0.1,0,0.3,0,0.07,1,1,0,0.07,1,1.8,0,1,0
122081,178931.2542,0.2,0,3.5,0,0.07,1,1,0,0.2,0,2.4,0,0.07,1,7.7,0,3.8,0
122091,0,,,,,,,,,,,,,,,,,,
122094,24949.65834,0.2,0,1.9,0,0.2,0,0.5,0,0.07,1,3.7,0,0.2,0,3.7,0,1.9,0
122096,26956.26625,0.1,0,0.2,0,0.2,0,0.3,0,0.1,0,0.3,0,0.07,1,0.6,0,0.2,0
122111,100488.5079,0.1,0,0.8,0,0.07,1,0.2,0,0.07,1,1,0,0.07,1,1.2,0,0.7,0
122116,22339.36334,0.2,0,1.8,0,0.07,1,0.1,0,0.1,0,0.8,0,0.07,1,1.3,0,0.4,0
122118,65908.81958,0.2,0,0.7,0,0.1,0,0.1,0,0.1,0,0.8,0,0.07,1,1.5,0,0.4,0
122121,99290.35352,0.07,1,1.7,0,1.2,0,0.6,0,0.07,1,2,0,0.07,1,3,0,2,0
122127,44991.01445,0.1,0,3.1,0,0.2,0,0.9,0,0.1,0,1.8,0,0.07,1,3.3,0,1.3,0
122129,0,,,,,,,,,,,,,,,,,,
122134,109421.8128,0.2,0,0.6,0,0.07,1,0.5,0,0.1,0,1,0,0.07,1,4.5,0,1.6,0
122136,111387.3242,0.3,0,2,0,0.1,0,0.8,0,0.2,0,1.3,0,0.07,1,7.2,0,2.3,0
122138,0,,,,,,,,,,,,,,,,,,
122145,0,,,,,,,,,,,,,,,,,,
122150,10102.58006,0.1,0,1.5,0,0.07,1,0.3,0,0.1,0,1.3,0,0.07,1,4.5,0,1.9,0
122152,122402.7981,0.2,0,1.5,0,0.1,0,0.3,0,0.1,0,1.4,0,0.07,1,1.7,0,0.8,0
122156,58760.24245,0.3,0,7.6,0,0.8,0,0.9,0,0.2,0,1.7,0,0.07,1,23,0,2.8,0
122158,59803.7704,0.1,0,0.6,0,0.1,0,0.4,0,0.1,0,0.5,0,0.2,0,1.8,0,0.6,0
122169,15887.59359,0.4,0,3.1,0,0.3,0,0.8,0,0.2,0,0.8,0,0.07,1,19.1,0,5.3,0
122178,194838.4938,0.1,0,0.9,0,0.07,1,0.4,0,0.07,1,1.3,0,0.07,1,2,0,0.8,0
122196,130550.9801,0.2,0,0.3,0,0.07,1,0.2,0,0.07,1,0.7,0,0.07,1,2.7,0,0.6,0
122197,293174.4089,0.1,0,1.9,0,0.3,0,0.2,0,0.07,1,0.9,0,0.1,0,3.6,0,1.7,0
122198,65541.88703,0.3,0,0.3,0,0.1,0,0.3,0,0.3,0,0.6,0,0.07,1,4,0,0.5,0
122201,159474.7909,0.2,0,1.2,0,0.2,0,0.5,0,0.1,0,1.2,0,0.07,1,4.2,0,1.3,0
122202,98293.10326,0.4,0,2.9,0,0.4,0,0.7,0,0.2,0,1.7,0,0.07,1,16.8,0,5.7,0
122203,41852.97401,0.2,0,1.1,0,0.1,0,0.5,0,0.2,0,0.8,0,0.07,1,3.8,0,1.4,0
122205,0,,,,,,,,,,,,,,,,,,
122207,19393.92166,1,0,0.9,0,0.2,0,1.9,0,0.9,0,3.6,0,0.07,1,9.5,0,1.7,0
122208,0,,,,,,,,,,,,,,,,,,
122210,54589.20916,0.07,1,0.3,0,0.07,1,0.07,1,0.07,1,0.6,0,0.07,1,0.7,0,0.4,0
122218,0,,,,,,,,,,,,,,,,,,
122219,47231.95053,0.2,0,1.2,0,0.1,0,0.2,0,0.1,0,1.1,0,0.1,0,4.6,0,1.6,0
122223,111448.6069,0.2,0,1.3,0,0.07,1,0.5,0,0.1,0,2.3,0,0.07,1,9,0,6,0
122226,87488.15221,0.1,0,0.6,0,0.07,1,0.1,0,0.07,1,0.6,0,0.07,1,1.4,0,0.6,0
122227,15802.90565,0.07,1,1.5,0,0.07,1,0.4,0,0.07,1,2,0,0.07,1,3.9,0,2.9,0
122229,0,,,,,,,,,,,,,,,,,,
122238,0,,,,,,,,,,,,,,,,,,
122245,68110.7573,0.07,1,2.1,0,0.2,0,0.07,1,0.07,1,1.4,0,0.07,1,6.4,0,2.3,0
122258,106678.7286,0.3,0,3.4,0,0.07,1,1.2,0,0.1,0,1.9,0,0.07,1,2.6,0,1.1,0
122267,53295.32768,0.2,0,0.4,0,0.07,1,0.6,0,0.07,1,1.7,0,0.07,1,0.8,0,0.3,0
122269,139525.4317,0.5,0,6.3,0,0.07,1,1.5,0,0.3,0,3.2,0,0.07,1,10.7,0,2.8,0
122274,33092.63159,0.07,1,0.4,0,0.1,0,0.1,0,0.07,1,0.5,0,0.07,1,1.6,0,0.5,0
122276,91525.50886,0.07,1,0.4,0,0.07,1,0.2,0,0.07,1,0.7,0,0.07,1,0.3,0,0.3,0
122286,42665.92798,0.3,0,1,0,0.07,1,1.1,0,0.3,0,1.5,0,0.07,1,3.7,0,1.4,0
122288,0,,,,,,,,,,,,,,,,,,
122290,43021.46206,0.8,0,2.2,0,0.07,1,0.9,0,0.7,0,0.6,0,0.07,1,12.3,0,1.9,0
122292,47469.39113,0.1,0,0.5,0,0.1,0,0.3,0,0.1,0,0.5,0,0.07,1,1.1,0,0.6,0
122300,40116.45593,0.6,0,1.6,0,0.07,1,1,0,0.8,0,2.6,0,0.07,1,9.6,0,1.5,0
122301,22241.18055,0.1,0,0.2,0,0.07,1,0.07,1,0.1,0,0.4,0,0.07,1,1.4,0,0.3,0
122304,42429.1848,0.3,0,2.9,0,1.5,0,1,0,0.2,0,5.3,0,0.07,1,15.4,0,12.7,0
122310,15951.20035,0.1,0,1.3,0,1.1,0,0.3,0,0.07,1,1.1,0,0.07,1,3.3,0,1.2,0
122311,29285.22564,0.5,0,2.2,0,0.07,1,1.2,0,0.3,0,2.2,0,0.07,1,5.9,0,1,0
122313,66257.62389,0.07,1,0.5,0,0.3,0,0.2,0,0.07,1,0.9,0,0.1,0,1.1,0,0.7,0
122314,57505.12138,0.3,0,3.2,0,0.07,1,1.1,0,0.3,0,2.8,0,0.6,0,9.8,0,2.2,0
122319,30688.90135,0.1,0,0.6,0,0.07,1,0.7,0,0.1,0,0.8,0,0.07,1,1.5,0,0.6,0
122323,88874.85993,0.2,0,0.5,0,0.07,1,0.4,0,0.2,0,0.9,0,0.07,1,1.9,0,0.8,0
122330,460247.987,0.2,0,0.4,0,0.07,1,0.3,0,0.2,0,0.6,0,0.07,1,1.4,0,0.3,0
122332,152555.3576,0.3,0,0.7,0,0.2,0,0.8,0,0.2,0,1.3,0,0.07,1,2.8,0,0.7,0
122334,47616.56693,0.1,0,0.3,0,0.07,1,0.07,1,0.07,1,0.3,0,0.07,1,0.8,0,0.3,0
122335,46426.07959,0.07,1,0.3,0,0.6,0,0.3,0,0.07,1,0.3,0,0.07,1,1.4,0,0.5,0
122340,53018.21306,0.3,0,0.6,0,0.07,1,0.4,0,0.1,0,0.3,0,0.1,0,4.4,0,1.3,0
122348,0,,,,,,,,,,,,,,,,,,
122354,180733.8397,0.2,0,0.5,0,0.2,0,0.3,0,0.1,0,0.7,0,0.07,1,2.7,0,0.8,0
122356,14996.57797,0.2,0,0.6,0,0.1,0,0.07,1,0.1,0,0.9,0,0.07,1,1.5,0,0.2,0
122357,0,,,,,,,,,,,,,,,,,,
122363,101069.0555,0.2,0,0.5,0,0.07,1,0.3,0,0.07,1,1,0,0.07,1,3.8,0,0.8,0
122367,19089.00493,2.4,0,2.3,0,0.1,0,4.4,0,1.1,0,6.9,0,0.07,1,35.1,0,5.8,0
122369,43444.82181,0.07,1,0.2,0,0.07,1,0.1,0,0.07,1,0.7,0,0.07,1,0.6,0,0.3,0
122371,0,,,,,,,,,,,,,,,,,,
122373,112164.9946,0.07,1,2,0,0.2,0,0.07,1,0.07,1,0.7,0,0.07,1,2.3,0,0.7,0
122379,92845.70662,0.1,0,0.3,0,0.07,1,0.2,0,0.1,0,0.8,0,0.07,1,1.4,0,0.4,0
122389,169568.4083,0.2,0,0.8,0,0.4,0,0.7,0,0.07,1,1,0,0.07,1,2,0,0.6,0
122392,42428.78089,0.9,0,0.4,0,0.1,0,0.3,0,0.5,0,0.8,0,0.07,1,2.9,0,0.3,0
122395,181095.9967,0.1,0,1.9,0,0.07,1,0.3,0,0.07,1,1.2,0,0.07,1,4,0,2.4,0
122398,57466.77536,0.07,1,0.9,0,0.07,1,0.3,0,0.07,1,1.1,0,0.07,1,1.2,0,0.6,0
122401,48376.19698,0.2,0,0.7,0,0.07,1,0.6,0,0.2,0,0.8,0,0.07,1,3,0,1.2,0
122404,19057.3765,0.1,0,0.5,0,0.07,1,0.2,0,0.07,1,0.7,0,0.07,1,0.9,0,0.5,0
122410,0,,,,,,,,,,,,,,,,,,
122412,69603.37119,0.4,0,2.7,0,0.07,1,0.6,0,0.3,0,1.1,0,0.07,1,12.7,0,3,0
122413,79395.60441,0.07,1,0.5,0,0.07,1,0.6,0,0.07,1,0.9,0,0.07,1,0.8,0,0.4,0
122414,29137.96933,0.07,1,0.6,0,0.07,1,0.2,0,0.07,1,0.8,0,0.07,1,0.7,0,0.3,0
122417,14912.05702,1.9,0,1.4,0,0.07,1,0.8,0,0.8,0,1.3,0,0.07,1,16.9,0,1.9,0
122421,66274.86556,0.07,1,0.3,0,0.07,1,0.07,1,0.07,1,0.5,0,0.07,1,1.2,0,0.3,0
122423,90316.79799,0.1,0,2.1,0,0.07,1,0.7,0,0.1,0,1.3,0,0.07,1,2.5,0,1.6,0
122425,71964.86606,0.7,0,2.5,0,1.2,0,2.3,0,0.4,0,4.2,0,0.1,0,8.8,0,5.9,0
122428,0,,,,,,,,,,,,,,,,,,
122430,38893.46461,0.07,1,0.7,0,0.2,0,0.07,1,0.07,1,1,0,0.2,0,1.4,0,0.7,0
122434,66006.91328,0.1,0,5.3,0,0.2,0,0.3,0,0.07,1,1.6,0,0.07,1,2.5,0,2,0
122438,246901.2125,0.1,0,2.6,0,0.6,0,0.4,0,0.07,1,1.7,0,0.07,1,4.2,0,1.4,0
122440,0,,,,,,,,,,,,,,,,,,
122449,245237.735,0.1,0,1.3,0,0.07,1,0.6,0,0.07,1,1.1,0,0.07,1,1.7,0,1.1,0
122458,66495.09819,0.1,0,0.5,0,0.07,1,3.3,0,0.07,1,0.4,0,0.07,1,1.8,0,0.7,0
122462,98921.98854,0.6,0,0.7,0,0.4,0,0.7,0,0.3,0,2.9,0,0.07,1,2.8,0,0.8,0
122464,50737.98221,0.2,0,0.7,0,0.07,1,0.3,0,0.07,1,1.1,0,0.07,1,1.1,0,0.4,0
122474,23249.59959,0.3,0,1.3,0,0.07,1,1.3,0,0.1,0,1.1,0,0.07,1,2.1,0,0.8,0
122477,71388.6647,0.1,0,0.4,0,0.07,1,0.4,0,0.1,0,0.8,0,0.07,1,1.4,0,0.6,0
122478,21469.3646,0.07,1,0.3,0,0.07,1,0.3,0,0.07,1,0.8,0,0.07,1,0.4,0,0.07,1
122481,51937.01202,0.2,0,1.1,0,0.1,0,0.2,0,0.1,0,1.7,0,0.07,1,1.4,0,0.4,0
122484,169347.5098,0.07,1,0.8,0,1.1,0,0.5,0,0.07,1,0.6,0,0.07,1,1.6,0,1.3,0
122487,60447.44696,0.2,0,0.9,0,0.07,1,0.7,0,0.07,1,1.8,0,0.07,1,1.8,0,0.9,0
122493,41399.45212,0.07,1,0.2,0,0.2,0,0.1,0,0.07,1,0.2,0,0.07,1,0.3,0,0.07,1
122500,366008.919,0.2,0,0.2,0,0.07,1,0.2,0,0.1,0,0.7,0,0.07,1,0.9,0,0.3,0
122504,84484.09852,0.07,1,1.2,0,0.07,1,0.1,0,0.07,1,1.7,0,0.07,1,5,0,1.8,0
122517,39333.90817,0.3,0,3,0,1,0,0.8,0,0.2,0,0.9,0,0.07,1,9.7,0,3.3,0
122533,52773.19319,0.07,1,0.5,0,0.07,1,0.1,0,0.07,1,0.5,0,0.07,1,0.7,0,0.3,0
122543,61288.59071,0.1,0,1.7,0,0.2,0,0.3,0,0.1,0,1.5,0,0.07,1,1.9,0,1.2,0
122546,64635.37125,0.2,0,0.9,0,0.07,1,0.5,0,0.07,1,1.4,0,0.07,1,3.7,0,1.8,0
122556,125643.4599,0.4,0,14,0,0.07,1,1.2,0,0.07,1,7.6,0,0.07,1,6.2,0,3.6,0
122558,38669.04614,0.1,0,0.7,0,0.07,1,0.7,0,0.1,0,1,0,0.07,1,1.3,0,0.5,0
122561,39037.66739,0.07,1,0.5,0,0.07,1,0.4,0,0.07,1,1,0,0.07,1,1.5,0,0.5,0
122563,79443.83593,0.1,0,0.2,0,0.07,1,0.2,0,0.1,0,1.3,0,0.07,1,0.8,0,0.3,0
122570,78414.36746,0.3,0,6.7,0,0.07,1,1.2,0,0.2,0,2.6,0,0.07,1,16.6,0,7,0
122573,0,,,,,,,,,,,,,,,,,,
122578,63454.39898,0.2,0,0.4,0,0.07,1,0.07,1,0.07,1,0.6,0,0.07,1,0.9,0,0.2,0
122580,83117.4427,0.1,0,0.6,0,0.2,0,0.3,0,0.1,0,0.5,0,0.07,1,1.6,0,0.5,0
122585,220820.8116,0.07,1,0.7,0,0.1,0,1.9,0,0.07,1,0.4,0,0.07,1,1.2,0,0.4,0
122586,85680.59964,0.07,1,0.5,0,0.07,1,0.07,1,0.07,1,0.4,0,0.07,1,0.9,0,0.3,0
122591,34409.37859,0.1,0,0.5,0,0.07,1,0.4,0,0.1,0,0.8,0,0.07,1,0.6,0,0.4,0
122594,17136.83642,0.1,0,0.7,0,0.8,0,0.3,0,0.07,1,1.1,0,0.07,1,2.2,0,0.7,0
122596,132322.937,0.07,1,1.8,0,0.07,1,0.4,0,0.07,1,0.9,0,0.07,1,2.1,0,0.8,0
122602,9275.356506,0.2,0,1.2,0,0.2,0,0.5,0,0.07,1,2.8,0,0.07,1,1.8,0,1,0
122607,0,,,,,,,,,,,,,,,,,,
122609,29765.31665,0.2,0,0.2,0,0.07,1,0.4,0,0.2,0,1.3,0,0.07,1,1.8,0,0.3,0
122616,39577.05327,0.4,0,1,0,0.07,1,1.1,0,0.3,0,2.3,0,0.07,1,5.3,0,2.2,0
122617,425997.0076,0.1,0,0.8,0,0.6,0,0.2,0,0.07,1,0.8,0,0.07,1,2.4,0,1.1,0
122629,196643.0071,0.1,0,4.4,0,0.07,1,0.5,0,0.07,1,3.3,0,0.07,1,3.5,0,4.9,0
122631,305337.7518,0.2,0,0.5,0,0.1,0,0.4,0,0.1,0,0.9,0,0.07,1,1.5,0,0.7,0
122651,51746.5092,0.9,0,1.3,0,0.07,1,1.1,0,0.2,0,1.5,0,0.07,1,9.7,0,2.7,0
122653,229188.5392,0.1,0,0.4,0,0.1,0,0.2,0,0.1,0,0.6,0,0.07,1,1.7,0,0.8,0
122659,85641.8564,0.07,1,0.7,0,0.07,1,0.2,0,0.07,1,1,0,0.07,1,0.7,0,0.4,0
122663,93226.13517,0.2,0,0.07,1,0.07,1,0.1,0,0.2,0,0.4,0,0.07,1,0.7,0,0.2,0
122664,16507.9807,1,0,1.7,0,0.07,1,1.4,0,0.3,0,1.7,0,0.07,1,16.6,0,2.2,0
122665,19266.00011,0.3,0,1,0,0.2,0,0.7,0,0.2,0,3.8,0,0.07,1,3.6,0,1,0
122667,77263.0733,0.2,0,0.4,0,0.3,0,0.4,0,0.3,0,0.6,0,0.07,1,1.9,0,0.5,0
122672,165248.7729,6.3,0,5.1,0,0.1,0,2.9,0,0.7,0,4,0,0.07,1,20.1,0,3.9,0
122676,28684.77029,0.2,0,0.7,0,0.07,1,0.6,0,0.1,0,0.9,0,0.07,1,1.7,0,1,0
122689,64236.93933,0.1,0,0.7,0,0.07,1,0.07,1,0.07,1,0.7,0,0.07,1,1.3,0,0.5,0
122691,45347.10058,0.07,1,0.5,0,0.1,0,0.1,0,0.07,1,1.1,0,0.07,1,0.7,0,0.5,0
122692,32320.14817,0.5,0,0.9,0,0.07,1,1.2,0,0.8,0,2.6,0,0.07,1,3.4,0,0.5,0
122694,25841.043,0.4,0,2.3,0,0.2,0,1.7,0,0.4,0,3,0,0.07,1,12.3,0,7.9,0
122700,876557.7865,0.3,0,1.9,0,0.3,0,0.9,0,0.2,0,2.2,0,0.07,1,5.9,0,3.3,0
122706,56953.75166,0.1,0,0.5,0,0.07,1,0.6,0,0.1,0,0.7,0,0.2,0,0.8,0,0.3,0
122707,94187.29795,0.2,0,1.4,0,0.2,0,0.3,0,0.07,1,1.3,0,0.1,0,3.2,0,1.4,0
122717,188066.1924,0.1,0,1.2,0,0.4,0,0.6,0,0.1,0,1.5,0,0.07,1,2.3,0,1.3,0
122718,0,,,,,,,,,,,,,,,,,,
122719,43673.65556,0.1,0,2,0,0.2,0,0.5,0,0.1,0,1,0,0.07,1,6.1,0,1.7,0
122721,120084.419,0.1,0,1,0,0.2,0,0.2,0,0.07,1,1.1,0,0.07,1,1.4,0,1.1,0
122729,29432.22831,0.2,0,1.4,0,0.07,1,0.5,0,0.1,0,1.4,0,0.07,1,3.1,0,0.9,0
122732,21959.95855,0.1,0,1.6,0,0.07,1,0.5,0,0.07,1,2.9,0,0.07,1,3.7,0,2.5,0
122736,0,,,,,,,,,,,,,,,,,,
122740,37640.66897,0.1,0,0.3,0,0.07,1,0.1,0,0.07,1,0.3,0,0.07,1,0.9,0,0.4,0
122742,83628.97197,0.2,0,1.4,0,0.1,0,0.4,0,0.1,0,1.1,0,0.07,1,4,0,1.8,0
122743,0,,,,,,,,,,,,,,,,,,
122744,0,,,,,,,,,,,,,,,,,,
122748,25745.21671,0.1,0,1.6,0,0.07,1,1.2,0,0.07,1,1.1,0,0.07,1,2.6,0,1.1,0
122749,30713.05245,0.2,0,1.5,0,0.1,0,0.8,0,0.1,0,1.9,0,0.07,1,3.3,0,2.7,0
122759,34776.47276,0.4,0,1.9,0,0.07,1,0.9,0,0.4,0,1.2,0,0.07,1,5.7,0,1.7,0
122769,16847.45708,0.8,0,3.1,0,0.07,1,1.3,0,0.3,0,3,0,0.07,1,18.4,0,2.1,0
122772,41410.7163,0.07,1,0.6,0,0.1,0,0.7,0,0.1,0,1.2,0,0.07,1,1.3,0,0.7,0
122774,143877.3185,0.1,0,1.2,0,0.1,0,0.2,0,0.1,0,1.3,0,0.07,1,3.1,0,1.8,0
122777,66848.38147,0.1,0,0.4,0,0.07,1,0.07,1,0.1,0,0.6,0,0.07,1,0.6,0,0.2,0
122780,43540.62504,0.1,0,1.8,0,0.07,1,0.1,0,0.07,1,0.9,0,0.07,1,4.5,0,1.4,0
122784,44886.4073,0.8,0,1.8,0,0.07,1,1.3,0,1.1,0,1.1,0,0.07,1,7.6,0,0.7,0
122786,322533.1482,0.3,0,0.9,0,0.07,1,0.9,0,0.2,0,2.9,0,0.07,1,3.6,0,1.6,0
122790,382037.7051,0.2,0,3.5,0,0.07,1,0.4,0,0.2,0,2.4,0,0.07,1,3.4,0,2.3,0
122796,29073.42014,0.2,0,0.5,0,0.4,0,0.4,0,0.2,0,0.9,0,0.07,1,1.9,0,0.8,0
122802,36555.25515,0.3,0,1.2,0,0.1,0,0.8,0,0.2,0,3.3,0,0.07,1,2.5,0,2.7,0
122803,30881.7472,0.2,0,2.2,0,0.4,0,0.3,0,0.1,0,1.4,0,0.07,1,3.7,0,2.1,0
122820,12633.73478,1.2,0,4.1,0,0.2,0,2.7,0,0.5,0,5,0,0.07,1,18.3,0,4.8,0
122824,31975.57376,0.2,0,0.8,0,0.3,0,0.5,0,0.1,0,0.5,0,0.07,1,9.2,0,2.6,0
122826,130202.1395,0.07,1,0.4,0,0.07,1,0.07,1,0.07,1,0.5,0,0.07,1,0.6,0,0.4,0
122828,25670.16336,0.2,0,0.2,0,0.1,0,0.5,0,0.2,0,0.5,0,0.07,1,1,0,0.3,0
122834,29238.00977,0.1,0,0.3,0,0.1,0,0.2,0,0.07,1,0.4,0,0.07,1,1.2,0,0.4,0
122838,0,,,,,,,,,,,,,,,,,,
122848,55668.2926,0.4,0,3,0,0.07,1,1.6,0,0.2,0,4.5,0,0.07,1,16.2,0,6.6,0
122849,47055.14671,0.07,1,4.8,0,0.7,0,0.1,0,0.1,0,0.7,0,0.07,1,2.1,0,1.5,0
122851,29944.04043,0.2,0,0.5,0,0.2,0,0.4,0,0.1,0,0.7,0,0.07,1,2.2,0,0.5,0
122856,25453.98827,0.07,1,1.5,0,0.4,0,0.2,0,0.07,1,0.8,0,0.07,1,3.4,0,2.8,0
122859,0,,,,,,,,,,,,,,,,,,
122864,35891.37343,0.4,0,2.4,0,0.2,0,1,0,0.3,0,2.4,0,0.07,1,6.1,0,4.3,0
122869,33998.97693,0.07,1,0.2,0,0.07,1,0.9,0,0.07,1,0.7,0,0.07,1,0.3,0,0.2,0
122874,169314.3795,0.07,1,0.1,0,0.1,0,0.1,0,0.07,1,0.3,0,0.07,1,0.3,0,0.2,0
122877,34409.37859,0.3,0,1,0,0.07,1,1.2,0,0.2,0,1.3,0,0.07,1,1.4,0,0.8,0
122886,27490.44765,0.2,0,2,0,0.2,0,0.4,0,0.2,0,1,0,0.07,1,4.2,0,1.6,0
122889,26742.26835,0.4,0,48.8,0,0.07,1,0.7,0,0.2,0,14.2,0,0.07,1,14.5,0,4.9,0
122905,31202.31323,0.1,0,1.1,0,0.2,0,0.3,0,0.07,1,1.3,0,0.07,1,1.5,0,1.1,0
122906,154705.1307,0.07,1,0.2,0,0.07,1,0.07,1,0.07,1,0.3,0,0.07,1,0.8,0,0.2,0
122913,91132.24415,0.3,0,21.9,0,0.1,0,0.9,0,0.1,0,2.2,0,0.07,1,7.4,0,2.7,0
122914,71007.14925,0.07,1,0.1,0,0.07,1,0.07,1,0.07,1,0.07,1,0.07,1,0.1,0,0.07,1
122915,18337.63175,0.3,0,0.8,0,0.2,0,0.5,0,0.1,0,2.7,0,0.07,1,4.6,0,3.6,0
122916,8891.288192,0.07,1,0.3,0,0.07,1,1.2,0,0.07,1,0.4,0,0.07,1,0.6,0,0.2,0
122919,78742.86281,0.2,0,0.5,0,0.07,1,0.07,1,0.2,0,0.8,0,0.07,1,2.5,0,0.5,0
122922,84255.60319,0.6,0,0.4,0,0.1,0,1.8,0,0.3,0,1.6,0,0.07,1,2.4,0,0.5,0
122926,136714.144,0.4,0,0.4,0,0.07,1,0.6,0,0.2,0,0.9,0,0.07,1,3,0,0.5,0
122928,56666.81295,0.2,0,0.8,0,0.1,0,0.3,0,0.2,0,1.4,0,0.07,1,1.9,0,0.8,0
122929,224960.7914,0.07,1,0.5,0,0.1,0,0.2,0,0.07,1,0.6,0,0.07,1,1,0,0.5,0
122938,124737.2626,0.1,0,1.9,0,0.1,0,0.5,0,0.07,1,1,0,0.07,1,5.3,0,3.4,0
122939,52373.7354,0.5,0,1,0,0.1,0,0.9,0,0.4,0,1.3,0,0.07,1,2.4,0,1,0
122952,27869.01997,0.07,1,0.1,0,0.07,1,0.2,0,0.07,1,0.2,0,0.07,1,0.7,0,0.1,0
122953,265432.4415,0.2,0,1.7,0,0.07,1,0.7,0,0.2,0,2.7,0,0.07,1,4.3,0,2.1,0
122955,25858.35336,0.07,1,0.3,0,0.07,1,0.6,0,0.07,1,0.5,0,0.07,1,1.3,0,0.4,0
122958,56311.82935,0.2,0,0.6,0,0.07,1,0.5,0,0.2,0,0.9,0,0.07,1,0.9,0,0.4,0
122960,27717.72482,0.5,0,0.8,0,1.1,0,1.1,0,0.3,0,2.3,0,0.07,1,6.4,0,1.6,0
122961,61160.65254,0.2,0,0.8,0,0.2,0,0.4,0,0.07,1,0.8,0,0.07,1,3.1,0,1,0
122969,59737.21045,0.07,1,0.3,0,0.07,1,0.4,0,0.07,1,0.4,0,0.07,1,0.4,0,0.1,0
122970,24841.72478,0.2,0,2.8,0,0.07,1,0.7,0,0.1,0,2.5,0,0.07,1,4.2,0,2.4,0
122974,21796.87214,0.2,0,1.8,0,0.07,1,0.5,0,0.1,0,1.2,0,0.07,1,4.5,0,2.5,0
122984,95184.31709,0.2,0,0.4,0,0.1,0,0.2,0,0.2,0,0.8,0,0.07,1,1.8,0,0.5,0
122987,22268.09538,0.3,0,0.6,0,0.3,0,0.8,0,0.2,0,1,0,0.07,1,5.6,0,1.2,0
122988,24995.752,0.4,0,1.2,0,0.07,1,1.1,0,0.7,0,3.1,0,0.07,1,5,0,0.6,0
122993,71433.87,0.2,0,1.9,0,0.07,1,0.5,0,0.2,0,1.4,0,0.07,1,5.4,0,2.8,0
122994,35333.38624,0.2,0,0.5,0,0.07,1,0.3,0,0.2,0,0.6,0,0.07,1,1.1,0,0.4,0
123008,39754.96811,0.07,1,2,0,0.07,1,0.4,0,0.07,1,0.8,0,0.07,1,0.7,0,0.3,0
123019,20626.45491,0.2,0,0.2,0,0.1,0,0.2,0,0.1,0,2,0,0.07,1,1.4,0,0.4,0
123025,62132.03534,0.07,1,1.8,0,0.07,1,0.2,0,0.07,1,3.2,0,0.07,1,3.2,0,3.1,0
123030,0,,,,,,,,,,,,,,,,,,
123033,41375.19329,2.2,0,1.8,0,0.1,0,3.7,0,1.2,0,2.2,0,0.07,1,22.9,0,2.5,0
123034,0,,,,,,,,,,,,,,,,,,
123037,350625.6932,0.2,0,1.4,0,0.2,0,0.2,0,0.07,1,1.7,0,0.07,1,2.8,0,2.6,0
123040,14134.08258,0.1,0,1.2,0,0.07,1,0.3,0,0.07,1,0.9,0,0.07,1,5.2,0,1.9,0
123042,25637.06589,0.07,1,0.1,0,0.07,1,0.3,0,0.07,1,0.4,0,0.07,1,0.5,0,0.2,0
123045,59947.64548,2.2,0,2.4,0,0.7,0,4.4,0,1.9,0,2.2,0,0.07,1,70.5,0,8.5,0
123047,111411.385,0.2,0,1.7,0,0.1,0,0.4,0,0.1,0,0.6,0,0.07,1,4,0,1.6,0
123050,27610.41386,0.2,0,1.3,0,0.07,1,0.2,0,0.1,0,0.8,0,0.07,1,1.4,0,0.6,0
123051,22981.5177,0.07,1,0.3,0,0.3,0,0.2,0,0.07,1,0.8,0,0.07,1,1.9,0,0.4,0
123060,0,,,,,,,,,,,,,,,,,,
123077,39095.3918,0.07,1,2.6,0,0.07,1,1.1,0,0.07,1,1.3,0,0.07,1,1.2,0,0.7,0
123084,21027.96923,0.5,0,8.3,0,0.3,0,1.1,0,0.2,0,2.4,0,0.07,1,7.8,0,2,0
123093,25908.09219,0.07,1,0.6,0,0.1,0,0.6,0,0.07,1,0.8,0,0.07,1,0.9,0,0.4,0
123096,151613.5673,0.2,0,0.5,0,0.1,0,0.4,0,0.2,0,1,0,0.07,1,1.6,0,0.5,0
123109,135790.0631,0.2,0,0.8,0,0.07,1,0.5,0,0.1,0,0.9,0,0.07,1,1.2,0,0.8,0
123110,85965.59706,0.2,0,1.6,0,0.1,0,0.3,0,0.1,0,0.7,0,0.07,1,2.2,0,0.6,0
123111,0,,,,,,,,,,,,,,,,,,
123118,37423.65757,0.1,0,0.1,0,0.3,0,0.1,0,0.07,1,0.4,0,0.07,1,1.6,0,0.3,0
123123,152428.6541,0.2,0,1.8,0,0.1,0,0.5,0,0.1,0,2.3,0,0.07,1,2.3,0,1.2,0
123126,28935.31255,0.3,0,0.8,0,0.1,0,1.1,0,0.1,0,3.7,0,0.07,1,3.3,0,1.7,0
123131,219187.8781,0.2,0,0.9,0,0.3,0,0.4,0,0.1,0,1.6,0,0.07,1,2.2,0,1.1,0
123138,43610.98735,0.6,0,1.5,0,0.1,0,1.5,0,0.7,0,2,0,0.07,1,4.6,0,1.5,0
123141,81915.20667,0.07,1,0.9,0,0.07,1,0.5,0,0.07,1,1.8,0,0.07,1,1.1,0,0.8,0
123142,65728.80755,0.9,0,2.4,0,0.3,0,1.6,0,0.5,0,1.9,0,0.07,1,17,0,3.3,0
123145,65607.79703,0.5,0,0.5,0,0.07,1,0.4,0,0.2,0,1.7,0,0.07,1,4.1,0,0.8,0
123146,54841.46713,0.07,1,3.1,0,0.07,1,0.5,0,0.07,1,1.5,0,0.07,1,1.3,0,0.6,0
123150,0,,,,,,,,,,,,,,,,,,
123155,78562.49956,0.3,0,5.1,0,0.5,0,1.4,0,0.2,0,4,0,0.07,1,22,0,5.7,0
123158,37467.44742,0.07,1,0.4,0,0.07,1,0.4,0,0.07,1,0.8,0,0.07,1,1.2,0,0.6,0
123167,106140.1172,0.2,0,2.2,0,0.07,1,0.9,0,0.2,0,2.6,0,0.07,1,5.2,0,2.6,0
123173,19998.63455,0.07,1,3.3,0,0.07,1,0.5,0,0.07,1,1.1,0,0.07,1,3.6,0,2.5,0
123175,200226.2118,0.1,0,6.8,0,0.07,1,0.7,0,0.1,0,1.7,0,0.07,1,7.9,0,5.5,0
123183,36179.54984,0.2,0,0.9,0,0.07,1,0.4,0,0.1,0,0.9,0,0.07,1,3.5,0,1.4,0
123188,0,,,,,,,,,,,,,,,,,,
123189,59933.75299,0.1,0,0.7,0,0.07,1,0.07,1,0.2,0,0.5,0,0.07,1,1.4,0,0.3,0
123190,29569.11141,0.07,1,0.6,0,0.07,1,0.8,0,0.07,1,1.1,0,0.07,1,1,0,0.5,0
123193,35043.45521,0.4,0,0.7,0,1.7,0,1,0,0.6,0,2,0,0.07,1,3.9,0,2,0
123198,280697.322,0.07,1,1.7,0,0.07,1,0.5,0,0.07,1,1.1,0,0.07,1,2.6,0,1.6,0
123202,0,,,,,,,,,,,,,,,,,,
123204,85159.17214,0.2,0,2.3,0,0.07,1,0.5,0,0.07,1,1.6,0,0.07,1,3.7,0,1.9,0
123214,51060.23972,0.3,0,0.4,0,0.07,1,0.4,0,0.3,0,0.9,0,0.07,1,1.7,0,0.3,0
123221,17224.56755,0.6,0,3.2,0,0.4,0,1.3,0,0.6,0,1.8,0,0.07,1,42.1,0,6.2,0
123222,28420.19988,0.3,0,0.3,0,0.07,1,0.5,0,0.5,0,0.4,0,0.07,1,1.4,0,0.3,0
123224,32574.79773,0.2,0,0.2,0,0.07,1,0.2,0,0.3,0,0.6,0,0.07,1,1,0,0.2,0
123227,267045.1744,0.1,0,0.9,0,0.07,1,0.4,0,0.07,1,1.2,0,0.07,1,2,0,0.9,0
123231,27360.06237,0.07,1,0.07,1,0.07,1,0.07,1,0.07,1,0.07,1,0.1,0,0.07,1,0.07,1
123232,37587.78419,0.3,0,0.8,0,0.1,0,0.5,0,0.1,0,1.1,0,0.07,1,4.9,0,1.4,0
123233,0,,,,,,,,,,,,,,,,,,
123234,426762.8219,0.2,0,0.6,0,0.07,1,0.3,0,0.1,0,1.2,0,0.07,1,2.2,0,0.4,0
123244,93992.92891,0.7,0,0.7,0,0.07,1,0.8,0,0.6,0,14.8,0,0.07,1,7.2,0,1.5,0
123245,99658.709,0.2,0,2.2,0,0.07,1,1,0,0.1,0,1.7,0,0.07,1,6.8,0,3.7,0
123249,82547.25196,0.2,0,0.8,0,0.2,0,0.3,0,0.07,1,1.6,0,0.07,1,2.6,0,1.4,0
123251,162416.1329,0.3,0,3.4,0,0.07,1,0.9,0,0.3,0,2.4,0,0.07,1,3.5,0,1.8,0
123253,0,,,,,,,,,,,,,,,,,,
123256,0,,,,,,,,,,,,,,,,,,
123257,98458.36442,0.2,0,0.8,0,0.07,1,0.9,0,0.1,0,0.8,0,0.07,1,3.1,0,1.2,0
123263,22392.69128,0.2,0,1.8,0,0.07,1,0.5,0,0.07,1,2,0,0.07,1,2.8,0,2,0
123267,28761.46786,0.3,0,1.3,0,0.07,1,0.4,0,0.2,0,1.2,0,0.07,1,7.5,0,2.1,0
123268,56751.70052,0.4,0,0.9,0,0.07,1,0.7,0,0.2,0,2.3,0,0.07,1,5.9,0,2,0
123274,375563.0876,0.2,0,1.1,0,0.07,1,0.4,0,0.2,0,1.4,0,0.07,1,2.9,0,1.5,0
123281,156597.4788,0.1,0,0.7,0,0.2,0,0.7,0,0.1,0,1.5,0,0.07,1,2.1,0,1.1,0
123286,24046.60855,0.8,0,0.3,0,0.07,1,0.7,0,0.4,0,0.6,0,0.07,1,5.2,0,0.5,0
123287,118536.0336,0.2,0,5.3,0,0.3,0,0.4,0,0.1,0,2.4,0,0.07,1,6.1,0,2.6,0
123306,310168.4873,0.3,0,3,0,0.2,0,0.9,0,0.2,0,1.9,0,0.07,1,7.4,0,3.1,0
123309,22153.33321,0.2,0,2.5,0,0.3,0,0.5,0,0.1,0,1.8,0,0.2,0,4.8,0,3,0
123310,65131.01687,0.2,0,0.5,0,0.07,1,0.5,0,0.4,0,1,0,0.07,1,1.9,0,0.6,0
123314,0,,,,,,,,,,,,,,,,,,
123315,37275.46837,0.5,0,1.6,0,0.2,0,1.2,0,0.3,0,1.2,0,0.07,1,10,0,3.4,0
123316,141444.0793,0.07,1,0.4,0,0.07,1,0.3,0,0.07,1,0.9,0,0.07,1,1.3,0,0.6,0
123317,20641.73777,0.4,0,1.9,0,0.6,0,0.8,0,0.2,0,1.1,0,0.07,1,8,0,3.6,0
123318,72501.14782,0.07,1,3,0,0.07,1,0.4,0,0.07,1,1.9,0,0.07,1,2.7,0,1.9,0
123327,69085.13034,0.4,0,4.1,0,0.1,0,1.2,0,0.2,0,2,0,0.07,1,10.7,0,3.6,0
123328,71371.10543,0.3,0,0.5,0,0.07,1,1.5,0,0.4,0,1,0,0.07,1,1.7,0,0.7,0
123329,72961.52491,0.2,0,0.6,0,0.07,1,0.7,0,0.2,0,0.5,0,0.07,1,12.7,0,1.3,0
123335,14453.08812,6.9,0,2.2,0,0.1,0,3.7,0,4.8,0,3.2,0,0.07,1,64,0,8.3,0
123336,22506.97958,0.7,0,0.9,0,0.07,1,0.7,0,0.6,0,0.9,0,0.07,1,5.3,0,0.8,0
123339,0,,,,,,,,,,,,,,,,,,
123349,73762.0189,0.1,0,0.4,0,0.07,1,0.3,0,0.1,0,0.6,0,0.07,1,1,0,0.2,0
123360,112542.8429,0.4,0,0.7,0,0.1,0,0.5,0,0.1,0,2,0,0.2,0,3.9,0,1.1,0
123362,46991.95199,0.2,0,2,0,0.1,0,0.6,0,0.07,1,3.4,0,0.07,1,4.3,0,3.2,0
123369,28816.12216,0.6,0,0.9,0,0.07,1,0.6,0,0.2,0,1.5,0,0.07,1,6.4,0,1.8,0
123378,92798.5905,0.07,1,1.3,0,0.07,1,1.2,0,0.07,1,0.9,0,0.07,1,0.7,0,0.4,0
123389,118981.6894,0.3,0,0.5,0,0.1,0,0.5,0,0.3,0,2.7,0,0.07,1,4.6,0,1.4,0
123396,24744.43933,0.2,0,1.1,0,0.07,1,0.7,0,0.2,0,1.2,0,0.07,1,3.9,0,1.3,0
123399,101520.1829,0.1,0,1.7,0,0.07,1,0.4,0,0.07,1,1.9,0,0.07,1,3.2,0,1.2,0
123401,0,,,,,,,,,,,,,,,,,,
123402,223729.5024,0.3,0,3.1,0,0.2,0,1.2,0,0.2,0,3.7,0,0.07,1,3.4,0,2.8,0
123408,191057.2502,0.07,1,2.9,0,0.1,0,0.4,0,0.07,1,2.5,0,0.07,1,1.8,0,1.3,0
123409,144984.1044,0.07,1,1.2,0,0.07,1,0.07,1,0.07,1,0.7,0,0.07,1,1.5,0,0.9,0
123411,15671.0304,0.07,1,0.3,0,0.2,0,0.5,0,0.07,1,0.5,0,0.07,1,1.9,0,0.6,0
123416,12910.97368,0.2,0,1,0,0.07,1,0.6,0,0.2,0,1.6,0,0.07,1,4,0,1.8,0
123421,163229.3848,0.1,0,0.3,0,0.3,0,0.07,1,0.07,1,0.2,0,0.07,1,1.7,0,0.3,0
123422,104242.7967,0.2,0,0.3,0,0.2,0,0.4,0,0.07,1,0.9,0,0.07,1,1.6,0,0.6,0
123424,0,,,,,,,,,,,,,,,,,,
123439,34525.97606,0.2,0,0.7,0,0.07,1,0.4,0,0.2,0,0.5,0,0.07,1,2,0,1,0
123443,52773.19319,0.07,1,0.7,0,0.07,1,0.1,0,0.07,1,0.6,0,0.07,1,0.4,0,0.3,0
123449,15343.30295,0.1,0,1.3,0,0.07,1,0.4,0,0.1,0,1.2,0,0.2,0,1.4,0,0.5,0
123452,98090.04359,0.1,0,1.6,0,1.3,0,0.5,0,0.1,0,2.1,0,0.07,1,1.4,0,1.2,0
123461,70218.57533,0.5,0,2.2,0,0.1,0,1.7,0,0.3,0,3.4,0,0.07,1,11.7,0,4.7,0
123463,72426.20851,0.8,0,0.7,0,0.07,1,1.3,0,0.6,0,0.9,0,0.07,1,8.4,0,1.3,0
123474,136584.8719,0.07,1,1.5,0,0.1,0,0.2,0,0.07,1,1.3,0,0.07,1,1.6,0,1,0
123476,25101.85203,0.07,1,0.3,0,0.07,1,0.1,0,0.07,1,0.6,0,0.07,1,1.2,0,0.5,0
123479,196668.7525,0.3,0,2.2,0,0.07,1,1.1,0,0.1,0,3.1,0,0.07,1,5.5,0,4.1,0
123481,13624.66322,0.6,0,0.9,0,0.3,0,0.6,0,0.07,1,1.7,0,0.07,1,3.8,0,0.9,0
123485,0,,,,,,,,,,,,,,,,,,
123493,38357.05849,2,0,0.5,0,0.07,1,2,0,0.4,0,8,0,0.07,1,2.6,0,0.6,0
123503,64280.97773,0.07,1,0.2,0,0.07,1,0.07,1,0.07,1,0.3,0,0.07,1,0.5,0,0.2,0
123504,42102.91671,0.1,0,1.2,0,0.2,0,0.5,0,0.1,0,1.1,0,0.07,1,4.1,0,2.5,0
123508,90311.14302,0.3,0,2.4,0,0.5,0,1.1,0,0.3,0,2.9,0,0.07,1,9.8,0,4.3,0
123514,82811.3113,0.07,1,0.3,0,0.07,1,0.1,0,0.07,1,0.5,0,0.07,1,0.5,0,0.3,0
123524,40487.85337,0.07,1,0.8,0,0.07,1,0.5,0,0.07,1,1.5,0,0.07,1,1.3,0,0.9,0
123537,346496.8935,0.1,0,0.7,0,0.3,0,0.3,0,0.07,1,0.9,0,0.07,1,1.7,0,0.7,0
123539,134929.5415,0.07,1,1.6,0,0.2,0,0.5,0,0.07,1,1.2,0,0.07,1,3,0,1.2,0
123542,45494.24977,0.1,0,3,0,0.1,0,2.7,0,0.07,1,1.5,0,0.07,1,3.9,0,1.7,0
123546,19133.51448,0.2,0,0.9,0,0.2,0,0.4,0,0.1,0,1.5,0,0.07,1,2.3,0,0.8,0
123549,143392.0494,0.07,1,1.5,0,0.07,1,0.8,0,0.07,1,0.6,0,0.07,1,2.9,0,2.2,0
123550,86333.218,0.07,1,0.5,0,0.07,1,1,0,0.07,1,0.9,0,0.07,1,1.5,0,0.6,0
123553,622111.3024,0.2,0,1.4,0,1,0,0.7,0,0.2,0,1.8,0,0.07,1,4.7,0,2.7,0
123560,15690.82831,0.07,1,0.07,1,0.07,1,0.07,1,0.07,1,0.07,1,0.07,1,0.07,1,0.07,1
123568,21610.53056,0.4,0,1.9,0,0.1,0,1.3,0,0.2,0,2.6,0,0.07,1,4.4,0,2.4,0
123570,239514.4597,0.3,0,3.5,0,0.2,0,0.9,0,0.3,0,3.4,0,0.07,1,5.9,0,2.7,0
123582,58798.0603,0.2,0,1.6,0,0.2,0,0.7,0,0.1,0,4.2,0,0.07,1,3.3,0,2.1,0
123583,73465.6749,0.2,0,2.4,0,0.1,0,0.6,0,0.1,0,2.2,0,0.07,1,3.6,0,2,0
123585,11277.57925,0.2,0,0.8,0,0.2,0,0.5,0,0.1,0,0.8,0,0.2,0,1.3,0,0.5,0
123600,23615.80708,0.2,0,0.6,0,0.07,1,0.3,0,0.1,0,0.7,0,0.07,1,2.7,0,1.3,0
123602,48456.93599,0.1,0,0.2,0,0.1,0,0.2,0,0.1,0,0.4,0,0.07,1,0.8,0,0.3,0
123609,11424.09547,0.2,0,1.4,0,0.07,1,0.3,0,0.1,0,0.6,0,0.07,1,54.5,0,2.7,0
123610,49006.7213,0.1,0,0.5,0,0.07,1,0.1,0,0.07,1,0.7,0,0.07,1,1.1,0,0.3,0
123618,41391.77863,0.2,0,0.8,0,0.7,0,0.4,0,0.07,1,1.8,0,0.3,0,2.7,0,1.6,0
123626,40672.94099,0.1,0,0.9,0,0.07,1,0.3,0,0.1,0,1.4,0,0.07,1,1.9,0,1.1,0
123627,46359.36841,0.2,0,3.1,0,0.2,0,0.8,0,0.07,1,0.8,0,0.07,1,4.4,0,1.9,0
123629,16720.03949,0.1,0,2.9,0,0.2,0,0.3,0,0.07,1,1.4,0,0.07,1,2.5,0,1,0
123635,117791.0251,0.2,0,1,0,0.1,0,0.8,0,0.1,0,1.3,0,0.07,1,2.3,0,0.9,0
123637,0,,,,,,,,,,,,,,,,,,
123648,37822.75745,0.1,0,1,0,0.07,1,0.6,0,0.07,1,1.2,0,0.07,1,0.9,0,0.4,0
123659,14914.83876,0.2,0,0.4,0,0.1,0,0.4,0,0.1,0,0.6,0,0.07,1,2.7,0,0.5,0
123662,25821.09335,0.2,0,1.9,0,0.1,0,1.1,0,0.2,0,2.4,0,0.07,1,3.9,0,3.5,0
123667,270449.4574,0.3,0,1,0,0.1,0,0.5,0,0.1,0,2,0,0.07,1,1.7,0,0.9,0
123672,117658.5854,0.1,0,5.9,0,0.07,1,0.2,0,0.07,1,0.9,0,0.2,0,3.3,0,1.2,0
123673,64933.06324,0.2,0,1.1,0,0.1,0,0.4,0,0.2,0,1.4,0,0.07,1,3.6,0,2.4,0
123675,37311.61695,0.07,1,1,0,0.07,1,0.5,0,0.07,1,1.1,0,0.07,1,1.6,0,0.5,0
123680,263974.3688,0.3,0,2.4,0,0.1,0,0.5,0,0.2,0,1.2,0,0.07,1,4,0,1.1,0
123681,29748.07758,0.4,0,0.2,0,0.2,0,0.4,0,0.2,0,1.3,0,0.07,1,1,0,0.4,0
123688,246487.5393,0.6,0,0.5,0,0.2,0,1.2,0,0.1,0,2.7,0,0.07,1,1.4,0,0.9,0
123695,75246.09138,0.07,1,0.4,0,1,0,0.2,0,0.07,1,0.4,0,0.07,1,2.1,0,1.1,0
123698,52037.0948,0.2,0,2.3,0,0.1,0,0.5,0,0.2,0,2.7,0,0.07,1,9.2,0,5.9,0
123702,0,,,,,,,,,,,,,,,,,,
123705,23618.61556,0.7,0,2,0,0.1,0,1.3,0,0.6,0,2,0,0.07,1,6.3,0,1,0
123706,128842.3936,0.3,0,0.4,0,0.07,1,0.6,0,0.07,1,1.3,0,0.07,1,1.6,0,0.4,0
123711,70327.69769,0.1,0,0.5,0,0.6,0,0.3,0,0.07,1,0.6,0,0.07,1,3.5,0,1.7,0
123712,181386.5736,0.2,0,0.8,0,0.2,0,0.7,0,0.07,1,1.3,0,0.07,1,1.4,0,0.6,0
123713,53017.08938,0.2,0,0.3,0,0.07,1,0.2,0,0.07,1,0.9,0,0.07,1,0.9,0,0.4,0
123719,32484.19158,0.1,0,1.6,0,0.07,1,0.8,0,0.07,1,2,0,0.07,1,3.6,0,2,0
123723,39661.05449,0.1,0,2.1,0,0.07,1,2.1,0,0.07,1,3.1,0,0.07,1,1.4,0,1,0
123735,48466.22019,0.2,0,1.1,0,0.3,0,1.2,0,0.1,0,1.3,0,0.07,1,4.2,0,1.7,0
123738,275294.7131,0.07,1,1.2,0,0.07,1,0.4,0,0.07,1,1.4,0,0.07,1,2.6,0,2.7,0
123740,0,,,,,,,,,,,,,,,,,,
123744,27207.45684,1.7,0,1.4,0,0.1,0,2.9,0,0.2,0,11.4,0,0.07,1,3.7,0,1.7,0
123753,58563.18697,0.1,0,3.2,0,0.5,0,0.6,0,0.1,0,1.8,0,0.07,1,8,0,5.6,0
123766,24605.5581,0.1,0,0.9,0,0.1,0,0.3,0,0.07,1,0.7,0,0.07,1,1.5,0,0.6,0
123770,0,,,,,,,,,,,,,,,,,,
123774,343147.6978,0.2,0,1.9,0,0.3,0,0.4,0,0.1,0,1.5,0,0.07,1,3.6,0,1.7,0
123795,47692.35425,0.4,0,1.1,0,0.2,0,1,0,0.3,0,1.6,0,0.07,1,8.5,0,3.2,0
123798,116143.2804,0.2,0,1.6,0,0.7,0,0.8,0,0.2,0,2.3,0,0.07,1,5.4,0,4.1,0
123801,71532.41531,0.2,0,2,0,0.2,0,0.6,0,0.1,0,3.6,0,0.07,1,2.2,0,0.8,0
123808,0,,,,,,,,,,,,,,,,,,
123819,84888.22585,0.1,0,2.5,0,0.3,0,0.5,0,0.07,1,1.6,0,0.07,1,5.7,0,3.4,0
123824,0,,,,,,,,,,,,,,,,,,
123826,0,,,,,,,,,,,,,,,,,,
123834,0,,,,,,,,,,,,,,,,,,
123838,20048.17688,0.2,0,1.3,0,0.3,0,0.4,0,0.07,1,1.5,0,0.07,1,6.4,0,3,0
123840,370838.9557,0.2,0,1,0,0.1,0,0.4,0,0.07,1,1.2,0,0.07,1,2.3,0,1.3,0
123843,16271.85636,0.3,0,2.3,0,0.2,0,1,0,0.2,0,2.8,0,0.07,1,8.9,0,3.9,0
123845,17021.66448,0.07,1,1.3,0,0.07,1,0.2,0,0.07,1,0.8,0,0.07,1,1.5,0,0.7,0
123852,258255.603,0.1,0,3,0,0.1,0,0.5,0,0.07,1,3.1,0,0.07,1,2.5,0,1.3,0
123854,21489.39604,0.1,0,0.4,0,0.07,1,0.6,0,0.07,1,0.3,0,0.07,1,1.1,0,0.4,0
123855,38165.2525,0.1,0,0.4,0,0.1,0,0.3,0,0.1,0,0.6,0,0.07,1,1,0,0.4,0
123856,147117.3279,1.1,0,0.9,0,0.3,0,1.3,0,0.6,0,5.9,0,0.07,1,6.7,0,1.5,0
123860,260727.1781,0.5,0,0.9,0,0.2,0,0.6,0,0.2,0,1.9,0,0.07,1,6.7,0,2.1,0
123867,31432.09995,0.07,1,1.2,0,0.2,0,0.2,0,0.07,1,1,0,0.07,1,4.4,0,3.8,0
123873,28610.19249,0.5,0,1.1,0,3.1,0,1.7,0,0.4,0,1.7,0,0.07,1,13,0,3.8,0
123874,0,,,,,,,,,,,,,,,,,,
123880,43745.79651,0.07,1,1.2,0,0.07,1,0.07,1,0.07,1,0.8,0,0.07,1,1.3,0,0.5,0
123881,129224.8044,0.3,0,0.3,0,0.07,1,0.2,0,0.2,0,0.4,0,0.07,1,3.7,0,0.6,0
123884,20036.70955,0.2,0,3,0,0.07,1,2.1,0,0.3,0,1.8,0,0.07,1,3.2,0,2.1,0
123887,27591.35349,0.2,0,0.4,0,0.3,0,0.4,0,0.1,0,1.2,0,0.07,1,1.2,0,0.7,0
123891,47006.39989,0.3,0,0.4,0,0.1,0,0.5,0,0.3,0,1.7,0,0.07,1,3,0,1.1,0
123897,0,,,,,,,,,,,,,,,,,,
123900,35733.98407,0.2,0,2.3,0,0.1,0,0.6,0,0.07,1,1.4,0,0.07,1,5.2,0,3.3,0
123902,163733.4745,0.3,0,0.3,0,0.07,1,0.3,0,0.2,0,0.4,0,0.07,1,2,0,0.2,0
123903,39590.95826,0.2,0,2.9,0,0.07,1,1.2,0,0.07,1,4.3,0,0.07,1,3.8,0,2.1,0
123904,0,,,,,,,,,,,,,,,,,,
123912,25946.92797,0.5,0,3,0,0.07,1,1.1,0,0.6,0,2.6,0,0.07,1,12.1,0,4.1,0
123914,35233.64789,0.2,0,2.3,0,0.07,1,0.8,0,0.2,0,2.4,0,0.07,1,8.2,0,4.2,0
123918,39989.79348,0.2,0,0.9,0,0.07,1,0.4,0,0.2,0,1.4,0,0.2,0,2.1,0,0.8,0
123926,38749.60278,0.2,0,0.4,0,0.1,0,0.7,0,0.07,1,0.7,0,0.07,1,1.8,0,0.7,0
123928,57640.2889,0.2,0,1.9,0,0.1,0,0.7,0,0.3,0,2.5,0,0.07,1,3.6,0,2.3,0
123931,20231.51935,0.5,0,1.2,0,0.3,0,1,0,0.2,0,2.4,0,0.07,1,17.4,0,1.8,0
123933,15306.91714,0.2,0,5.4,0,0.1,0,0.6,0,0.07,1,2.2,0,0.07,1,4.1,0,2,0
123934,89474.70692,0.2,0,1.3,0,0.1,0,0.5,0,0.1,0,0.4,0,0.07,1,3,0,1.9,0
123937,97773.94254,0.1,0,0.7,0,0.07,1,0.5,0,0.07,1,0.8,0,0.07,1,1,0,0.4,0
123940,144943.1615,0.3,0,1.7,0,0.07,1,0.5,0,0.2,0,1.7,0,0.07,1,5.8,0,3.5,0
123941,14659.98085,0.5,0,2.2,0,0.07,1,1,0,0.3,0,3.3,0,0.07,1,10,0,2.7,0
123943,247556.4609,0.1,0,2.2,0,0.07,1,1.5,0,0.07,1,2.2,0,0.07,1,4.1,0,2.1,0
123950,71191.47135,0.2,0,0.4,0,0.2,0,0.3,0,0.1,0,0.5,0,0.07,1,1.7,0,0.4,0
123956,0,,,,,,,,,,,,,,,,,,
123969,82303.40805,0.2,0,0.3,0,0.1,0,0.3,0,0.2,0,0.7,0,0.07,1,0.8,0,0.3,0
123972,47371.09562,2.5,0,2.1,0,0.2,0,2.4,0,1.1,0,2.4,0,0.07,1,20.7,0,4.8,0
123978,0,,,,,,,,,,,,,,,,,,
123980,61641.65514,0.6,0,0.4,0,0.1,0,0.2,0,0.3,0,0.7,0,0.07,1,3.3,0,0.3,0
123982,82768.3547,1.2,0,3.2,0,0.4,0,2.7,0,0.7,0,4.2,0,0.07,1,30.1,0,4.7,0
123993,46009.50022,0.2,0,0.5,0,0.5,0,0.2,0,0.2,0,0.5,0,0.07,1,1.6,0,0.7,0
123999,0,,,,,,,,,,,,,,,,,,
124002,138525.7923,0.1,0,1.6,0,0.4,0,1.1,0,0.07,1,2,0,0.07,1,6.3,0,5.4,0
124004,13656.51996,0.07,1,0.8,0,0.1,0,1.9,0,0.07,1,0.5,0,0.07,1,0.7,0,0.3,0
124012,33653.08106,0.2,0,0.3,0,0.07,1,0.1,0,0.1,0,0.2,0,0.1,0,1,0,0.3,0
124014,94169.14952,0.07,1,3.6,0,0.07,1,0.07,1,0.07,1,0.7,0,0.07,1,0.8,0,0.3,0
124025,45897.4585,0.7,0,0.9,0,0.2,0,1.3,0,0.2,0,4,0,0.07,1,3.3,0,1.7,0
124026,203524.2319,0.07,1,0.4,0,0.07,1,0.07,1,0.07,1,0.6,0,0.07,1,2.2,0,0.3,0
124038,0,,,,,,,,,,,,,,,,,,
124041,88484.42933,0.07,1,0.6,0,0.07,1,0.5,0,0.07,1,0.9,0,0.07,1,0.6,0,0.3,0
124048,17246.08635,0.2,0,1.5,0,0.1,0,0.6,0,0.1,0,1,0,0.07,1,3.5,0,1,0
124051,241750.9336,0.2,0,0.8,0,0.07,1,0.7,0,0.1,0,1.5,0,0.07,1,1.9,0,0.8,0
124054,60130.66513,0.3,0,5.4,0,0.07,1,0.8,0,0.3,0,2.2,0,0.07,1,6.4,0,3.4,0
124056,134436.8778,0.3,0,2.1,0,0.07,1,0.8,0,0.07,1,4.2,0,0.07,1,4.1,0,3.2,0
124057,121515.0461,0.2,0,0.2,0,0.07,1,0.4,0,0.1,0,0.7,0,0.07,1,1.3,0,0.4,0
124061,41694.47022,0.2,0,0.8,0,0.2,0,0.2,0,0.1,0,0.8,0,0.07,1,2.6,0,0.9,0
124062,286120.5267,0.07,1,0.07,1,0.07,1,0.5,0,0.07,1,0.1,0,0.07,1,0.1,0,0.07,1
124068,75644.98142,0.2,0,0.3,0,0.07,1,0.3,0,0.3,0,1.2,0,0.07,1,2.3,0,0.3,0
124074,70769.64217,0.2,0,0.2,0,0.1,0,0.1,0,0.1,0,0.5,0,0.07,1,2,0,0.5,0
124077,90396.36676,1.1,0,2.9,0,0.1,0,1.5,0,0.3,0,4.5,0,0.07,1,7.4,0,1.5,0
124080,57320.71614,0.1,0,0.4,0,0.07,1,0.5,0,0.1,0,1.2,0,0.07,1,3,0,1.3,0
124081,101476.7722,0.1,0,0.9,0,0.2,0,0.2,0,0.07,1,1.4,0,0.07,1,1.8,0,1.1,0
124085,11184.93151,1,0,1.8,0,0.07,1,1.5,0,0.5,0,1.3,0,0.07,1,24,0,3.6,0
124087,385189.8893,0.1,0,1,0,0.1,0,0.2,0,0.07,1,0.7,0,0.07,1,2.3,0,0.9,0
124088,180919.3809,0.2,0,2,0,0.07,1,0.6,0,0.2,0,1.3,0,0.07,1,2.1,0,1,0
124089,23586.43781,0.1,0,0.07,1,0.07,1,0.1,0,0.2,0,0.07,1,0.07,1,0.7,0,0.1,0
124090,32538.71526,0.2,0,0.7,0,0.07,1,0.5,0,0.07,1,2.1,0,0.07,1,1.3,0,0.9,0
124092,20630.68745,0.5,0,2,0,0.1,0,0.7,0,0.1,0,2.7,0,0.07,1,1.9,0,0.7,0
124094,65398.74976,0.2,0,0.6,0,0.07,1,0.4,0,0.1,0,1.4,0,0.07,1,0.9,0,0.4,0
124098,60730.68793,0.2,0,0.3,0,0.1,0,0.4,0,0.07,1,0.5,0,0.07,1,0.7,0,0.3,0
124101,768763.2952,0.2,0,0.5,0,0.1,0,0.5,0,0.2,0,0.8,0,0.07,1,2,0,0.5,0
124104,40534.43115,0.2,0,1.9,0,0.1,0,0.3,0,0.07,1,1.7,0,0.07,1,2.7,0,1.5,0
124105,41553.98032,0.07,1,0.7,0,0.07,1,0.5,0,0.07,1,1.3,0,0.07,1,0.9,0,0.5,0
124108,21757.92707,1.1,0,0.6,0,0.07,1,1.1,0,0.4,0,2,0,0.07,1,10.5,0,1.4,0
124111,51971.19584,0.1,0,0.3,0,0.1,0,0.2,0,0.07,1,0.5,0,0.07,1,0.8,0,0.2,0
124115,281454.7916,0.07,1,5,0,0.2,0,0.4,0,0.07,1,1.9,0,0.07,1,3.8,0,2.7,0
124119,0,,,,,,,,,,,,,,,,,,
124130,33953.75714,0.07,1,0.3,0,0.07,1,0.2,0,0.07,1,0.5,0,0.07,1,0.9,0,0.3,0
124132,22466.65318,0.5,0,3.6,0,1.2,0,2.1,0,0.2,0,5.3,0,0.07,1,14.8,0,7.2,0
124134,53628.44459,0.07,1,0.6,0,0.3,0,0.2,0,0.07,1,0.6,0,0.07,1,1.9,0,0.9,0
124139,63210.30615,0.6,0,0.6,0,0.07,1,0.6,0,0.3,0,1.3,0,0.07,1,7.7,0,0.9,0
124148,25141.76731,0.2,0,0.8,0,0.07,1,0.5,0,0.1,0,2.1,0,0.07,1,2,0,1.2,0
124149,57010.3394,0.1,0,1.6,0,0.07,1,0.5,0,0.07,1,1.8,0,0.07,1,3.5,0,1.6,0
124151,0,,,,,,,,,,,,,,,,,,
124159,190441.3177,0.6,0,0.8,0,0.07,1,1.3,0,0.1,0,2.6,0,0.07,1,4.6,0,2.1,0
124160,40251.12966,0.2,0,1.2,0,1.6,0,0.6,0,0.2,0,1.9,0,0.07,1,6.9,0,4.4,0
124163,31642.57823,0.3,0,0.8,0,0.07,1,0.6,0,0.1,0,1.7,0,0.07,1,2.3,0,1.1,0
124169,67092.92743,1.5,0,2.7,0,0.07,1,1.7,0,1.1,0,2.1,0,0.07,1,12.9,0,3.2,0
124181,19753.64902,0.07,1,0.07,1,0.07,1,0.3,0,0.07,1,0.4,0,0.07,1,0.5,0,0.2,0
124183,46210.99978,0.3,0,0.2,0,0.07,1,0.07,1,0.2,0,0.4,0,0.07,1,2.2,0,0.2,0
124186,53865.53857,0.2,0,3.7,0,0.2,0,0.4,0,0.1,0,2.3,0,0.07,1,4.5,0,2.5,0
124196,64127.5727,0.3,0,1.8,0,0.2,0,0.9,0,0.5,0,2.1,0,0.07,1,6.1,0,3.3,0
124199,33891.60966,0.3,0,5.1,0,0.3,0,0.8,0,0.1,0,2.8,0,0.07,1,7.5,0,2.6,0
124219,55157.72354,0.3,0,0.8,0,0.07,1,0.7,0,0.1,0,0.6,0,0.07,1,6.1,0,3.2,0
124226,49766.2792,0.07,1,1,0,0.07,1,0.3,0,0.07,1,1.1,0,0.07,1,3.7,0,2.2,0
124234,0,,,,,,,,,,,,,,,,,,
124235,30645.71499,0.1,0,1.5,0,0.2,0,0.9,0,0.07,1,1.6,0,0.07,1,6.8,0,3.4,0
124237,144512.5344,0.07,1,1,0,0.07,1,0.4,0,0.07,1,1.9,0,0.07,1,2.2,0,0.7,0
124238,43473.31313,0.1,0,4.9,0,0.1,0,0.6,0,0.07,1,6.4,0,0.07,1,1.3,0,0.8,0
124239,20090.23016,0.2,0,0.5,0,0.07,1,0.5,0,0.1,0,1.3,0,0.07,1,1.7,0,0.4,0
124241,0,,,,,,,,,,,,,,,,,,
124248,195750.6948,4.1,0,0.8,0,0.2,0,1.7,0,0.5,0,2.3,0,0.07,1,7,0,1.3,0
124256,50383.65133,0.3,0,0.6,0,0.1,0,0.7,0,0.3,0,1.5,0,0.07,1,2.4,0,0.6,0
124257,46812.87188,0.07,1,0.3,0,0.07,1,0.4,0,0.07,1,0.5,0,0.07,1,0.9,0,0.3,0
124260,0,,,,,,,,,,,,,,,,,,
124262,70546.75159,0.2,0,1.8,0,0.07,1,0.8,0,0.1,0,1.2,0,0.07,1,7.6,0,2.7,0
124271,186917.1208,0.5,0,1.4,0,0.1,0,1,0,0.4,0,2.7,0,0.07,1,5.8,0,2.4,0
124272,38425.93488,0.2,0,0.4,0,0.07,1,0.7,0,0.4,0,1.7,0,0.07,1,1.5,0,0.6,0
124276,30504.11769,0.1,0,0.7,0,0.2,0,0.2,0,0.07,1,1,0,0.2,0,1.6,0,0.6,0
124279,31715.71439,0.2,0,0.6,0,0.07,1,0.4,0,0.07,1,3.2,0,0.07,1,0.8,0,0.4,0
124280,0,,,,,,,,,,,,,,,,,,
124282,137233.3164,0.3,0,1.4,0,1.9,0,1.1,0,0.1,0,2.9,0,0.07,1,8.9,0,4.8,0
124289,69070.56227,0.9,0,2.1,0,0.1,0,1.6,0,0.3,0,3.8,0,0.07,1,33.6,0,10.3,0
124297,29341.11104,0.07,1,0.3,0,0.1,0,0.2,0,0.07,1,0.6,0,0.07,1,0.7,0,0.3,0
124301,162181.6386,0.3,0,1,0,0.07,1,0.5,0,0.07,1,1.4,0,0.07,1,2.8,0,0.9,0
124305,51378.47475,0.07,1,0.5,0,0.07,1,0.4,0,0.07,1,1.2,0,0.07,1,0.8,0,0.4,0
124313,53158.19887,0.2,0,1,0,0.07,1,1.1,0,0.07,1,1.6,0,0.07,1,1.4,0,0.9,0
124315,0,,,,,,,,,,,,,,,,,,
124321,0,,,,,,,,,,,,,,,,,,
124322,20650.65366,0.2,0,0.9,0,0.07,1,0.8,0,0.1,0,0.7,0,0.07,1,3.4,0,1.6,0
124323,284914.4612,0.1,0,1.3,0,1,0,1.3,0,0.07,1,1.8,0,0.07,1,4.2,0,2.5,0
124324,42296.88833,0.2,0,1.7,0,0.2,0,0.8,0,0.2,0,1.9,0,0.07,1,3.6,0,1.8,0
124332,334952.3371,0.4,0,3.5,0,0.1,0,1.1,0,0.3,0,2.9,0,0.07,1,10,0,3,0
124348,48573.96187,0.1,0,0.5,0,0.2,0,0.2,0,0.1,0,0.8,0,0.07,1,1.3,0,0.9,0
124351,37670.56964,0.3,0,1.8,0,1.5,0,1.1,0,0.2,0,1.6,0,0.07,1,8.4,0,4.5,0
124372,63454.62761,0.2,0,3.1,0,0.07,1,1,0,0.07,1,3.3,0,0.2,0,10.3,0,7.3,0
124374,19100.8638,0.4,0,1.6,0,0.4,0,0.7,0,0.3,0,2,0,0.07,1,8.9,0,2.9,0
124377,41945.5469,0.1,0,0.3,0,0.07,1,0.2,0,0.07,1,0.4,0,0.07,1,0.5,0,0.2,0
124379,108024.6869,0.2,0,1.8,0,0.2,0,0.4,0,0.07,1,1,0,0.1,0,2.7,0,0.8,0
124398,83307.77474,0.07,1,0.6,0,0.07,1,0.07,1,0.07,1,0.5,0,0.07,1,2.1,0,0.9,0
124400,404701.5369,0.1,0,0.4,0,0.07,1,0.2,0,0.1,0,0.5,0,0.07,1,1.1,0,0.9,0
124405,121442.2432,0.5,0,0.9,0,0.07,1,0.6,0,0.2,0,1,0,0.07,1,3.5,0,1.3,0
124406,80652.99012,0.07,1,0.2,0,0.07,1,0.1,0,0.07,1,0.3,0,0.07,1,0.4,0,0.2,0
124413,0,,,,,,,,,,,,,,,,,,
124417,158924.108,0.2,0,1.3,0,0.1,0,0.3,0,0.1,0,1.1,0,0.07,1,3.6,0,2.1,0
124428,60142.80426,0.2,0,1.4,0,0.1,0,0.5,0,0.1,0,1.1,0,0.07,1,1.6,0,0.8,0
124429,36438.53992,0.2,0,0.5,0,0.1,0,0.4,0,0.1,0,0.9,0,0.07,1,2.7,0,0.9,0
124437,22003.13324,0.6,0,0.9,0,0.1,0,0.9,0,0.3,0,1.2,0,0.07,1,5.5,0,1.5,0
124441,0,,,,,,,,,,,,,,,,,,
124450,476780.5297,0.1,0,1.3,0,0.07,1,0.3,0,0.07,1,2.4,0,0.07,1,1.9,0,1.3,0
124453,34538.1309,0.07,1,2.7,0,0.2,0,0.3,0,0.07,1,1.7,0,0.07,1,2.1,0,1.7,0
124463,247435.7383,0.1,0,4.2,0,0.1,0,0.2,0,0.07,1,1.5,0,0.07,1,2.1,0,0.8,0
124467,37426.03562,0.3,0,0.2,0,0.07,1,0.1,0,0.1,0,0.4,0,0.07,1,2.8,0,0.4,0
124477,50566.5164,0.4,0,4.7,0,0.07,1,1.5,0,0.3,0,3.9,0,0.07,1,3.9,0,1.1,0
124480,66147.18605,0.2,0,0.6,0,0.07,1,1.3,0,0.2,0,1.2,0,0.07,1,2,0,0.5,0
124482,295035.5684,0.3,0,4,0,0.1,0,1,0,0.2,0,5.4,0,0.07,1,5.6,0,3.5,0
124488,22813.19391,0.8,0,12.2,0,0.5,0,1.5,0,0.3,0,2.9,0,0.07,1,19.9,0,5.4,0
124502,39720.74267,0.07,1,0.5,0,0.07,1,0.1,0,0.07,1,0.5,0,0.07,1,0.6,0,0.3,0
124506,121005.5113,0.2,0,1.3,0,0.3,0,1.1,0,0.2,0,1.9,0,0.07,1,6.5,0,4,0
124519,41404.4157,0.5,0,1.4,0,0.2,0,0.3,0,0.07,1,2.6,0,0.07,1,1.2,0,1.1,0
124520,129459.2111,0.2,0,2.3,0,0.3,0,0.6,0,0.1,0,2.5,0,0.07,1,5.4,0,2.8,0
124526,76804.68676,0.2,0,0.3,0,0.2,0,0.1,0,0.2,0,0.4,0,0.1,0,1.7,0,0.4,0
124537,144843.7592,0.07,1,0.4,0,0.07,1,0.3,0,0.07,1,0.8,0,0.07,1,0.8,0,0.4,0
124544,67096.82591,0.3,0,3,0,0.2,0,1.1,0,0.1,0,3,0,0.07,1,6.7,0,3.3,0
124549,0,,,,,,,,,,,,,,,,,,
124556,62433.66954,0.7,0,2.2,0,0.07,1,2.5,0,0.5,0,2.7,0,0.07,1,12.6,0,4.8,0
124557,18571.96123,0.07,1,1.3,0,0.07,1,0.2,0,0.07,1,0.6,0,0.07,1,2.6,0,1.1,0
124558,172898.8276,0.07,1,0.2,0,0.07,1,0.07,1,0.07,1,0.2,0,0.07,1,0.9,0,0.1,0
124565,112549.9002,0.07,1,1.1,0,0.07,1,0.07,1,0.07,1,0.6,0,0.07,1,1.2,0,0.5,0
124578,132361.9995,0.07,1,1.1,0,0.07,1,0.6,0,0.07,1,0.9,0,0.07,1,1.6,0,0.9,0
124587,147848.0695,0.3,0,0.5,0,0.1,0,0.7,0,0.2,0,2,0,0.2,0,1.9,0,0.8,0
124589,67394.34457,0.4,0,0.7,0,0.2,0,1.1,0,0.2,0,3.1,0,0.07,1,3.8,0,1.8,0
124590,141899.4049,0.1,0,0.3,0,0.07,1,0.3,0,0.2,0,0.5,0,0.07,1,1.5,0,0.5,0
124596,22587.11046,0.8,0,1.1,0,0.2,0,0.8,0,0.8,0,1.5,0,0.07,1,9.2,0,2.4,0
124603,0,,,,,,,,,,,,,,,,,,
124604,539485.5029,0.4,0,3.5,0,0.07,1,1.2,0,0.1,0,3.6,0,0.07,1,4.5,0,1.6,0
124606,13701.20093,0.3,0,0.7,0,0.07,1,1.9,0,0.1,0,2.4,0,0.07,1,2.2,0,0.5,0
124608,114818.4692,0.1,0,0.7,0,0.2,0,0.4,0,0.07,1,1.4,0,0.07,1,1.2,0,0.5,0
124612,97584.36294,0.1,0,3.5,0,0.07,1,0.3,0,0.1,0,1.3,0,0.07,1,3.8,0,1.9,0
124614,0,,,,,,,,,,,,,,,,,,
124615,185774.4997,0.2,0,1.4,0,0.1,0,0.3,0,0.2,0,0.8,0,0.07,1,2.9,0,0.9,0
124616,40978.61909,0.07,1,2.3,0,0.07,1,0.3,0,0.07,1,1.3,0,0.07,1,1.5,0,0.9,0
124617,270449.4574,0.2,0,2.9,0,0.1,0,0.5,0,0.2,0,2.3,0,0.07,1,3.5,0,2.2,0
124632,28497.85502,0.2,0,0.5,0,0.07,1,0.3,0,0.07,1,0.9,0,0.07,1,2.2,0,0.9,0
124639,38554.08301,0.07,1,1,0,0.07,1,0.07,1,0.07,1,0.5,0,0.07,1,0.7,0,0.2,0
124656,13178.96954,0.3,0,1.4,0,0.07,1,0.8,0,0.2,0,0.8,0,0.07,1,5.6,0,1.9,0
124661,0,,,,,,,,,,,,,,,,,,
124663,35571.66751,0.2,0,1.1,0,0.5,0,0.5,0,0.1,0,0.7,0,0.07,1,1.3,0,0.4,0
124674,12622.66262,0.2,0,0.7,0,1.3,0,0.3,0,0.07,1,1.4,0,0.2,0,3.4,0,1.5,0
124682,40429.18033,0.07,1,0.4,0,0.07,1,0.2,0,0.07,1,0.6,0,0.07,1,0.8,0,0.3,0
124684,150370.4625,0.1,0,0.3,0,0.1,0,0.2,0,0.07,1,0.4,0,0.1,0,0.8,0,0.5,0
124686,45423.13247,0.2,0,5.5,0,0.4,0,0.5,0,0.1,0,2,0,0.07,1,6.2,0,3.8,0
124687,0,,,,,,,,,,,,,,,,,,
124688,113105.3967,0.07,1,1,0,0.07,1,0.8,0,0.07,1,0.7,0,0.07,1,1.4,0,0.5,0
124689,54437.43486,0.07,1,1.2,0,0.07,1,0.4,0,0.2,0,1.2,0,0.07,1,1.5,0,1.6,0
124702,46823.42748,0.3,0,0.4,0,0.07,1,0.5,0,0.2,0,0.7,0,0.07,1,6.7,0,0.7,0
124704,25808.21109,0.07,1,0.7,0,0.2,0,0.3,0,0.07,1,0.9,0,0.07,1,1.2,0,0.8,0
124708,194557.6583,0.3,0,1.9,0,0.2,0,0.7,0,0.2,0,1,0,0.07,1,5.2,0,1.1,0
124710,158561.4303,0.2,0,1.4,0,0.07,1,0.4,0,0.2,0,1.2,0,0.07,1,3,0,1,0
124712,81363.07715,0.1,0,0.3,0,0.07,1,0.2,0,0.07,1,0.3,0,0.07,1,2,0,0.4,0
124715,138343.3331,0.1,0,0.2,0,0.2,0,0.2,0,0.07,1,1,0,0.07,1,0.8,0,0.2,0
124727,68056.38348,0.07,1,0.9,0,0.1,0,0.07,1,0.07,1,0.3,0,0.07,1,1.2,0,0.3,0
124733,140160.2882,0.1,0,0.5,0,0.3,0,0.2,0,0.07,1,0.8,0,0.07,1,2,0,0.6,0
124735,207869.4473,0.2,0,3.3,0,0.3,0,0.5,0,0.1,0,1.5,0,0.07,1,7.3,0,3,0
124742,86907.18353,0.3,0,3.3,0,0.1,0,0.7,0,0.3,0,2.1,0,0.2,0,6,0,2,0
124743,80710.12361,0.07,1,1.6,0,0.07,1,1.6,0,0.07,1,1.9,0,0.07,1,2.5,0,2.7,0
124744,42081.3148,0.1,0,1.5,0,0.4,0,0.3,0,0.07,1,2.3,0,0.07,1,6.6,0,3.3,0
124754,16002.15487,0.1,0,0.6,0,0.1,0,0.4,0,0.07,1,1.8,0,0.07,1,1.5,0,0.5,0
124757,34227.15949,0.5,0,1.6,0,0.07,1,0.8,0,0.8,0,2.5,0,0.07,1,7.5,0,1.7,0
124758,0,,,,,,,,,,,,,,,,,,
124768,35085.63834,0.2,0,0.9,0,0.07,1,0.07,1,0.1,0,1.1,0,0.07,1,1.7,0,0.3,0
124773,49752.34284,0.2,0,1,0,0.1,0,0.1,0,0.1,0,0.4,0,0.07,1,2.4,0,0.4,0
124774,54648.18826,0.07,1,0.4,0,0.07,1,0.3,0,0.07,1,0.6,0,0.07,1,1.3,0,0.6,0
124777,29282.07614,0.7,0,1.2,0,0.07,1,1.2,0,0.8,0,1.8,0,0.07,1,10.7,0,2.2,0
124778,40520.84625,0.3,0,0.9,0,0.1,0,0.8,0,0.3,0,2.1,0,0.07,1,1.9,0,1.3,0
124779,73865.56106,0.07,1,0.3,0,0.07,1,0.07,1,0.07,1,0.5,0,0.07,1,0.4,0,0.2,0
124781,88701.09224,0.2,0,0.8,0,0.07,1,0.5,0,0.2,0,1,0,0.07,1,2.7,0,0.8,0
124783,0,,,,,,,,,,,,,,,,,,
124788,10726.41471,0.2,0,2.1,0,0.07,1,0.5,0,0.1,0,1.5,0,0.07,1,3,0,1.1,0
124792,0,,,,,,,,,,,,,,,,,,
124793,179311.7951,0.2,0,1.2,0,0.07,1,0.5,0,0.2,0,1.5,0,0.07,1,2.2,0,1.1,0
124796,17301.41849,0.1,0,1.3,0,0.07,1,0.3,0,0.07,1,1.9,0,0.07,1,2.5,0,1.3,0
124803,81950.41328,0.07,1,1.3,0,0.1,0,0.1,0,0.07,1,0.7,0,0.07,1,1.7,0,0.7,0
124805,0,,,,,,,,,,,,,,,,,,
124815,88681.14534,0.3,0,2.3,0,0.4,0,0.4,0,0.3,0,1.4,0,0.07,1,21.7,0,3.6,0
124817,26477.33381,0.3,0,0.5,0,0.07,1,0.6,0,0.2,0,0.8,0,0.07,1,2.6,0,0.8,0
124818,69195.24151,0.2,0,1.2,0,0.3,0,0.5,0,0.2,0,1.3,0,0.07,1,4.4,0,1.7,0